trial_id,Reward_Mean_Env,Reward_Std_Env,Length_Mean_Env,Length_Std_Env,loss/actor,loss/critic1,loss/critic2,loss/alpha,alpha,model_path,timestamp,checkpoint_dir_name,done,training_iteration,date,time_this_iter_s,time_total_s,pid,hostname,node_ip,time_since_restore,iterations_since_restore,experiment_tag,hparams/act_shape,hparams/action_shape,hparams/actor_lr,hparams/algo_name,hparams/alpha_lr,hparams/alpha,hparams/critic_lr,hparams/device,hparams/discount,hparams/dynamics_hidden_dims,hparams/dynamics_path,hparams/dynamics_save_path,hparams/dynamics_weight_decay,hparams/exp_name,hparams/hidden_dims,hparams/horizon,hparams/learnable_alpha,hparams/logvar_loss_coef,hparams/max_action,hparams/max_epochs_since_update,hparams/max_epoch,hparams/model_retain_epochs,hparams/normalize_obs,hparams/obs_shape,hparams/penalty_coef,hparams/policy_batch_size,hparams/policy_scaler,hparams/real_data_ratio,hparams/rollout_batch_size,hparams/rollout_freq,hparams/seed,hparams/soft_target_tau,hparams/steps_per_epoch,hparams/target_entropy,hparams/task_data_type,hparams/task_train_num,hparams/task,hparams/trainsition_clip,hparams/transition_batch_size,hparams/transition_init_num,hparams/transition_lr,hparams/transition_max_epochs,hparams/transition_scaler,hparams/transition_select_num,hparams/uncertainty_mode,hparams/val_ratio,config/horizon,config/penalty_coef,config/uncertainty_mode,config/seed,hparams/grid_tune/horizon,hparams/grid_tune/penalty_coef,hparams/grid_tune/uncertainty_mode,hparams/kwargs/algo_name,hparams/kwargs/dynamics_path,hparams/kwargs/exp_name,hparams/kwargs/seed,hparams/kwargs/task,config/kwargs/exp_name,config/kwargs/algo_name,config/kwargs/task,config/kwargs/dynamics_path,config/kwargs/seed,hparams/params_tune/buffer_size/type,hparams/params_tune/buffer_size/value,hparams/params_tune/horzion/type,hparams/params_tune/horzion/value,hparams/params_tune/lam/type,hparams/params_tune/lam/value,hparams/params_tune/learnable_alpha/type,hparams/params_tune/learnable_alpha/value,hparams/params_tune/real_data_ratio/type,hparams/params_tune/real_data_ratio/value
8641a_00000,-1008.9902875790596,722.3119782362185,1000.0,0.0,54.2493896484375,5.308357238769531,5.289936065673828,-3.5947422981262207,9.707395292934962e-06,/home/ubuntu/yi/offlinerl/OfflineRL/offlinerl_tmp/.aim/models/3b59af7827b649eea5f77c99/policy.pt,1713305739,,True,1,2024-04-17_06-15-39,28485.775453090668,28485.775453090668,3580829,common-ts1resyc,10.244.12.190,28485.775453090668,1,"0_horizon=1,penalty_coef=0.5000,seed=7,uncertainty_mode=aleatoric",,[1],0.0001,mopo,0.0001,0.2,0.0003,cuda,0.99,"[200, 200, 200, 200]",/home/ubuntu/yi/offlinerl/OfflineRL/offlinerl_tmp/.aim/dynamics_model/e716a18f71204bee90768b07/dynamics_model.pt,,"[2.5e-05, 5e-05, 7.5e-05, 7.5e-05, 0.0001]",Pipeline-mopo,"[256, 256]",1,True,0.01,,5,3000,5,False,[52],0.5,256,False,0.05,50000.0,1000,7,0.005,1000,,low,99,Pipeline,False,256,7,0.001,,True,5,aleatoric,0.2,1,0.5,aleatoric,7,"[1, 5]","[0.5, 1, 2, 5]","['aleatoric', 'disagreement']",mopo,/home/ubuntu/yi/offlinerl/OfflineRL/offlinerl_tmp/.aim/dynamics_model/e716a18f71204bee90768b07/dynamics_model.pt,Pipeline-mopo,7,Pipeline,Pipeline-mopo,mopo,Pipeline,/home/ubuntu/yi/offlinerl/OfflineRL/offlinerl_tmp/.aim/dynamics_model/e716a18f71204bee90768b07/dynamics_model.pt,7,discrete,"[1000000.0, 2000000.0]",discrete,"[1, 2, 5]",continuous,"[0.1, 10]",discrete,"[True, False]",discrete,"[0.05, 0.1, 0.2]"
8641a_00001,-1380.6398186912536,455.878733607335,1000.0,0.0,77.86771392822266,6.173709869384766,6.166270732879639,-0.31028038263320923,0.0047707147896289825,/home/ubuntu/yi/offlinerl/OfflineRL/offlinerl_tmp/.aim/models/cff22cb88518430dac3bbe96/policy.pt,1713313726,,True,1,2024-04-17_08-28-46,36472.64594435692,36472.64594435692,3580830,common-ts1resyc,10.244.12.190,36472.64594435692,1,"1_horizon=5,penalty_coef=0.5000,seed=7,uncertainty_mode=aleatoric",,[1],0.0001,mopo,0.0001,0.2,0.0003,cuda,0.99,"[200, 200, 200, 200]",/home/ubuntu/yi/offlinerl/OfflineRL/offlinerl_tmp/.aim/dynamics_model/e716a18f71204bee90768b07/dynamics_model.pt,,"[2.5e-05, 5e-05, 7.5e-05, 7.5e-05, 0.0001]",Pipeline-mopo,"[256, 256]",5,True,0.01,,5,3000,5,False,[52],0.5,256,False,0.05,50000.0,1000,7,0.005,1000,,low,99,Pipeline,False,256,7,0.001,,True,5,aleatoric,0.2,5,0.5,aleatoric,7,"[1, 5]","[0.5, 1, 2, 5]","['aleatoric', 'disagreement']",mopo,/home/ubuntu/yi/offlinerl/OfflineRL/offlinerl_tmp/.aim/dynamics_model/e716a18f71204bee90768b07/dynamics_model.pt,Pipeline-mopo,7,Pipeline,Pipeline-mopo,mopo,Pipeline,/home/ubuntu/yi/offlinerl/OfflineRL/offlinerl_tmp/.aim/dynamics_model/e716a18f71204bee90768b07/dynamics_model.pt,7,discrete,"[1000000.0, 2000000.0]",discrete,"[1, 2, 5]",continuous,"[0.1, 10]",discrete,"[True, False]",discrete,"[0.05, 0.1, 0.2]"
8641a_00002,-1796.2534550403357,584.0180585120304,1000.0,0.0,195.7048797607422,26.052490234375,26.614503860473633,-9.128302574157715,9.317864169133827e-06,/home/ubuntu/yi/offlinerl/OfflineRL/offlinerl_tmp/.aim/models/6a3958d8a0734ac3abaf10cc/policy.pt,1713306732,,True,1,2024-04-17_06-32-12,29478.812532663345,29478.812532663345,3580914,common-ts1resyc,10.244.12.190,29478.812532663345,1,"2_horizon=1,penalty_coef=1,seed=7,uncertainty_mode=aleatoric",,[1],0.0001,mopo,0.0001,0.2,0.0003,cuda,0.99,"[200, 200, 200, 200]",/home/ubuntu/yi/offlinerl/OfflineRL/offlinerl_tmp/.aim/dynamics_model/e716a18f71204bee90768b07/dynamics_model.pt,,"[2.5e-05, 5e-05, 7.5e-05, 7.5e-05, 0.0001]",Pipeline-mopo,"[256, 256]",1,True,0.01,,5,3000,5,False,[52],1.0,256,False,0.05,50000.0,1000,7,0.005,1000,,low,99,Pipeline,False,256,7,0.001,,True,5,aleatoric,0.2,1,1.0,aleatoric,7,"[1, 5]","[0.5, 1, 2, 5]","['aleatoric', 'disagreement']",mopo,/home/ubuntu/yi/offlinerl/OfflineRL/offlinerl_tmp/.aim/dynamics_model/e716a18f71204bee90768b07/dynamics_model.pt,Pipeline-mopo,7,Pipeline,Pipeline-mopo,mopo,Pipeline,/home/ubuntu/yi/offlinerl/OfflineRL/offlinerl_tmp/.aim/dynamics_model/e716a18f71204bee90768b07/dynamics_model.pt,7,discrete,"[1000000.0, 2000000.0]",discrete,"[1, 2, 5]",continuous,"[0.1, 10]",discrete,"[True, False]",discrete,"[0.05, 0.1, 0.2]"
8641a_00003,-688.1505560779572,414.72601666715724,1000.0,0.0,213.15782165527344,15.51530647277832,15.709697723388672,-0.0816519558429718,0.007646217010915279,/home/ubuntu/yi/offlinerl/OfflineRL/offlinerl_tmp/.aim/models/070a3e580bf645e8afbe001b/policy.pt,1713312841,,True,1,2024-04-17_08-14-01,35587.76272249222,35587.76272249222,3580928,common-ts1resyc,10.244.12.190,35587.76272249222,1,"3_horizon=5,penalty_coef=1,seed=7,uncertainty_mode=aleatoric",,[1],0.0001,mopo,0.0001,0.2,0.0003,cuda,0.99,"[200, 200, 200, 200]",/home/ubuntu/yi/offlinerl/OfflineRL/offlinerl_tmp/.aim/dynamics_model/e716a18f71204bee90768b07/dynamics_model.pt,,"[2.5e-05, 5e-05, 7.5e-05, 7.5e-05, 0.0001]",Pipeline-mopo,"[256, 256]",5,True,0.01,,5,3000,5,False,[52],1.0,256,False,0.05,50000.0,1000,7,0.005,1000,,low,99,Pipeline,False,256,7,0.001,,True,5,aleatoric,0.2,5,1.0,aleatoric,7,"[1, 5]","[0.5, 1, 2, 5]","['aleatoric', 'disagreement']",mopo,/home/ubuntu/yi/offlinerl/OfflineRL/offlinerl_tmp/.aim/dynamics_model/e716a18f71204bee90768b07/dynamics_model.pt,Pipeline-mopo,7,Pipeline,Pipeline-mopo,mopo,Pipeline,/home/ubuntu/yi/offlinerl/OfflineRL/offlinerl_tmp/.aim/dynamics_model/e716a18f71204bee90768b07/dynamics_model.pt,7,discrete,"[1000000.0, 2000000.0]",discrete,"[1, 2, 5]",continuous,"[0.1, 10]",discrete,"[True, False]",discrete,"[0.05, 0.1, 0.2]"
8641a_00004,-62.691992740392685,422.26050940800843,1000.0,0.0,452.1003723144531,37.35753631591797,36.208011627197266,-1.4479918479919434,4.757391070597805e-05,/home/ubuntu/yi/offlinerl/OfflineRL/offlinerl_tmp/.aim/models/5ece2f276e9e45bb931137ea/policy.pt,1713306799,,True,1,2024-04-17_06-33-19,29546.0583691597,29546.0583691597,3580929,common-ts1resyc,10.244.12.190,29546.0583691597,1,"4_horizon=1,penalty_coef=2,seed=7,uncertainty_mode=aleatoric",,[1],0.0001,mopo,0.0001,0.2,0.0003,cuda,0.99,"[200, 200, 200, 200]",/home/ubuntu/yi/offlinerl/OfflineRL/offlinerl_tmp/.aim/dynamics_model/e716a18f71204bee90768b07/dynamics_model.pt,,"[2.5e-05, 5e-05, 7.5e-05, 7.5e-05, 0.0001]",Pipeline-mopo,"[256, 256]",1,True,0.01,,5,3000,5,False,[52],2.0,256,False,0.05,50000.0,1000,7,0.005,1000,,low,99,Pipeline,False,256,7,0.001,,True,5,aleatoric,0.2,1,2.0,aleatoric,7,"[1, 5]","[0.5, 1, 2, 5]","['aleatoric', 'disagreement']",mopo,/home/ubuntu/yi/offlinerl/OfflineRL/offlinerl_tmp/.aim/dynamics_model/e716a18f71204bee90768b07/dynamics_model.pt,Pipeline-mopo,7,Pipeline,Pipeline-mopo,mopo,Pipeline,/home/ubuntu/yi/offlinerl/OfflineRL/offlinerl_tmp/.aim/dynamics_model/e716a18f71204bee90768b07/dynamics_model.pt,7,discrete,"[1000000.0, 2000000.0]",discrete,"[1, 2, 5]",continuous,"[0.1, 10]",discrete,"[True, False]",discrete,"[0.05, 0.1, 0.2]"
8641a_00005,106.30013446211815,371.2733697524328,1000.0,0.0,513.3812255859375,14.458534240722656,14.20440673828125,0.06708822399377823,0.23622861504554749,/home/ubuntu/yi/offlinerl/OfflineRL/offlinerl_tmp/.aim/models/fd0c6b9555c440a9b16ed652/policy.pt,1713312505,,True,1,2024-04-17_08-08-25,35251.580169439316,35251.580169439316,3580930,common-ts1resyc,10.244.12.190,35251.580169439316,1,"5_horizon=5,penalty_coef=2,seed=7,uncertainty_mode=aleatoric",,[1],0.0001,mopo,0.0001,0.2,0.0003,cuda,0.99,"[200, 200, 200, 200]",/home/ubuntu/yi/offlinerl/OfflineRL/offlinerl_tmp/.aim/dynamics_model/e716a18f71204bee90768b07/dynamics_model.pt,,"[2.5e-05, 5e-05, 7.5e-05, 7.5e-05, 0.0001]",Pipeline-mopo,"[256, 256]",5,True,0.01,,5,3000,5,False,[52],2.0,256,False,0.05,50000.0,1000,7,0.005,1000,,low,99,Pipeline,False,256,7,0.001,,True,5,aleatoric,0.2,5,2.0,aleatoric,7,"[1, 5]","[0.5, 1, 2, 5]","['aleatoric', 'disagreement']",mopo,/home/ubuntu/yi/offlinerl/OfflineRL/offlinerl_tmp/.aim/dynamics_model/e716a18f71204bee90768b07/dynamics_model.pt,Pipeline-mopo,7,Pipeline,Pipeline-mopo,mopo,Pipeline,/home/ubuntu/yi/offlinerl/OfflineRL/offlinerl_tmp/.aim/dynamics_model/e716a18f71204bee90768b07/dynamics_model.pt,7,discrete,"[1000000.0, 2000000.0]",discrete,"[1, 2, 5]",continuous,"[0.1, 10]",discrete,"[True, False]",discrete,"[0.05, 0.1, 0.2]"
8641a_00006,395.14205715465545,382.35265717762456,1000.0,0.0,1543.530029296875,391.2465515136719,368.6229553222656,0.022480735555291176,0.4526102840900421,/home/ubuntu/yi/offlinerl/OfflineRL/offlinerl_tmp/.aim/models/8f866390bc874cef8b6b7cef/policy.pt,1713334658,,True,1,2024-04-17_14-17-38,28914.522185087204,28914.522185087204,3641963,common-ts1resyc,10.244.12.190,28914.522185087204,1,"6_horizon=1,penalty_coef=5,seed=7,uncertainty_mode=aleatoric",,[1],0.0001,mopo,0.0001,0.2,0.0003,cuda,0.99,"[200, 200, 200, 200]",/home/ubuntu/yi/offlinerl/OfflineRL/offlinerl_tmp/.aim/dynamics_model/e716a18f71204bee90768b07/dynamics_model.pt,,"[2.5e-05, 5e-05, 7.5e-05, 7.5e-05, 0.0001]",Pipeline-mopo,"[256, 256]",1,True,0.01,,5,3000,5,False,[52],5.0,256,False,0.05,50000.0,1000,7,0.005,1000,,low,99,Pipeline,False,256,7,0.001,,True,5,aleatoric,0.2,1,5.0,aleatoric,7,"[1, 5]","[0.5, 1, 2, 5]","['aleatoric', 'disagreement']",mopo,/home/ubuntu/yi/offlinerl/OfflineRL/offlinerl_tmp/.aim/dynamics_model/e716a18f71204bee90768b07/dynamics_model.pt,Pipeline-mopo,7,Pipeline,Pipeline-mopo,mopo,Pipeline,/home/ubuntu/yi/offlinerl/OfflineRL/offlinerl_tmp/.aim/dynamics_model/e716a18f71204bee90768b07/dynamics_model.pt,7,discrete,"[1000000.0, 2000000.0]",discrete,"[1, 2, 5]",continuous,"[0.1, 10]",discrete,"[True, False]",discrete,"[0.05, 0.1, 0.2]"
8641a_00007,-170.9774587467909,713.064371802179,1000.0,0.0,1360.5194091796875,35.22819900512695,27.917251586914062,0.011665496975183487,0.8526061177253723,/home/ubuntu/yi/offlinerl/OfflineRL/offlinerl_tmp/.aim/models/12a8a3ba530a4415bd9fc768/policy.pt,1713342207,,True,1,2024-04-17_16-23-27,35470.871594667435,35470.871594667435,3647208,common-ts1resyc,10.244.12.190,35470.871594667435,1,"7_horizon=5,penalty_coef=5,seed=7,uncertainty_mode=aleatoric",,[1],0.0001,mopo,0.0001,0.2,0.0003,cuda,0.99,"[200, 200, 200, 200]",/home/ubuntu/yi/offlinerl/OfflineRL/offlinerl_tmp/.aim/dynamics_model/e716a18f71204bee90768b07/dynamics_model.pt,,"[2.5e-05, 5e-05, 7.5e-05, 7.5e-05, 0.0001]",Pipeline-mopo,"[256, 256]",5,True,0.01,,5,3000,5,False,[52],5.0,256,False,0.05,50000.0,1000,7,0.005,1000,,low,99,Pipeline,False,256,7,0.001,,True,5,aleatoric,0.2,5,5.0,aleatoric,7,"[1, 5]","[0.5, 1, 2, 5]","['aleatoric', 'disagreement']",mopo,/home/ubuntu/yi/offlinerl/OfflineRL/offlinerl_tmp/.aim/dynamics_model/e716a18f71204bee90768b07/dynamics_model.pt,Pipeline-mopo,7,Pipeline,Pipeline-mopo,mopo,Pipeline,/home/ubuntu/yi/offlinerl/OfflineRL/offlinerl_tmp/.aim/dynamics_model/e716a18f71204bee90768b07/dynamics_model.pt,7,discrete,"[1000000.0, 2000000.0]",discrete,"[1, 2, 5]",continuous,"[0.1, 10]",discrete,"[True, False]",discrete,"[0.05, 0.1, 0.2]"
8641a_00008,-1128.0476068447829,450.65798519343616,1000.0,0.0,65.771240234375,1.6112868785858154,1.6775556802749634,-3.488239049911499,1.7431817468605004e-05,/home/ubuntu/yi/offlinerl/OfflineRL/offlinerl_tmp/.aim/models/3f695f56ecb8462c84396514/policy.pt,1713335498,,True,1,2024-04-17_14-31-38,28694.19374537468,28694.19374537468,3647859,common-ts1resyc,10.244.12.190,28694.19374537468,1,"8_horizon=1,penalty_coef=0.5000,seed=42,uncertainty_mode=aleatoric",,[1],0.0001,mopo,0.0001,0.2,0.0003,cuda,0.99,"[200, 200, 200, 200]",/home/ubuntu/yi/offlinerl/OfflineRL/offlinerl_tmp/.aim/dynamics_model/e716a18f71204bee90768b07/dynamics_model.pt,,"[2.5e-05, 5e-05, 7.5e-05, 7.5e-05, 0.0001]",Pipeline-mopo,"[256, 256]",1,True,0.01,,5,3000,5,False,[52],0.5,256,False,0.05,50000.0,1000,42,0.005,1000,,low,99,Pipeline,False,256,7,0.001,,True,5,aleatoric,0.2,1,0.5,aleatoric,42,"[1, 5]","[0.5, 1, 2, 5]","['aleatoric', 'disagreement']",mopo,/home/ubuntu/yi/offlinerl/OfflineRL/offlinerl_tmp/.aim/dynamics_model/e716a18f71204bee90768b07/dynamics_model.pt,Pipeline-mopo,42,Pipeline,Pipeline-mopo,mopo,Pipeline,/home/ubuntu/yi/offlinerl/OfflineRL/offlinerl_tmp/.aim/dynamics_model/e716a18f71204bee90768b07/dynamics_model.pt,42,discrete,"[1000000.0, 2000000.0]",discrete,"[1, 2, 5]",continuous,"[0.1, 10]",discrete,"[True, False]",discrete,"[0.05, 0.1, 0.2]"
8641a_00009,-1067.3271133460998,548.3521393593642,1000.0,0.0,87.9654312133789,11.002793312072754,10.864452362060547,0.6298941373825073,6.45555483060889e-05,/home/ubuntu/yi/offlinerl/OfflineRL/offlinerl_tmp/.aim/models/88051032a8b14e678d320b63/policy.pt,1713348531,,True,1,2024-04-17_18-08-51,36022.34033203125,36022.34033203125,3676832,common-ts1resyc,10.244.12.190,36022.34033203125,1,"9_horizon=5,penalty_coef=0.5000,seed=42,uncertainty_mode=aleatoric",,[1],0.0001,mopo,0.0001,0.2,0.0003,cuda,0.99,"[200, 200, 200, 200]",/home/ubuntu/yi/offlinerl/OfflineRL/offlinerl_tmp/.aim/dynamics_model/e716a18f71204bee90768b07/dynamics_model.pt,,"[2.5e-05, 5e-05, 7.5e-05, 7.5e-05, 0.0001]",Pipeline-mopo,"[256, 256]",5,True,0.01,,5,3000,5,False,[52],0.5,256,False,0.05,50000.0,1000,42,0.005,1000,,low,99,Pipeline,False,256,7,0.001,,True,5,aleatoric,0.2,5,0.5,aleatoric,42,"[1, 5]","[0.5, 1, 2, 5]","['aleatoric', 'disagreement']",mopo,/home/ubuntu/yi/offlinerl/OfflineRL/offlinerl_tmp/.aim/dynamics_model/e716a18f71204bee90768b07/dynamics_model.pt,Pipeline-mopo,42,Pipeline,Pipeline-mopo,mopo,Pipeline,/home/ubuntu/yi/offlinerl/OfflineRL/offlinerl_tmp/.aim/dynamics_model/e716a18f71204bee90768b07/dynamics_model.pt,42,discrete,"[1000000.0, 2000000.0]",discrete,"[1, 2, 5]",continuous,"[0.1, 10]",discrete,"[True, False]",discrete,"[0.05, 0.1, 0.2]"
8641a_00010,-653.1616785873175,428.00757137090125,1000.0,0.0,200.52304077148438,7.514435291290283,7.6537275314331055,-13.719644546508789,7.711391845077742e-06,/home/ubuntu/yi/offlinerl/OfflineRL/offlinerl_tmp/.aim/models/91e0778c351045f8beb6d9fb/policy.pt,1713341834,,True,1,2024-04-17_16-17-14,28988.882315158844,28988.882315158844,3678824,common-ts1resyc,10.244.12.190,28988.882315158844,1,"10_horizon=1,penalty_coef=1,seed=42,uncertainty_mode=aleatoric",,[1],0.0001,mopo,0.0001,0.2,0.0003,cuda,0.99,"[200, 200, 200, 200]",/home/ubuntu/yi/offlinerl/OfflineRL/offlinerl_tmp/.aim/dynamics_model/e716a18f71204bee90768b07/dynamics_model.pt,,"[2.5e-05, 5e-05, 7.5e-05, 7.5e-05, 0.0001]",Pipeline-mopo,"[256, 256]",1,True,0.01,,5,3000,5,False,[52],1.0,256,False,0.05,50000.0,1000,42,0.005,1000,,low,99,Pipeline,False,256,7,0.001,,True,5,aleatoric,0.2,1,1.0,aleatoric,42,"[1, 5]","[0.5, 1, 2, 5]","['aleatoric', 'disagreement']",mopo,/home/ubuntu/yi/offlinerl/OfflineRL/offlinerl_tmp/.aim/dynamics_model/e716a18f71204bee90768b07/dynamics_model.pt,Pipeline-mopo,42,Pipeline,Pipeline-mopo,mopo,Pipeline,/home/ubuntu/yi/offlinerl/OfflineRL/offlinerl_tmp/.aim/dynamics_model/e716a18f71204bee90768b07/dynamics_model.pt,42,discrete,"[1000000.0, 2000000.0]",discrete,"[1, 2, 5]",continuous,"[0.1, 10]",discrete,"[True, False]",discrete,"[0.05, 0.1, 0.2]"
8641a_00011,-1561.1700520061254,435.59420914113997,1000.0,0.0,217.9142303466797,14.510544776916504,13.9603271484375,-1.2847009897232056,5.357664849725552e-05,/home/ubuntu/yi/offlinerl/OfflineRL/offlinerl_tmp/.aim/models/9db0b9a6f95e4bf9bb1df66f/policy.pt,1713349073,,True,1,2024-04-17_18-17-53,35342.700461149216,35342.700461149216,3683502,common-ts1resyc,10.244.12.190,35342.700461149216,1,"11_horizon=5,penalty_coef=1,seed=42,uncertainty_mode=aleatoric",,[1],0.0001,mopo,0.0001,0.2,0.0003,cuda,0.99,"[200, 200, 200, 200]",/home/ubuntu/yi/offlinerl/OfflineRL/offlinerl_tmp/.aim/dynamics_model/e716a18f71204bee90768b07/dynamics_model.pt,,"[2.5e-05, 5e-05, 7.5e-05, 7.5e-05, 0.0001]",Pipeline-mopo,"[256, 256]",5,True,0.01,,5,3000,5,False,[52],1.0,256,False,0.05,50000.0,1000,42,0.005,1000,,low,99,Pipeline,False,256,7,0.001,,True,5,aleatoric,0.2,5,1.0,aleatoric,42,"[1, 5]","[0.5, 1, 2, 5]","['aleatoric', 'disagreement']",mopo,/home/ubuntu/yi/offlinerl/OfflineRL/offlinerl_tmp/.aim/dynamics_model/e716a18f71204bee90768b07/dynamics_model.pt,Pipeline-mopo,42,Pipeline,Pipeline-mopo,mopo,Pipeline,/home/ubuntu/yi/offlinerl/OfflineRL/offlinerl_tmp/.aim/dynamics_model/e716a18f71204bee90768b07/dynamics_model.pt,42,discrete,"[1000000.0, 2000000.0]",discrete,"[1, 2, 5]",continuous,"[0.1, 10]",discrete,"[True, False]",discrete,"[0.05, 0.1, 0.2]"
8641a_00012,-1843.058191374302,496.19839595365397,1000.0,0.0,454.8970031738281,13.975589752197266,13.954490661621094,0.166778564453125,0.002273855498060584,/home/ubuntu/yi/offlinerl/OfflineRL/offlinerl_tmp/.aim/models/7bcb6b3c5da54257a81cc932/policy.pt,1713364391,,True,1,2024-04-17_22-33-11,29728.380489110947,29728.380489110947,3789273,common-ts1resyc,10.244.12.190,29728.380489110947,1,"12_horizon=1,penalty_coef=2,seed=42,uncertainty_mode=aleatoric",,[1],0.0001,mopo,0.0001,0.2,0.0003,cuda,0.99,"[200, 200, 200, 200]",/home/ubuntu/yi/offlinerl/OfflineRL/offlinerl_tmp/.aim/dynamics_model/e716a18f71204bee90768b07/dynamics_model.pt,,"[2.5e-05, 5e-05, 7.5e-05, 7.5e-05, 0.0001]",Pipeline-mopo,"[256, 256]",1,True,0.01,,5,3000,5,False,[52],2.0,256,False,0.05,50000.0,1000,42,0.005,1000,,low,99,Pipeline,False,256,7,0.001,,True,5,aleatoric,0.2,1,2.0,aleatoric,42,"[1, 5]","[0.5, 1, 2, 5]","['aleatoric', 'disagreement']",mopo,/home/ubuntu/yi/offlinerl/OfflineRL/offlinerl_tmp/.aim/dynamics_model/e716a18f71204bee90768b07/dynamics_model.pt,Pipeline-mopo,42,Pipeline,Pipeline-mopo,mopo,Pipeline,/home/ubuntu/yi/offlinerl/OfflineRL/offlinerl_tmp/.aim/dynamics_model/e716a18f71204bee90768b07/dynamics_model.pt,42,discrete,"[1000000.0, 2000000.0]",discrete,"[1, 2, 5]",continuous,"[0.1, 10]",discrete,"[True, False]",discrete,"[0.05, 0.1, 0.2]"
8641a_00013,465.2689004689455,181.07340088350313,1000.0,0.0,553.3427124023438,19.953330993652344,20.364835739135742,-0.012712405063211918,0.30358317494392395,/home/ubuntu/yi/offlinerl/OfflineRL/offlinerl_tmp/.aim/models/4cfab15d4a6a4705a87be77e/policy.pt,1713370199,,True,1,2024-04-18_00-09-59,34697.13172531128,34697.13172531128,3793621,common-ts1resyc,10.244.12.190,34697.13172531128,1,"13_horizon=5,penalty_coef=2,seed=42,uncertainty_mode=aleatoric",,[1],0.0001,mopo,0.0001,0.2,0.0003,cuda,0.99,"[200, 200, 200, 200]",/home/ubuntu/yi/offlinerl/OfflineRL/offlinerl_tmp/.aim/dynamics_model/e716a18f71204bee90768b07/dynamics_model.pt,,"[2.5e-05, 5e-05, 7.5e-05, 7.5e-05, 0.0001]",Pipeline-mopo,"[256, 256]",5,True,0.01,,5,3000,5,False,[52],2.0,256,False,0.05,50000.0,1000,42,0.005,1000,,low,99,Pipeline,False,256,7,0.001,,True,5,aleatoric,0.2,5,2.0,aleatoric,42,"[1, 5]","[0.5, 1, 2, 5]","['aleatoric', 'disagreement']",mopo,/home/ubuntu/yi/offlinerl/OfflineRL/offlinerl_tmp/.aim/dynamics_model/e716a18f71204bee90768b07/dynamics_model.pt,Pipeline-mopo,42,Pipeline,Pipeline-mopo,mopo,Pipeline,/home/ubuntu/yi/offlinerl/OfflineRL/offlinerl_tmp/.aim/dynamics_model/e716a18f71204bee90768b07/dynamics_model.pt,42,discrete,"[1000000.0, 2000000.0]",discrete,"[1, 2, 5]",continuous,"[0.1, 10]",discrete,"[True, False]",discrete,"[0.05, 0.1, 0.2]"
8641a_00014,-360.0445391689539,347.59974098259835,1000.0,0.0,1339.98095703125,100.21372985839844,72.06935119628906,0.08188209682703018,0.15166717767715454,/home/ubuntu/yi/offlinerl/OfflineRL/offlinerl_tmp/.aim/models/1fc59cea52144aef896b83dc/policy.pt,1713371683,,True,1,2024-04-18_00-34-43,29845.120394468307,29845.120394468307,3824858,common-ts1resyc,10.244.12.190,29845.120394468307,1,"14_horizon=1,penalty_coef=5,seed=42,uncertainty_mode=aleatoric",,[1],0.0001,mopo,0.0001,0.2,0.0003,cuda,0.99,"[200, 200, 200, 200]",/home/ubuntu/yi/offlinerl/OfflineRL/offlinerl_tmp/.aim/dynamics_model/e716a18f71204bee90768b07/dynamics_model.pt,,"[2.5e-05, 5e-05, 7.5e-05, 7.5e-05, 0.0001]",Pipeline-mopo,"[256, 256]",1,True,0.01,,5,3000,5,False,[52],5.0,256,False,0.05,50000.0,1000,42,0.005,1000,,low,99,Pipeline,False,256,7,0.001,,True,5,aleatoric,0.2,1,5.0,aleatoric,42,"[1, 5]","[0.5, 1, 2, 5]","['aleatoric', 'disagreement']",mopo,/home/ubuntu/yi/offlinerl/OfflineRL/offlinerl_tmp/.aim/dynamics_model/e716a18f71204bee90768b07/dynamics_model.pt,Pipeline-mopo,42,Pipeline,Pipeline-mopo,mopo,Pipeline,/home/ubuntu/yi/offlinerl/OfflineRL/offlinerl_tmp/.aim/dynamics_model/e716a18f71204bee90768b07/dynamics_model.pt,42,discrete,"[1000000.0, 2000000.0]",discrete,"[1, 2, 5]",continuous,"[0.1, 10]",discrete,"[True, False]",discrete,"[0.05, 0.1, 0.2]"
8641a_00015,477.68300276649,249.97990670993804,1000.0,0.0,1323.278564453125,24.179752349853516,42.18299102783203,0.005961582064628601,0.41353920102119446,/home/ubuntu/yi/offlinerl/OfflineRL/offlinerl_tmp/.aim/models/a98365ca729e4675aa690573/policy.pt,1713376862,,True,1,2024-04-18_02-01-02,34650.48407483101,34650.48407483101,3826975,common-ts1resyc,10.244.12.190,34650.48407483101,1,"15_horizon=5,penalty_coef=5,seed=42,uncertainty_mode=aleatoric",,[1],0.0001,mopo,0.0001,0.2,0.0003,cuda,0.99,"[200, 200, 200, 200]",/home/ubuntu/yi/offlinerl/OfflineRL/offlinerl_tmp/.aim/dynamics_model/e716a18f71204bee90768b07/dynamics_model.pt,,"[2.5e-05, 5e-05, 7.5e-05, 7.5e-05, 0.0001]",Pipeline-mopo,"[256, 256]",5,True,0.01,,5,3000,5,False,[52],5.0,256,False,0.05,50000.0,1000,42,0.005,1000,,low,99,Pipeline,False,256,7,0.001,,True,5,aleatoric,0.2,5,5.0,aleatoric,42,"[1, 5]","[0.5, 1, 2, 5]","['aleatoric', 'disagreement']",mopo,/home/ubuntu/yi/offlinerl/OfflineRL/offlinerl_tmp/.aim/dynamics_model/e716a18f71204bee90768b07/dynamics_model.pt,Pipeline-mopo,42,Pipeline,Pipeline-mopo,mopo,Pipeline,/home/ubuntu/yi/offlinerl/OfflineRL/offlinerl_tmp/.aim/dynamics_model/e716a18f71204bee90768b07/dynamics_model.pt,42,discrete,"[1000000.0, 2000000.0]",discrete,"[1, 2, 5]",continuous,"[0.1, 10]",discrete,"[True, False]",discrete,"[0.05, 0.1, 0.2]"
8641a_00016,-251.28794833421708,324.3387309406963,1000.0,0.0,96.16943359375,12.136236190795898,12.032228469848633,-9.37272834777832,1.5234666534524877e-05,/home/ubuntu/yi/offlinerl/OfflineRL/offlinerl_tmp/.aim/models/adfa2b5fd7b3486da0a48e8d/policy.pt,1713378395,,True,1,2024-04-18_02-26-35,29859.938574790955,29859.938574790955,3858630,common-ts1resyc,10.244.12.190,29859.938574790955,1,"16_horizon=1,penalty_coef=0.5000,seed=210,uncertainty_mode=aleatoric",,[1],0.0001,mopo,0.0001,0.2,0.0003,cuda,0.99,"[200, 200, 200, 200]",/home/ubuntu/yi/offlinerl/OfflineRL/offlinerl_tmp/.aim/dynamics_model/e716a18f71204bee90768b07/dynamics_model.pt,,"[2.5e-05, 5e-05, 7.5e-05, 7.5e-05, 0.0001]",Pipeline-mopo,"[256, 256]",1,True,0.01,,5,3000,5,False,[52],0.5,256,False,0.05,50000.0,1000,210,0.005,1000,,low,99,Pipeline,False,256,7,0.001,,True,5,aleatoric,0.2,1,0.5,aleatoric,210,"[1, 5]","[0.5, 1, 2, 5]","['aleatoric', 'disagreement']",mopo,/home/ubuntu/yi/offlinerl/OfflineRL/offlinerl_tmp/.aim/dynamics_model/e716a18f71204bee90768b07/dynamics_model.pt,Pipeline-mopo,210,Pipeline,Pipeline-mopo,mopo,Pipeline,/home/ubuntu/yi/offlinerl/OfflineRL/offlinerl_tmp/.aim/dynamics_model/e716a18f71204bee90768b07/dynamics_model.pt,210,discrete,"[1000000.0, 2000000.0]",discrete,"[1, 2, 5]",continuous,"[0.1, 10]",discrete,"[True, False]",discrete,"[0.05, 0.1, 0.2]"
8641a_00017,-1676.6438661921025,435.65634945750514,1000.0,0.0,79.67610931396484,13.487967491149902,13.476308822631836,-1.1172659397125244,0.00021637603640556335,/home/ubuntu/yi/offlinerl/OfflineRL/offlinerl_tmp/.aim/models/e8ce8417f35d4c4d844bc184/policy.pt,1713383927,,True,1,2024-04-18_03-58-47,34849.78671884537,34849.78671884537,3861472,common-ts1resyc,10.244.12.190,34849.78671884537,1,"17_horizon=5,penalty_coef=0.5000,seed=210,uncertainty_mode=aleatoric",,[1],0.0001,mopo,0.0001,0.2,0.0003,cuda,0.99,"[200, 200, 200, 200]",/home/ubuntu/yi/offlinerl/OfflineRL/offlinerl_tmp/.aim/dynamics_model/e716a18f71204bee90768b07/dynamics_model.pt,,"[2.5e-05, 5e-05, 7.5e-05, 7.5e-05, 0.0001]",Pipeline-mopo,"[256, 256]",5,True,0.01,,5,3000,5,False,[52],0.5,256,False,0.05,50000.0,1000,210,0.005,1000,,low,99,Pipeline,False,256,7,0.001,,True,5,aleatoric,0.2,5,0.5,aleatoric,210,"[1, 5]","[0.5, 1, 2, 5]","['aleatoric', 'disagreement']",mopo,/home/ubuntu/yi/offlinerl/OfflineRL/offlinerl_tmp/.aim/dynamics_model/e716a18f71204bee90768b07/dynamics_model.pt,Pipeline-mopo,210,Pipeline,Pipeline-mopo,mopo,Pipeline,/home/ubuntu/yi/offlinerl/OfflineRL/offlinerl_tmp/.aim/dynamics_model/e716a18f71204bee90768b07/dynamics_model.pt,210,discrete,"[1000000.0, 2000000.0]",discrete,"[1, 2, 5]",continuous,"[0.1, 10]",discrete,"[True, False]",discrete,"[0.05, 0.1, 0.2]"
8641a_00018,-1024.2248183481693,424.64330652167234,1000.0,0.0,195.06207275390625,5.711084365844727,5.6059794425964355,-10.574285507202148,2.6911064196610823e-05,/home/ubuntu/yi/offlinerl/OfflineRL/offlinerl_tmp/.aim/models/35d76217acbd4048a47757b9/policy.pt,1713394200,,True,1,2024-04-18_06-50-00,29805.24550509453,29805.24550509453,3939122,common-ts1resyc,10.244.12.190,29805.24550509453,1,"18_horizon=1,penalty_coef=1,seed=210,uncertainty_mode=aleatoric",,[1],0.0001,mopo,0.0001,0.2,0.0003,cuda,0.99,"[200, 200, 200, 200]",/home/ubuntu/yi/offlinerl/OfflineRL/offlinerl_tmp/.aim/dynamics_model/e716a18f71204bee90768b07/dynamics_model.pt,,"[2.5e-05, 5e-05, 7.5e-05, 7.5e-05, 0.0001]",Pipeline-mopo,"[256, 256]",1,True,0.01,,5,3000,5,False,[52],1.0,256,False,0.05,50000.0,1000,210,0.005,1000,,low,99,Pipeline,False,256,7,0.001,,True,5,aleatoric,0.2,1,1.0,aleatoric,210,"[1, 5]","[0.5, 1, 2, 5]","['aleatoric', 'disagreement']",mopo,/home/ubuntu/yi/offlinerl/OfflineRL/offlinerl_tmp/.aim/dynamics_model/e716a18f71204bee90768b07/dynamics_model.pt,Pipeline-mopo,210,Pipeline,Pipeline-mopo,mopo,Pipeline,/home/ubuntu/yi/offlinerl/OfflineRL/offlinerl_tmp/.aim/dynamics_model/e716a18f71204bee90768b07/dynamics_model.pt,210,discrete,"[1000000.0, 2000000.0]",discrete,"[1, 2, 5]",continuous,"[0.1, 10]",discrete,"[True, False]",discrete,"[0.05, 0.1, 0.2]"
8641a_00019,-1110.293971330285,536.6491299384357,1000.0,0.0,211.05226135253906,12.770513534545898,12.489834785461426,-5.090716361999512,5.2191321628924925e-06,/home/ubuntu/yi/offlinerl/OfflineRL/offlinerl_tmp/.aim/models/740b818bb866403fbef6ac8c/policy.pt,1713404826,,True,1,2024-04-18_09-47-06,34621.77923965454,34621.77923965454,3969002,common-ts1resyc,10.244.12.190,34621.77923965454,1,"19_horizon=5,penalty_coef=1,seed=210,uncertainty_mode=aleatoric",,[1],0.0001,mopo,0.0001,0.2,0.0003,cuda,0.99,"[200, 200, 200, 200]",/home/ubuntu/yi/offlinerl/OfflineRL/offlinerl_tmp/.aim/dynamics_model/e716a18f71204bee90768b07/dynamics_model.pt,,"[2.5e-05, 5e-05, 7.5e-05, 7.5e-05, 0.0001]",Pipeline-mopo,"[256, 256]",5,True,0.01,,5,3000,5,False,[52],1.0,256,False,0.05,50000.0,1000,210,0.005,1000,,low,99,Pipeline,False,256,7,0.001,,True,5,aleatoric,0.2,5,1.0,aleatoric,210,"[1, 5]","[0.5, 1, 2, 5]","['aleatoric', 'disagreement']",mopo,/home/ubuntu/yi/offlinerl/OfflineRL/offlinerl_tmp/.aim/dynamics_model/e716a18f71204bee90768b07/dynamics_model.pt,Pipeline-mopo,210,Pipeline,Pipeline-mopo,mopo,Pipeline,/home/ubuntu/yi/offlinerl/OfflineRL/offlinerl_tmp/.aim/dynamics_model/e716a18f71204bee90768b07/dynamics_model.pt,210,discrete,"[1000000.0, 2000000.0]",discrete,"[1, 2, 5]",continuous,"[0.1, 10]",discrete,"[True, False]",discrete,"[0.05, 0.1, 0.2]"
8641a_00020,-805.4326720359326,530.5309846315826,1000.0,0.0,454.1856384277344,11.41572093963623,11.561258316040039,-6.265350818634033,1.4455109521804843e-05,/home/ubuntu/yi/offlinerl/OfflineRL/offlinerl_tmp/.aim/models/62e69b18af9a4a14b7c16f26/policy.pt,1713401490,,True,1,2024-04-18_08-51-30,29803.988409280777,29803.988409280777,3976964,common-ts1resyc,10.244.12.190,29803.988409280777,1,"20_horizon=1,penalty_coef=2,seed=210,uncertainty_mode=aleatoric",,[1],0.0001,mopo,0.0001,0.2,0.0003,cuda,0.99,"[200, 200, 200, 200]",/home/ubuntu/yi/offlinerl/OfflineRL/offlinerl_tmp/.aim/dynamics_model/e716a18f71204bee90768b07/dynamics_model.pt,,"[2.5e-05, 5e-05, 7.5e-05, 7.5e-05, 0.0001]",Pipeline-mopo,"[256, 256]",1,True,0.01,,5,3000,5,False,[52],2.0,256,False,0.05,50000.0,1000,210,0.005,1000,,low,99,Pipeline,False,256,7,0.001,,True,5,aleatoric,0.2,1,2.0,aleatoric,210,"[1, 5]","[0.5, 1, 2, 5]","['aleatoric', 'disagreement']",mopo,/home/ubuntu/yi/offlinerl/OfflineRL/offlinerl_tmp/.aim/dynamics_model/e716a18f71204bee90768b07/dynamics_model.pt,Pipeline-mopo,210,Pipeline,Pipeline-mopo,mopo,Pipeline,/home/ubuntu/yi/offlinerl/OfflineRL/offlinerl_tmp/.aim/dynamics_model/e716a18f71204bee90768b07/dynamics_model.pt,210,discrete,"[1000000.0, 2000000.0]",discrete,"[1, 2, 5]",continuous,"[0.1, 10]",discrete,"[True, False]",discrete,"[0.05, 0.1, 0.2]"
8641a_00021,-1633.5579951279162,447.28896830731145,1000.0,0.0,503.8026123046875,14.794404983520508,15.456690788269043,0.1399291753768921,0.28451892733573914,/home/ubuntu/yi/offlinerl/OfflineRL/offlinerl_tmp/.aim/models/51f7bc2723f14b23b35507eb/policy.pt,1713411685,,True,1,2024-04-18_11-41-25,34818.554121255875,34818.554121255875,4004332,common-ts1resyc,10.244.12.190,34818.554121255875,1,"21_horizon=5,penalty_coef=2,seed=210,uncertainty_mode=aleatoric",,[1],0.0001,mopo,0.0001,0.2,0.0003,cuda,0.99,"[200, 200, 200, 200]",/home/ubuntu/yi/offlinerl/OfflineRL/offlinerl_tmp/.aim/dynamics_model/e716a18f71204bee90768b07/dynamics_model.pt,,"[2.5e-05, 5e-05, 7.5e-05, 7.5e-05, 0.0001]",Pipeline-mopo,"[256, 256]",5,True,0.01,,5,3000,5,False,[52],2.0,256,False,0.05,50000.0,1000,210,0.005,1000,,low,99,Pipeline,False,256,7,0.001,,True,5,aleatoric,0.2,5,2.0,aleatoric,210,"[1, 5]","[0.5, 1, 2, 5]","['aleatoric', 'disagreement']",mopo,/home/ubuntu/yi/offlinerl/OfflineRL/offlinerl_tmp/.aim/dynamics_model/e716a18f71204bee90768b07/dynamics_model.pt,Pipeline-mopo,210,Pipeline,Pipeline-mopo,mopo,Pipeline,/home/ubuntu/yi/offlinerl/OfflineRL/offlinerl_tmp/.aim/dynamics_model/e716a18f71204bee90768b07/dynamics_model.pt,210,discrete,"[1000000.0, 2000000.0]",discrete,"[1, 2, 5]",continuous,"[0.1, 10]",discrete,"[True, False]",discrete,"[0.05, 0.1, 0.2]"
8641a_00022,36.79885539138317,257.69827057371674,1000.0,0.0,1241.6483154296875,109.3369369506836,109.5579833984375,-0.09889784455299377,0.29128751158714294,/home/ubuntu/yi/offlinerl/OfflineRL/offlinerl_tmp/.aim/models/3b5ebf30da934c0fac226440/policy.pt,1713408236,,True,1,2024-04-18_10-43-56,29836.704635858536,29836.704635858536,4012603,common-ts1resyc,10.244.12.190,29836.704635858536,1,"22_horizon=1,penalty_coef=5,seed=210,uncertainty_mode=aleatoric",,[1],0.0001,mopo,0.0001,0.2,0.0003,cuda,0.99,"[200, 200, 200, 200]",/home/ubuntu/yi/offlinerl/OfflineRL/offlinerl_tmp/.aim/dynamics_model/e716a18f71204bee90768b07/dynamics_model.pt,,"[2.5e-05, 5e-05, 7.5e-05, 7.5e-05, 0.0001]",Pipeline-mopo,"[256, 256]",1,True,0.01,,5,3000,5,False,[52],5.0,256,False,0.05,50000.0,1000,210,0.005,1000,,low,99,Pipeline,False,256,7,0.001,,True,5,aleatoric,0.2,1,5.0,aleatoric,210,"[1, 5]","[0.5, 1, 2, 5]","['aleatoric', 'disagreement']",mopo,/home/ubuntu/yi/offlinerl/OfflineRL/offlinerl_tmp/.aim/dynamics_model/e716a18f71204bee90768b07/dynamics_model.pt,Pipeline-mopo,210,Pipeline,Pipeline-mopo,mopo,Pipeline,/home/ubuntu/yi/offlinerl/OfflineRL/offlinerl_tmp/.aim/dynamics_model/e716a18f71204bee90768b07/dynamics_model.pt,210,discrete,"[1000000.0, 2000000.0]",discrete,"[1, 2, 5]",continuous,"[0.1, 10]",discrete,"[True, False]",discrete,"[0.05, 0.1, 0.2]"
8641a_00023,411.6044832355976,203.39650342129025,1000.0,0.0,1542.89794921875,130.07904052734375,216.00453186035156,-170.33750915527344,1.0,/home/ubuntu/yi/offlinerl/OfflineRL/offlinerl_tmp/.aim/models/a8bb6db789a742e890da2da5/policy.pt,1713419215,,True,1,2024-04-18_13-46-55,35284.7916302681,35284.7916302681,4041643,common-ts1resyc,10.244.12.190,35284.7916302681,1,"23_horizon=5,penalty_coef=5,seed=210,uncertainty_mode=aleatoric",,[1],0.0001,mopo,0.0001,0.2,0.0003,cuda,0.99,"[200, 200, 200, 200]",/home/ubuntu/yi/offlinerl/OfflineRL/offlinerl_tmp/.aim/dynamics_model/e716a18f71204bee90768b07/dynamics_model.pt,,"[2.5e-05, 5e-05, 7.5e-05, 7.5e-05, 0.0001]",Pipeline-mopo,"[256, 256]",5,True,0.01,,5,3000,5,False,[52],5.0,256,False,0.05,50000.0,1000,210,0.005,1000,,low,99,Pipeline,False,256,7,0.001,,True,5,aleatoric,0.2,5,5.0,aleatoric,210,"[1, 5]","[0.5, 1, 2, 5]","['aleatoric', 'disagreement']",mopo,/home/ubuntu/yi/offlinerl/OfflineRL/offlinerl_tmp/.aim/dynamics_model/e716a18f71204bee90768b07/dynamics_model.pt,Pipeline-mopo,210,Pipeline,Pipeline-mopo,mopo,Pipeline,/home/ubuntu/yi/offlinerl/OfflineRL/offlinerl_tmp/.aim/dynamics_model/e716a18f71204bee90768b07/dynamics_model.pt,210,discrete,"[1000000.0, 2000000.0]",discrete,"[1, 2, 5]",continuous,"[0.1, 10]",discrete,"[True, False]",discrete,"[0.05, 0.1, 0.2]"
8641a_00024,-2008.0303929911852,454.7071298507827,1000.0,0.0,-66.27916717529297,10.378240585327148,10.04969596862793,0.29766422510147095,0.028511855751276016,/home/ubuntu/yi/offlinerl/OfflineRL/offlinerl_tmp/.aim/models/9c75885c19924e07817bcde1/policy.pt,1713423183,,True,1,2024-04-18_14-53-03,28979.394108772278,28979.394108772278,4095333,common-ts1resyc,10.244.12.190,28979.394108772278,1,"24_horizon=1,penalty_coef=0.5000,seed=7,uncertainty_mode=disagreement",,[1],0.0001,mopo,0.0001,0.2,0.0003,cuda,0.99,"[200, 200, 200, 200]",/home/ubuntu/yi/offlinerl/OfflineRL/offlinerl_tmp/.aim/dynamics_model/e716a18f71204bee90768b07/dynamics_model.pt,,"[2.5e-05, 5e-05, 7.5e-05, 7.5e-05, 0.0001]",Pipeline-mopo,"[256, 256]",1,True,0.01,,5,3000,5,False,[52],0.5,256,False,0.05,50000.0,1000,7,0.005,1000,,low,99,Pipeline,False,256,7,0.001,,True,5,disagreement,0.2,1,0.5,disagreement,7,"[1, 5]","[0.5, 1, 2, 5]","['aleatoric', 'disagreement']",mopo,/home/ubuntu/yi/offlinerl/OfflineRL/offlinerl_tmp/.aim/dynamics_model/e716a18f71204bee90768b07/dynamics_model.pt,Pipeline-mopo,7,Pipeline,Pipeline-mopo,mopo,Pipeline,/home/ubuntu/yi/offlinerl/OfflineRL/offlinerl_tmp/.aim/dynamics_model/e716a18f71204bee90768b07/dynamics_model.pt,7,discrete,"[1000000.0, 2000000.0]",discrete,"[1, 2, 5]",continuous,"[0.1, 10]",discrete,"[True, False]",discrete,"[0.05, 0.1, 0.2]"
8641a_00025,-834.0426589080096,446.8229512555924,1000.0,0.0,-45.6341667175293,13.744735717773438,13.681827545166016,0.11940940469503403,0.021815530955791473,/home/ubuntu/yi/offlinerl/OfflineRL/offlinerl_tmp/.aim/models/35eb530dcf674b2e8e35ed21/policy.pt,1713436627,,True,1,2024-04-18_18-37-07,35132.68293738365,35132.68293738365,4133859,common-ts1resyc,10.244.12.190,35132.68293738365,1,"25_horizon=5,penalty_coef=0.5000,seed=7,uncertainty_mode=disagreement",,[1],0.0001,mopo,0.0001,0.2,0.0003,cuda,0.99,"[200, 200, 200, 200]",/home/ubuntu/yi/offlinerl/OfflineRL/offlinerl_tmp/.aim/dynamics_model/e716a18f71204bee90768b07/dynamics_model.pt,,"[2.5e-05, 5e-05, 7.5e-05, 7.5e-05, 0.0001]",Pipeline-mopo,"[256, 256]",5,True,0.01,,5,3000,5,False,[52],0.5,256,False,0.05,50000.0,1000,7,0.005,1000,,low,99,Pipeline,False,256,7,0.001,,True,5,disagreement,0.2,5,0.5,disagreement,7,"[1, 5]","[0.5, 1, 2, 5]","['aleatoric', 'disagreement']",mopo,/home/ubuntu/yi/offlinerl/OfflineRL/offlinerl_tmp/.aim/dynamics_model/e716a18f71204bee90768b07/dynamics_model.pt,Pipeline-mopo,7,Pipeline,Pipeline-mopo,mopo,Pipeline,/home/ubuntu/yi/offlinerl/OfflineRL/offlinerl_tmp/.aim/dynamics_model/e716a18f71204bee90768b07/dynamics_model.pt,7,discrete,"[1000000.0, 2000000.0]",discrete,"[1, 2, 5]",continuous,"[0.1, 10]",discrete,"[True, False]",discrete,"[0.05, 0.1, 0.2]"
8641a_00026,-1240.7016847885848,459.8466489795982,1000.0,0.0,-66.27916717529297,10.378240585327148,10.04969596862793,0.29766422510147095,0.028511855751276016,/home/ubuntu/yi/offlinerl/OfflineRL/offlinerl_tmp/.aim/models/0666e39885054c65b3ee314d/policy.pt,1713434050,,True,1,2024-04-18_17-54-10,29220.355417728424,29220.355417728424,4151206,common-ts1resyc,10.244.12.190,29220.355417728424,1,"26_horizon=1,penalty_coef=1,seed=7,uncertainty_mode=disagreement",,[1],0.0001,mopo,0.0001,0.2,0.0003,cuda,0.99,"[200, 200, 200, 200]",/home/ubuntu/yi/offlinerl/OfflineRL/offlinerl_tmp/.aim/dynamics_model/e716a18f71204bee90768b07/dynamics_model.pt,,"[2.5e-05, 5e-05, 7.5e-05, 7.5e-05, 0.0001]",Pipeline-mopo,"[256, 256]",1,True,0.01,,5,3000,5,False,[52],1.0,256,False,0.05,50000.0,1000,7,0.005,1000,,low,99,Pipeline,False,256,7,0.001,,True,5,disagreement,0.2,1,1.0,disagreement,7,"[1, 5]","[0.5, 1, 2, 5]","['aleatoric', 'disagreement']",mopo,/home/ubuntu/yi/offlinerl/OfflineRL/offlinerl_tmp/.aim/dynamics_model/e716a18f71204bee90768b07/dynamics_model.pt,Pipeline-mopo,7,Pipeline,Pipeline-mopo,mopo,Pipeline,/home/ubuntu/yi/offlinerl/OfflineRL/offlinerl_tmp/.aim/dynamics_model/e716a18f71204bee90768b07/dynamics_model.pt,7,discrete,"[1000000.0, 2000000.0]",discrete,"[1, 2, 5]",continuous,"[0.1, 10]",discrete,"[True, False]",discrete,"[0.05, 0.1, 0.2]"
8641a_00027,-833.9909771835804,446.9715018911905,1000.0,0.0,-45.6341667175293,13.744735717773438,13.681827545166016,0.11940940469503403,0.021815530955791473,/home/ubuntu/yi/offlinerl/OfflineRL/offlinerl_tmp/.aim/models/b2f76a874fbc42019be28fe5/policy.pt,1713443554,,True,1,2024-04-18_20-32-34,35313.697081804276,35313.697081804276,4169065,common-ts1resyc,10.244.12.190,35313.697081804276,1,"27_horizon=5,penalty_coef=1,seed=7,uncertainty_mode=disagreement",,[1],0.0001,mopo,0.0001,0.2,0.0003,cuda,0.99,"[200, 200, 200, 200]",/home/ubuntu/yi/offlinerl/OfflineRL/offlinerl_tmp/.aim/dynamics_model/e716a18f71204bee90768b07/dynamics_model.pt,,"[2.5e-05, 5e-05, 7.5e-05, 7.5e-05, 0.0001]",Pipeline-mopo,"[256, 256]",5,True,0.01,,5,3000,5,False,[52],1.0,256,False,0.05,50000.0,1000,7,0.005,1000,,low,99,Pipeline,False,256,7,0.001,,True,5,disagreement,0.2,5,1.0,disagreement,7,"[1, 5]","[0.5, 1, 2, 5]","['aleatoric', 'disagreement']",mopo,/home/ubuntu/yi/offlinerl/OfflineRL/offlinerl_tmp/.aim/dynamics_model/e716a18f71204bee90768b07/dynamics_model.pt,Pipeline-mopo,7,Pipeline,Pipeline-mopo,mopo,Pipeline,/home/ubuntu/yi/offlinerl/OfflineRL/offlinerl_tmp/.aim/dynamics_model/e716a18f71204bee90768b07/dynamics_model.pt,7,discrete,"[1000000.0, 2000000.0]",discrete,"[1, 2, 5]",continuous,"[0.1, 10]",discrete,"[True, False]",discrete,"[0.05, 0.1, 0.2]"
8641a_00028,-1226.2738379672767,475.653219025438,1000.0,0.0,-66.27916717529297,10.378240585327148,10.04969596862793,0.29766422510147095,0.028511855751276016,/home/ubuntu/yi/offlinerl/OfflineRL/offlinerl_tmp/.aim/models/9fa8b006c8a14a03bcafe239/policy.pt,1713440841,,True,1,2024-04-18_19-47-21,29152.73826932907,29152.73826932907,4187275,common-ts1resyc,10.244.12.190,29152.73826932907,1,"28_horizon=1,penalty_coef=2,seed=7,uncertainty_mode=disagreement",,[1],0.0001,mopo,0.0001,0.2,0.0003,cuda,0.99,"[200, 200, 200, 200]",/home/ubuntu/yi/offlinerl/OfflineRL/offlinerl_tmp/.aim/dynamics_model/e716a18f71204bee90768b07/dynamics_model.pt,,"[2.5e-05, 5e-05, 7.5e-05, 7.5e-05, 0.0001]",Pipeline-mopo,"[256, 256]",1,True,0.01,,5,3000,5,False,[52],2.0,256,False,0.05,50000.0,1000,7,0.005,1000,,low,99,Pipeline,False,256,7,0.001,,True,5,disagreement,0.2,1,2.0,disagreement,7,"[1, 5]","[0.5, 1, 2, 5]","['aleatoric', 'disagreement']",mopo,/home/ubuntu/yi/offlinerl/OfflineRL/offlinerl_tmp/.aim/dynamics_model/e716a18f71204bee90768b07/dynamics_model.pt,Pipeline-mopo,7,Pipeline,Pipeline-mopo,mopo,Pipeline,/home/ubuntu/yi/offlinerl/OfflineRL/offlinerl_tmp/.aim/dynamics_model/e716a18f71204bee90768b07/dynamics_model.pt,7,discrete,"[1000000.0, 2000000.0]",discrete,"[1, 2, 5]",continuous,"[0.1, 10]",discrete,"[True, False]",discrete,"[0.05, 0.1, 0.2]"
8641a_00029,-1726.4563837754727,555.2725348440176,1000.0,0.0,-45.6341667175293,13.744735717773438,13.681827545166016,0.11940940469503403,0.021815530955791473,/home/ubuntu/yi/offlinerl/OfflineRL/offlinerl_tmp/.aim/models/17a04904d1614c10a4e1c69a/policy.pt,1713454334,,True,1,2024-04-18_23-32-14,35114.6406750679,35114.6406750679,32966,common-ts1resyc,10.244.12.190,35114.6406750679,1,"29_horizon=5,penalty_coef=2,seed=7,uncertainty_mode=disagreement",,[1],0.0001,mopo,0.0001,0.2,0.0003,cuda,0.99,"[200, 200, 200, 200]",/home/ubuntu/yi/offlinerl/OfflineRL/offlinerl_tmp/.aim/dynamics_model/e716a18f71204bee90768b07/dynamics_model.pt,,"[2.5e-05, 5e-05, 7.5e-05, 7.5e-05, 0.0001]",Pipeline-mopo,"[256, 256]",5,True,0.01,,5,3000,5,False,[52],2.0,256,False,0.05,50000.0,1000,7,0.005,1000,,low,99,Pipeline,False,256,7,0.001,,True,5,disagreement,0.2,5,2.0,disagreement,7,"[1, 5]","[0.5, 1, 2, 5]","['aleatoric', 'disagreement']",mopo,/home/ubuntu/yi/offlinerl/OfflineRL/offlinerl_tmp/.aim/dynamics_model/e716a18f71204bee90768b07/dynamics_model.pt,Pipeline-mopo,7,Pipeline,Pipeline-mopo,mopo,Pipeline,/home/ubuntu/yi/offlinerl/OfflineRL/offlinerl_tmp/.aim/dynamics_model/e716a18f71204bee90768b07/dynamics_model.pt,7,discrete,"[1000000.0, 2000000.0]",discrete,"[1, 2, 5]",continuous,"[0.1, 10]",discrete,"[True, False]",discrete,"[0.05, 0.1, 0.2]"
8641a_00030,-1405.9159106471539,538.3845964600321,1000.0,0.0,-66.27916717529297,10.378240585327148,10.04969596862793,0.29766422510147095,0.028511855751276016,/home/ubuntu/yi/offlinerl/OfflineRL/offlinerl_tmp/.aim/models/266bf77f4d55460dbf38fe7f/policy.pt,1713452240,,True,1,2024-04-18_22-57-20,29052.589692115784,29052.589692115784,54012,common-ts1resyc,10.244.12.190,29052.589692115784,1,"30_horizon=1,penalty_coef=5,seed=7,uncertainty_mode=disagreement",,[1],0.0001,mopo,0.0001,0.2,0.0003,cuda,0.99,"[200, 200, 200, 200]",/home/ubuntu/yi/offlinerl/OfflineRL/offlinerl_tmp/.aim/dynamics_model/e716a18f71204bee90768b07/dynamics_model.pt,,"[2.5e-05, 5e-05, 7.5e-05, 7.5e-05, 0.0001]",Pipeline-mopo,"[256, 256]",1,True,0.01,,5,3000,5,False,[52],5.0,256,False,0.05,50000.0,1000,7,0.005,1000,,low,99,Pipeline,False,256,7,0.001,,True,5,disagreement,0.2,1,5.0,disagreement,7,"[1, 5]","[0.5, 1, 2, 5]","['aleatoric', 'disagreement']",mopo,/home/ubuntu/yi/offlinerl/OfflineRL/offlinerl_tmp/.aim/dynamics_model/e716a18f71204bee90768b07/dynamics_model.pt,Pipeline-mopo,7,Pipeline,Pipeline-mopo,mopo,Pipeline,/home/ubuntu/yi/offlinerl/OfflineRL/offlinerl_tmp/.aim/dynamics_model/e716a18f71204bee90768b07/dynamics_model.pt,7,discrete,"[1000000.0, 2000000.0]",discrete,"[1, 2, 5]",continuous,"[0.1, 10]",discrete,"[True, False]",discrete,"[0.05, 0.1, 0.2]"
8641a_00031,-1739.7449165467024,547.2366820236306,1000.0,0.0,-45.6341667175293,13.744735717773438,13.681827545166016,0.11940940469503403,0.021815530955791473,/home/ubuntu/yi/offlinerl/OfflineRL/offlinerl_tmp/.aim/models/43b459a286a44be387769c49/policy.pt,1713468823,,True,1,2024-04-19_03-33-43,34768.86124300957,34768.86124300957,110291,common-ts1resyc,10.244.12.190,34768.86124300957,1,"31_horizon=5,penalty_coef=5,seed=7,uncertainty_mode=disagreement",,[1],0.0001,mopo,0.0001,0.2,0.0003,cuda,0.99,"[200, 200, 200, 200]",/home/ubuntu/yi/offlinerl/OfflineRL/offlinerl_tmp/.aim/dynamics_model/e716a18f71204bee90768b07/dynamics_model.pt,,"[2.5e-05, 5e-05, 7.5e-05, 7.5e-05, 0.0001]",Pipeline-mopo,"[256, 256]",5,True,0.01,,5,3000,5,False,[52],5.0,256,False,0.05,50000.0,1000,7,0.005,1000,,low,99,Pipeline,False,256,7,0.001,,True,5,disagreement,0.2,5,5.0,disagreement,7,"[1, 5]","[0.5, 1, 2, 5]","['aleatoric', 'disagreement']",mopo,/home/ubuntu/yi/offlinerl/OfflineRL/offlinerl_tmp/.aim/dynamics_model/e716a18f71204bee90768b07/dynamics_model.pt,Pipeline-mopo,7,Pipeline,Pipeline-mopo,mopo,Pipeline,/home/ubuntu/yi/offlinerl/OfflineRL/offlinerl_tmp/.aim/dynamics_model/e716a18f71204bee90768b07/dynamics_model.pt,7,discrete,"[1000000.0, 2000000.0]",discrete,"[1, 2, 5]",continuous,"[0.1, 10]",discrete,"[True, False]",discrete,"[0.05, 0.1, 0.2]"
8641a_00032,-1067.4945111552477,619.7575597700701,1000.0,0.0,-60.58202362060547,5.269941329956055,5.251848220825195,0.1463644653558731,0.013655747286975384,/home/ubuntu/yi/offlinerl/OfflineRL/offlinerl_tmp/.aim/models/2642c1ff54e24ec2b6a314c3/policy.pt,1713466029,,True,1,2024-04-19_02-47-09,29398.332105875015,29398.332105875015,123903,common-ts1resyc,10.244.12.190,29398.332105875015,1,"32_horizon=1,penalty_coef=0.5000,seed=42,uncertainty_mode=disagreement",,[1],0.0001,mopo,0.0001,0.2,0.0003,cuda,0.99,"[200, 200, 200, 200]",/home/ubuntu/yi/offlinerl/OfflineRL/offlinerl_tmp/.aim/dynamics_model/e716a18f71204bee90768b07/dynamics_model.pt,,"[2.5e-05, 5e-05, 7.5e-05, 7.5e-05, 0.0001]",Pipeline-mopo,"[256, 256]",1,True,0.01,,5,3000,5,False,[52],0.5,256,False,0.05,50000.0,1000,42,0.005,1000,,low,99,Pipeline,False,256,7,0.001,,True,5,disagreement,0.2,1,0.5,disagreement,42,"[1, 5]","[0.5, 1, 2, 5]","['aleatoric', 'disagreement']",mopo,/home/ubuntu/yi/offlinerl/OfflineRL/offlinerl_tmp/.aim/dynamics_model/e716a18f71204bee90768b07/dynamics_model.pt,Pipeline-mopo,42,Pipeline,Pipeline-mopo,mopo,Pipeline,/home/ubuntu/yi/offlinerl/OfflineRL/offlinerl_tmp/.aim/dynamics_model/e716a18f71204bee90768b07/dynamics_model.pt,42,discrete,"[1000000.0, 2000000.0]",discrete,"[1, 2, 5]",continuous,"[0.1, 10]",discrete,"[True, False]",discrete,"[0.05, 0.1, 0.2]"
8641a_00033,-819.4293833916188,467.7013468398147,1000.0,0.0,-53.91664123535156,8.888392448425293,8.783422470092773,0.2760191261768341,0.012910704128444195,/home/ubuntu/yi/offlinerl/OfflineRL/offlinerl_tmp/.aim/models/19d31d0a55914a43856a05b1/policy.pt,1713475792,,True,1,2024-04-19_05-29-52,34946.57346177101,34946.57346177101,146004,common-ts1resyc,10.244.12.190,34946.57346177101,1,"33_horizon=5,penalty_coef=0.5000,seed=42,uncertainty_mode=disagreement",,[1],0.0001,mopo,0.0001,0.2,0.0003,cuda,0.99,"[200, 200, 200, 200]",/home/ubuntu/yi/offlinerl/OfflineRL/offlinerl_tmp/.aim/dynamics_model/e716a18f71204bee90768b07/dynamics_model.pt,,"[2.5e-05, 5e-05, 7.5e-05, 7.5e-05, 0.0001]",Pipeline-mopo,"[256, 256]",5,True,0.01,,5,3000,5,False,[52],0.5,256,False,0.05,50000.0,1000,42,0.005,1000,,low,99,Pipeline,False,256,7,0.001,,True,5,disagreement,0.2,5,0.5,disagreement,42,"[1, 5]","[0.5, 1, 2, 5]","['aleatoric', 'disagreement']",mopo,/home/ubuntu/yi/offlinerl/OfflineRL/offlinerl_tmp/.aim/dynamics_model/e716a18f71204bee90768b07/dynamics_model.pt,Pipeline-mopo,42,Pipeline,Pipeline-mopo,mopo,Pipeline,/home/ubuntu/yi/offlinerl/OfflineRL/offlinerl_tmp/.aim/dynamics_model/e716a18f71204bee90768b07/dynamics_model.pt,42,discrete,"[1000000.0, 2000000.0]",discrete,"[1, 2, 5]",continuous,"[0.1, 10]",discrete,"[True, False]",discrete,"[0.05, 0.1, 0.2]"
8641a_00034,-1922.8659976364374,486.2098188781805,1000.0,0.0,-60.58202362060547,5.269941329956055,5.251848220825195,0.1463644653558731,0.013655747286975384,/home/ubuntu/yi/offlinerl/OfflineRL/offlinerl_tmp/.aim/models/0d5d7fa56bcd418cb120fea2/policy.pt,1713472887,,True,1,2024-04-19_04-41-27,29328.771627664566,29328.771627664566,160530,common-ts1resyc,10.244.12.190,29328.771627664566,1,"34_horizon=1,penalty_coef=1,seed=42,uncertainty_mode=disagreement",,[1],0.0001,mopo,0.0001,0.2,0.0003,cuda,0.99,"[200, 200, 200, 200]",/home/ubuntu/yi/offlinerl/OfflineRL/offlinerl_tmp/.aim/dynamics_model/e716a18f71204bee90768b07/dynamics_model.pt,,"[2.5e-05, 5e-05, 7.5e-05, 7.5e-05, 0.0001]",Pipeline-mopo,"[256, 256]",1,True,0.01,,5,3000,5,False,[52],1.0,256,False,0.05,50000.0,1000,42,0.005,1000,,low,99,Pipeline,False,256,7,0.001,,True,5,disagreement,0.2,1,1.0,disagreement,42,"[1, 5]","[0.5, 1, 2, 5]","['aleatoric', 'disagreement']",mopo,/home/ubuntu/yi/offlinerl/OfflineRL/offlinerl_tmp/.aim/dynamics_model/e716a18f71204bee90768b07/dynamics_model.pt,Pipeline-mopo,42,Pipeline,Pipeline-mopo,mopo,Pipeline,/home/ubuntu/yi/offlinerl/OfflineRL/offlinerl_tmp/.aim/dynamics_model/e716a18f71204bee90768b07/dynamics_model.pt,42,discrete,"[1000000.0, 2000000.0]",discrete,"[1, 2, 5]",continuous,"[0.1, 10]",discrete,"[True, False]",discrete,"[0.05, 0.1, 0.2]"
8641a_00035,-810.7098859021663,473.85093855690974,1000.0,0.0,-53.91664123535156,8.888392448425293,8.783422470092773,0.2760191261768341,0.012910704128444195,/home/ubuntu/yi/offlinerl/OfflineRL/offlinerl_tmp/.aim/models/15e3fb2082d74f98a0699315/policy.pt,1713487395,,True,1,2024-04-19_08-43-15,35150.13318967819,35150.13318967819,214026,common-ts1resyc,10.244.12.190,35150.13318967819,1,"35_horizon=5,penalty_coef=1,seed=42,uncertainty_mode=disagreement",,[1],0.0001,mopo,0.0001,0.2,0.0003,cuda,0.99,"[200, 200, 200, 200]",/home/ubuntu/yi/offlinerl/OfflineRL/offlinerl_tmp/.aim/dynamics_model/e716a18f71204bee90768b07/dynamics_model.pt,,"[2.5e-05, 5e-05, 7.5e-05, 7.5e-05, 0.0001]",Pipeline-mopo,"[256, 256]",5,True,0.01,,5,3000,5,False,[52],1.0,256,False,0.05,50000.0,1000,42,0.005,1000,,low,99,Pipeline,False,256,7,0.001,,True,5,disagreement,0.2,5,1.0,disagreement,42,"[1, 5]","[0.5, 1, 2, 5]","['aleatoric', 'disagreement']",mopo,/home/ubuntu/yi/offlinerl/OfflineRL/offlinerl_tmp/.aim/dynamics_model/e716a18f71204bee90768b07/dynamics_model.pt,Pipeline-mopo,42,Pipeline,Pipeline-mopo,mopo,Pipeline,/home/ubuntu/yi/offlinerl/OfflineRL/offlinerl_tmp/.aim/dynamics_model/e716a18f71204bee90768b07/dynamics_model.pt,42,discrete,"[1000000.0, 2000000.0]",discrete,"[1, 2, 5]",continuous,"[0.1, 10]",discrete,"[True, False]",discrete,"[0.05, 0.1, 0.2]"
8641a_00036,-1047.1948411759138,576.3050343020986,1000.0,0.0,-60.58202362060547,5.269941329956055,5.251848220825195,0.1463644653558731,0.013655747286975384,/home/ubuntu/yi/offlinerl/OfflineRL/offlinerl_tmp/.aim/models/ff6460591be94d5e996e5210/policy.pt,1713483658,,True,1,2024-04-19_07-40-58,29320.127160549164,29320.127160549164,227329,common-ts1resyc,10.244.12.190,29320.127160549164,1,"36_horizon=1,penalty_coef=2,seed=42,uncertainty_mode=disagreement",,[1],0.0001,mopo,0.0001,0.2,0.0003,cuda,0.99,"[200, 200, 200, 200]",/home/ubuntu/yi/offlinerl/OfflineRL/offlinerl_tmp/.aim/dynamics_model/e716a18f71204bee90768b07/dynamics_model.pt,,"[2.5e-05, 5e-05, 7.5e-05, 7.5e-05, 0.0001]",Pipeline-mopo,"[256, 256]",1,True,0.01,,5,3000,5,False,[52],2.0,256,False,0.05,50000.0,1000,42,0.005,1000,,low,99,Pipeline,False,256,7,0.001,,True,5,disagreement,0.2,1,2.0,disagreement,42,"[1, 5]","[0.5, 1, 2, 5]","['aleatoric', 'disagreement']",mopo,/home/ubuntu/yi/offlinerl/OfflineRL/offlinerl_tmp/.aim/dynamics_model/e716a18f71204bee90768b07/dynamics_model.pt,Pipeline-mopo,42,Pipeline,Pipeline-mopo,mopo,Pipeline,/home/ubuntu/yi/offlinerl/OfflineRL/offlinerl_tmp/.aim/dynamics_model/e716a18f71204bee90768b07/dynamics_model.pt,42,discrete,"[1000000.0, 2000000.0]",discrete,"[1, 2, 5]",continuous,"[0.1, 10]",discrete,"[True, False]",discrete,"[0.05, 0.1, 0.2]"
8641a_00037,-632.7889554508924,735.5315805046832,1000.0,0.0,-53.91664123535156,8.888392448425293,8.783422470092773,0.2760191261768341,0.012910704128444195,/home/ubuntu/yi/offlinerl/OfflineRL/offlinerl_tmp/.aim/models/0f4f4b7958df4bdcb38c36eb/policy.pt,1713500955,,True,1,2024-04-19_12-29-15,34922.541818380356,34922.541818380356,301309,common-ts1resyc,10.244.12.190,34922.541818380356,1,"37_horizon=5,penalty_coef=2,seed=42,uncertainty_mode=disagreement",,[1],0.0001,mopo,0.0001,0.2,0.0003,cuda,0.99,"[200, 200, 200, 200]",/home/ubuntu/yi/offlinerl/OfflineRL/offlinerl_tmp/.aim/dynamics_model/e716a18f71204bee90768b07/dynamics_model.pt,,"[2.5e-05, 5e-05, 7.5e-05, 7.5e-05, 0.0001]",Pipeline-mopo,"[256, 256]",5,True,0.01,,5,3000,5,False,[52],2.0,256,False,0.05,50000.0,1000,42,0.005,1000,,low,99,Pipeline,False,256,7,0.001,,True,5,disagreement,0.2,5,2.0,disagreement,42,"[1, 5]","[0.5, 1, 2, 5]","['aleatoric', 'disagreement']",mopo,/home/ubuntu/yi/offlinerl/OfflineRL/offlinerl_tmp/.aim/dynamics_model/e716a18f71204bee90768b07/dynamics_model.pt,Pipeline-mopo,42,Pipeline,Pipeline-mopo,mopo,Pipeline,/home/ubuntu/yi/offlinerl/OfflineRL/offlinerl_tmp/.aim/dynamics_model/e716a18f71204bee90768b07/dynamics_model.pt,42,discrete,"[1000000.0, 2000000.0]",discrete,"[1, 2, 5]",continuous,"[0.1, 10]",discrete,"[True, False]",discrete,"[0.05, 0.1, 0.2]"
8641a_00038,-1751.4289435563087,469.8184778897163,1000.0,0.0,-60.58202362060547,5.269941329956055,5.251848220825195,0.1463644653558731,0.013655747286975384,/home/ubuntu/yi/offlinerl/OfflineRL/offlinerl_tmp/.aim/models/083af0bd4f724ad7997eeec0/policy.pt,1713498721,,True,1,2024-04-19_11-52-01,29894.127203702927,29894.127203702927,319247,common-ts1resyc,10.244.12.190,29894.127203702927,1,"38_horizon=1,penalty_coef=5,seed=42,uncertainty_mode=disagreement",,[1],0.0001,mopo,0.0001,0.2,0.0003,cuda,0.99,"[200, 200, 200, 200]",/home/ubuntu/yi/offlinerl/OfflineRL/offlinerl_tmp/.aim/dynamics_model/e716a18f71204bee90768b07/dynamics_model.pt,,"[2.5e-05, 5e-05, 7.5e-05, 7.5e-05, 0.0001]",Pipeline-mopo,"[256, 256]",1,True,0.01,,5,3000,5,False,[52],5.0,256,False,0.05,50000.0,1000,42,0.005,1000,,low,99,Pipeline,False,256,7,0.001,,True,5,disagreement,0.2,1,5.0,disagreement,42,"[1, 5]","[0.5, 1, 2, 5]","['aleatoric', 'disagreement']",mopo,/home/ubuntu/yi/offlinerl/OfflineRL/offlinerl_tmp/.aim/dynamics_model/e716a18f71204bee90768b07/dynamics_model.pt,Pipeline-mopo,42,Pipeline,Pipeline-mopo,mopo,Pipeline,/home/ubuntu/yi/offlinerl/OfflineRL/offlinerl_tmp/.aim/dynamics_model/e716a18f71204bee90768b07/dynamics_model.pt,42,discrete,"[1000000.0, 2000000.0]",discrete,"[1, 2, 5]",continuous,"[0.1, 10]",discrete,"[True, False]",discrete,"[0.05, 0.1, 0.2]"
8641a_00039,-809.7217875212431,484.4592944022484,1000.0,0.0,-53.91664123535156,8.888392448425293,8.783422470092773,0.2760191261768341,0.012910704128444195,/home/ubuntu/yi/offlinerl/OfflineRL/offlinerl_tmp/.aim/models/8d8cf1e7c03c4f3a81eb3516/policy.pt,1713508052,,True,1,2024-04-19_14-27-32,35160.98869729042,35160.98869729042,345139,common-ts1resyc,10.244.12.190,35160.98869729042,1,"39_horizon=5,penalty_coef=5,seed=42,uncertainty_mode=disagreement",,[1],0.0001,mopo,0.0001,0.2,0.0003,cuda,0.99,"[200, 200, 200, 200]",/home/ubuntu/yi/offlinerl/OfflineRL/offlinerl_tmp/.aim/dynamics_model/e716a18f71204bee90768b07/dynamics_model.pt,,"[2.5e-05, 5e-05, 7.5e-05, 7.5e-05, 0.0001]",Pipeline-mopo,"[256, 256]",5,True,0.01,,5,3000,5,False,[52],5.0,256,False,0.05,50000.0,1000,42,0.005,1000,,low,99,Pipeline,False,256,7,0.001,,True,5,disagreement,0.2,5,5.0,disagreement,42,"[1, 5]","[0.5, 1, 2, 5]","['aleatoric', 'disagreement']",mopo,/home/ubuntu/yi/offlinerl/OfflineRL/offlinerl_tmp/.aim/dynamics_model/e716a18f71204bee90768b07/dynamics_model.pt,Pipeline-mopo,42,Pipeline,Pipeline-mopo,mopo,Pipeline,/home/ubuntu/yi/offlinerl/OfflineRL/offlinerl_tmp/.aim/dynamics_model/e716a18f71204bee90768b07/dynamics_model.pt,42,discrete,"[1000000.0, 2000000.0]",discrete,"[1, 2, 5]",continuous,"[0.1, 10]",discrete,"[True, False]",discrete,"[0.05, 0.1, 0.2]"
8641a_00040,-1280.0164347735642,308.24966130418966,1000.0,0.0,-72.1153564453125,2.1445956230163574,2.2266526222229004,-0.35822492837905884,0.02398984506726265,/home/ubuntu/yi/offlinerl/OfflineRL/offlinerl_tmp/.aim/models/1e93184a0b3f4c57a067ae83/policy.pt,1713505436,,True,1,2024-04-19_13-43-56,29639.453848600388,29639.453848600388,351907,common-ts1resyc,10.244.12.190,29639.453848600388,1,"40_horizon=1,penalty_coef=0.5000,seed=210,uncertainty_mode=disagreement",,[1],0.0001,mopo,0.0001,0.2,0.0003,cuda,0.99,"[200, 200, 200, 200]",/home/ubuntu/yi/offlinerl/OfflineRL/offlinerl_tmp/.aim/dynamics_model/e716a18f71204bee90768b07/dynamics_model.pt,,"[2.5e-05, 5e-05, 7.5e-05, 7.5e-05, 0.0001]",Pipeline-mopo,"[256, 256]",1,True,0.01,,5,3000,5,False,[52],0.5,256,False,0.05,50000.0,1000,210,0.005,1000,,low,99,Pipeline,False,256,7,0.001,,True,5,disagreement,0.2,1,0.5,disagreement,210,"[1, 5]","[0.5, 1, 2, 5]","['aleatoric', 'disagreement']",mopo,/home/ubuntu/yi/offlinerl/OfflineRL/offlinerl_tmp/.aim/dynamics_model/e716a18f71204bee90768b07/dynamics_model.pt,Pipeline-mopo,210,Pipeline,Pipeline-mopo,mopo,Pipeline,/home/ubuntu/yi/offlinerl/OfflineRL/offlinerl_tmp/.aim/dynamics_model/e716a18f71204bee90768b07/dynamics_model.pt,210,discrete,"[1000000.0, 2000000.0]",discrete,"[1, 2, 5]",continuous,"[0.1, 10]",discrete,"[True, False]",discrete,"[0.05, 0.1, 0.2]"
8641a_00041,-1762.809040198922,418.7514922257003,1000.0,0.0,-60.92094039916992,5.559038162231445,5.557861804962158,0.3253609836101532,0.02798440493643284,/home/ubuntu/yi/offlinerl/OfflineRL/offlinerl_tmp/.aim/models/cd6c22635f2141ef84d1fb6d/policy.pt,1713519036,,True,1,2024-04-19_17-30-36,35374.11875510216,35374.11875510216,356763,common-ts1resyc,10.244.12.190,35374.11875510216,1,"41_horizon=5,penalty_coef=0.5000,seed=210,uncertainty_mode=disagreement",,[1],0.0001,mopo,0.0001,0.2,0.0003,cuda,0.99,"[200, 200, 200, 200]",/home/ubuntu/yi/offlinerl/OfflineRL/offlinerl_tmp/.aim/dynamics_model/e716a18f71204bee90768b07/dynamics_model.pt,,"[2.5e-05, 5e-05, 7.5e-05, 7.5e-05, 0.0001]",Pipeline-mopo,"[256, 256]",5,True,0.01,,5,3000,5,False,[52],0.5,256,False,0.05,50000.0,1000,210,0.005,1000,,low,99,Pipeline,False,256,7,0.001,,True,5,disagreement,0.2,5,0.5,disagreement,210,"[1, 5]","[0.5, 1, 2, 5]","['aleatoric', 'disagreement']",mopo,/home/ubuntu/yi/offlinerl/OfflineRL/offlinerl_tmp/.aim/dynamics_model/e716a18f71204bee90768b07/dynamics_model.pt,Pipeline-mopo,210,Pipeline,Pipeline-mopo,mopo,Pipeline,/home/ubuntu/yi/offlinerl/OfflineRL/offlinerl_tmp/.aim/dynamics_model/e716a18f71204bee90768b07/dynamics_model.pt,210,discrete,"[1000000.0, 2000000.0]",discrete,"[1, 2, 5]",continuous,"[0.1, 10]",discrete,"[True, False]",discrete,"[0.05, 0.1, 0.2]"
8641a_00042,-1914.863154805541,448.52888921438586,1000.0,0.0,-72.1153564453125,2.1445956230163574,2.2266526222229004,-0.35822492837905884,0.02398984506726265,/home/ubuntu/yi/offlinerl/OfflineRL/offlinerl_tmp/.aim/models/164e0875234b4f63b4c723b5/policy.pt,1713516789,,True,1,2024-04-19_16-53-09,29391.14214539528,29391.14214539528,359158,common-ts1resyc,10.244.12.190,29391.14214539528,1,"42_horizon=1,penalty_coef=1,seed=210,uncertainty_mode=disagreement",,[1],0.0001,mopo,0.0001,0.2,0.0003,cuda,0.99,"[200, 200, 200, 200]",/home/ubuntu/yi/offlinerl/OfflineRL/offlinerl_tmp/.aim/dynamics_model/e716a18f71204bee90768b07/dynamics_model.pt,,"[2.5e-05, 5e-05, 7.5e-05, 7.5e-05, 0.0001]",Pipeline-mopo,"[256, 256]",1,True,0.01,,5,3000,5,False,[52],1.0,256,False,0.05,50000.0,1000,210,0.005,1000,,low,99,Pipeline,False,256,7,0.001,,True,5,disagreement,0.2,1,1.0,disagreement,210,"[1, 5]","[0.5, 1, 2, 5]","['aleatoric', 'disagreement']",mopo,/home/ubuntu/yi/offlinerl/OfflineRL/offlinerl_tmp/.aim/dynamics_model/e716a18f71204bee90768b07/dynamics_model.pt,Pipeline-mopo,210,Pipeline,Pipeline-mopo,mopo,Pipeline,/home/ubuntu/yi/offlinerl/OfflineRL/offlinerl_tmp/.aim/dynamics_model/e716a18f71204bee90768b07/dynamics_model.pt,210,discrete,"[1000000.0, 2000000.0]",discrete,"[1, 2, 5]",continuous,"[0.1, 10]",discrete,"[True, False]",discrete,"[0.05, 0.1, 0.2]"
8641a_00043,-1577.1072106398344,449.61834640571186,1000.0,0.0,-60.92094039916992,5.559038162231445,5.557861804962158,0.3253609836101532,0.02798440493643284,/home/ubuntu/yi/offlinerl/OfflineRL/offlinerl_tmp/.aim/models/dd68c32f18314f9bacef90ce/policy.pt,1713531904,,True,1,2024-04-19_21-05-04,33178.55735349655,33178.55735349655,366358,common-ts1resyc,10.244.12.190,33178.55735349655,1,"43_horizon=5,penalty_coef=1,seed=210,uncertainty_mode=disagreement",,[1],0.0001,mopo,0.0001,0.2,0.0003,cuda,0.99,"[200, 200, 200, 200]",/home/ubuntu/yi/offlinerl/OfflineRL/offlinerl_tmp/.aim/dynamics_model/e716a18f71204bee90768b07/dynamics_model.pt,,"[2.5e-05, 5e-05, 7.5e-05, 7.5e-05, 0.0001]",Pipeline-mopo,"[256, 256]",5,True,0.01,,5,3000,5,False,[52],1.0,256,False,0.05,50000.0,1000,210,0.005,1000,,low,99,Pipeline,False,256,7,0.001,,True,5,disagreement,0.2,5,1.0,disagreement,210,"[1, 5]","[0.5, 1, 2, 5]","['aleatoric', 'disagreement']",mopo,/home/ubuntu/yi/offlinerl/OfflineRL/offlinerl_tmp/.aim/dynamics_model/e716a18f71204bee90768b07/dynamics_model.pt,Pipeline-mopo,210,Pipeline,Pipeline-mopo,mopo,Pipeline,/home/ubuntu/yi/offlinerl/OfflineRL/offlinerl_tmp/.aim/dynamics_model/e716a18f71204bee90768b07/dynamics_model.pt,210,discrete,"[1000000.0, 2000000.0]",discrete,"[1, 2, 5]",continuous,"[0.1, 10]",discrete,"[True, False]",discrete,"[0.05, 0.1, 0.2]"
8641a_00044,-1778.5570583833455,404.61342836572237,1000.0,0.0,-72.1153564453125,2.1445956230163574,2.2266526222229004,-0.35822492837905884,0.02398984506726265,/home/ubuntu/yi/offlinerl/OfflineRL/offlinerl_tmp/.aim/models/7d85b314b71a479fa7ff2e99/policy.pt,1713530658,,True,1,2024-04-19_20-44-18,29698.196994781494,29698.196994781494,367807,common-ts1resyc,10.244.12.190,29698.196994781494,1,"44_horizon=1,penalty_coef=2,seed=210,uncertainty_mode=disagreement",,[1],0.0001,mopo,0.0001,0.2,0.0003,cuda,0.99,"[200, 200, 200, 200]",/home/ubuntu/yi/offlinerl/OfflineRL/offlinerl_tmp/.aim/dynamics_model/e716a18f71204bee90768b07/dynamics_model.pt,,"[2.5e-05, 5e-05, 7.5e-05, 7.5e-05, 0.0001]",Pipeline-mopo,"[256, 256]",1,True,0.01,,5,3000,5,False,[52],2.0,256,False,0.05,50000.0,1000,210,0.005,1000,,low,99,Pipeline,False,256,7,0.001,,True,5,disagreement,0.2,1,2.0,disagreement,210,"[1, 5]","[0.5, 1, 2, 5]","['aleatoric', 'disagreement']",mopo,/home/ubuntu/yi/offlinerl/OfflineRL/offlinerl_tmp/.aim/dynamics_model/e716a18f71204bee90768b07/dynamics_model.pt,Pipeline-mopo,210,Pipeline,Pipeline-mopo,mopo,Pipeline,/home/ubuntu/yi/offlinerl/OfflineRL/offlinerl_tmp/.aim/dynamics_model/e716a18f71204bee90768b07/dynamics_model.pt,210,discrete,"[1000000.0, 2000000.0]",discrete,"[1, 2, 5]",continuous,"[0.1, 10]",discrete,"[True, False]",discrete,"[0.05, 0.1, 0.2]"
8641a_00045,-1873.9790800497533,466.81248382365163,1000.0,0.0,-60.92094039916992,5.559038162231445,5.557861804962158,0.3253609836101532,0.02798440493643284,/home/ubuntu/yi/offlinerl/OfflineRL/offlinerl_tmp/.aim/models/8801e6172cae4d8ca212776a/policy.pt,1713537197,,True,1,2024-04-19_22-33-17,31757.24256181717,31757.24256181717,370631,common-ts1resyc,10.244.12.190,31757.24256181717,1,"45_horizon=5,penalty_coef=2,seed=210,uncertainty_mode=disagreement",,[1],0.0001,mopo,0.0001,0.2,0.0003,cuda,0.99,"[200, 200, 200, 200]",/home/ubuntu/yi/offlinerl/OfflineRL/offlinerl_tmp/.aim/dynamics_model/e716a18f71204bee90768b07/dynamics_model.pt,,"[2.5e-05, 5e-05, 7.5e-05, 7.5e-05, 0.0001]",Pipeline-mopo,"[256, 256]",5,True,0.01,,5,3000,5,False,[52],2.0,256,False,0.05,50000.0,1000,210,0.005,1000,,low,99,Pipeline,False,256,7,0.001,,True,5,disagreement,0.2,5,2.0,disagreement,210,"[1, 5]","[0.5, 1, 2, 5]","['aleatoric', 'disagreement']",mopo,/home/ubuntu/yi/offlinerl/OfflineRL/offlinerl_tmp/.aim/dynamics_model/e716a18f71204bee90768b07/dynamics_model.pt,Pipeline-mopo,210,Pipeline,Pipeline-mopo,mopo,Pipeline,/home/ubuntu/yi/offlinerl/OfflineRL/offlinerl_tmp/.aim/dynamics_model/e716a18f71204bee90768b07/dynamics_model.pt,210,discrete,"[1000000.0, 2000000.0]",discrete,"[1, 2, 5]",continuous,"[0.1, 10]",discrete,"[True, False]",discrete,"[0.05, 0.1, 0.2]"
8641a_00046,-1769.8230590559244,421.8388397309942,1000.0,0.0,-72.1153564453125,2.1445956230163574,2.2266526222229004,-0.35822492837905884,0.02398984506726265,/home/ubuntu/yi/offlinerl/OfflineRL/offlinerl_tmp/.aim/models/868f549c5ed5470298e9f821/policy.pt,1713536636,,True,1,2024-04-19_22-23-56,28580.469456911087,28580.469456911087,372594,common-ts1resyc,10.244.12.190,28580.469456911087,1,"46_horizon=1,penalty_coef=5,seed=210,uncertainty_mode=disagreement",,[1],0.0001,mopo,0.0001,0.2,0.0003,cuda,0.99,"[200, 200, 200, 200]",/home/ubuntu/yi/offlinerl/OfflineRL/offlinerl_tmp/.aim/dynamics_model/e716a18f71204bee90768b07/dynamics_model.pt,,"[2.5e-05, 5e-05, 7.5e-05, 7.5e-05, 0.0001]",Pipeline-mopo,"[256, 256]",1,True,0.01,,5,3000,5,False,[52],5.0,256,False,0.05,50000.0,1000,210,0.005,1000,,low,99,Pipeline,False,256,7,0.001,,True,5,disagreement,0.2,1,5.0,disagreement,210,"[1, 5]","[0.5, 1, 2, 5]","['aleatoric', 'disagreement']",mopo,/home/ubuntu/yi/offlinerl/OfflineRL/offlinerl_tmp/.aim/dynamics_model/e716a18f71204bee90768b07/dynamics_model.pt,Pipeline-mopo,210,Pipeline,Pipeline-mopo,mopo,Pipeline,/home/ubuntu/yi/offlinerl/OfflineRL/offlinerl_tmp/.aim/dynamics_model/e716a18f71204bee90768b07/dynamics_model.pt,210,discrete,"[1000000.0, 2000000.0]",discrete,"[1, 2, 5]",continuous,"[0.1, 10]",discrete,"[True, False]",discrete,"[0.05, 0.1, 0.2]"
8641a_00047,-1599.046599669218,431.4985739222496,1000.0,0.0,-60.92094039916992,5.559038162231445,5.557861804962158,0.3253609836101532,0.02798440493643284,/home/ubuntu/yi/offlinerl/OfflineRL/offlinerl_tmp/.aim/models/b3672bc3375b4816baabcd1c/policy.pt,1713548434,,True,1,2024-04-20_01-40-34,31640.77427172661,31640.77427172661,377986,common-ts1resyc,10.244.12.190,31640.77427172661,1,"47_horizon=5,penalty_coef=5,seed=210,uncertainty_mode=disagreement",,[1],0.0001,mopo,0.0001,0.2,0.0003,cuda,0.99,"[200, 200, 200, 200]",/home/ubuntu/yi/offlinerl/OfflineRL/offlinerl_tmp/.aim/dynamics_model/e716a18f71204bee90768b07/dynamics_model.pt,,"[2.5e-05, 5e-05, 7.5e-05, 7.5e-05, 0.0001]",Pipeline-mopo,"[256, 256]",5,True,0.01,,5,3000,5,False,[52],5.0,256,False,0.05,50000.0,1000,210,0.005,1000,,low,99,Pipeline,False,256,7,0.001,,True,5,disagreement,0.2,5,5.0,disagreement,210,"[1, 5]","[0.5, 1, 2, 5]","['aleatoric', 'disagreement']",mopo,/home/ubuntu/yi/offlinerl/OfflineRL/offlinerl_tmp/.aim/dynamics_model/e716a18f71204bee90768b07/dynamics_model.pt,Pipeline-mopo,210,Pipeline,Pipeline-mopo,mopo,Pipeline,/home/ubuntu/yi/offlinerl/OfflineRL/offlinerl_tmp/.aim/dynamics_model/e716a18f71204bee90768b07/dynamics_model.pt,210,discrete,"[1000000.0, 2000000.0]",discrete,"[1, 2, 5]",continuous,"[0.1, 10]",discrete,"[True, False]",discrete,"[0.05, 0.1, 0.2]"
