trial_id,Reward_Mean_Env,Reward_Std_Env,Length_Mean_Env,Length_Std_Env,loss/actor,loss/critic1,loss/critic2,loss/alpha,alpha,model_path,timestamp,checkpoint_dir_name,done,training_iteration,date,time_this_iter_s,time_total_s,pid,hostname,node_ip,time_since_restore,iterations_since_restore,experiment_tag,hparams/act_shape,hparams/action_shape,hparams/actor_lr,hparams/aim_path,hparams/algo_name,hparams/alpha_lr,hparams/alpha,hparams/cql_alpha_lr,hparams/cql_weight,hparams/critic_lr,hparams/deterministic_backup,hparams/device,hparams/discount,hparams/dynamics_hidden_dims,hparams/dynamics_path,hparams/dynamics_save_path,hparams/dynamics_weight_decay,hparams/eval_episodes,hparams/exp_name,hparams/hidden_dims,hparams/horizon,hparams/lagrange_threshold,hparams/learnable_alpha,hparams/logvar_loss_coef,hparams/max_action,hparams/max_epochs_since_update,hparams/max_epoch,hparams/max_q_backup,hparams/model_retain_epochs,hparams/normalize_obs,hparams/num_repeat_actions,hparams/obs_shape,hparams/policy_batch_size,hparams/policy_scaler,hparams/real_data_ratio,hparams/rho_s,hparams/rollout_batch_size,hparams/rollout_freq,hparams/seed,hparams/soft_target_tau,hparams/steps_per_epoch,hparams/target_entropy,hparams/task_data_type,hparams/task_train_num,hparams/task,hparams/temperatue,hparams/trainsition_clip,hparams/transition_batch_size,hparams/transition_init_num,hparams/transition_lr,hparams/transition_max_epochs,hparams/transition_scaler,hparams/transition_select_num,hparams/uniform_rollout,hparams/val_frequency,hparams/val_ratio,hparams/with_lagrange,config/horizon,config/cql_weight,config/rho_s,config/seed,hparams/grid_tune/cql_weight,hparams/grid_tune/horizon,hparams/grid_tune/rho_s,hparams/kwargs/aim_path,hparams/kwargs/algo_name,hparams/kwargs/dynamics_path,hparams/kwargs/exp_name,hparams/kwargs/seed,hparams/kwargs/task,config/kwargs/exp_name,config/kwargs/algo_name,config/kwargs/task,config/kwargs/aim_path,config/kwargs/dynamics_path,config/kwargs/seed,hparams/params_tune/buffer_size/type,hparams/params_tune/buffer_size/value,hparams/params_tune/horzion/type,hparams/params_tune/horzion/value,hparams/params_tune/lam/type,hparams/params_tune/lam/value,hparams/params_tune/learnable_alpha/type,hparams/params_tune/learnable_alpha/value,hparams/params_tune/real_data_ratio/type,hparams/params_tune/real_data_ratio/value
74165_00000,587.9775831998028,33.98740714291234,100.0,0.0,-245.4930419921875,2.6426219940185547,3.145440101623535,-0.0041923546232283115,0.912401020526886,/home/ubuntu/fortzl/NeoRL2/benchmark/tune_DMSD_domain/.aim/models/05fbf48584504d3dbc356599/policy.pt,1714007479,,True,1,2024-04-25_09-11-19,18579.71010708809,18579.71010708809,606946,common-ddhjpyex,10.244.1.89,18579.71010708809,1,"0_cql_weight=2.5000,horizon=1,rho_s=model,seed=7",,[2],0.0001,/home/ubuntu/fortzl/NeoRL2/benchmark/tune_DMSD_domain,combo,0.0001,0.2,0.0003,2.5,0.0003,True,cuda,0.99,"[200, 200, 200, 200]",/home/ubuntu/fortzl/NeoRL2/benchmark/tune_DMSD_domain/.aim/dynamics_model/03e78aa4196440e9a85e6dc8/dynamics_model.pt,,"[2.5e-05, 5e-05, 7.5e-05, 7.5e-05, 0.0001]",10,DMSD-combo,"[256, 256, 256]",1,10.0,True,0.01,,5,1000,False,5,False,10,[6],256,False,0.5,model,50000.0,1000,7,0.005,1000,,low,99,DMSD,1.0,False,256,7,0.001,,True,5,False,10,0.2,False,1,2.5,model,7,"[2.5, 3.5, 5]","[1, 5]","['model', 'mix']",/home/ubuntu/fortzl/NeoRL2/benchmark/tune_DMSD_domain,combo,/home/ubuntu/fortzl/NeoRL2/benchmark/tune_DMSD_domain/.aim/dynamics_model/03e78aa4196440e9a85e6dc8/dynamics_model.pt,DMSD-combo,7,DMSD,DMSD-combo,combo,DMSD,/home/ubuntu/fortzl/NeoRL2/benchmark/tune_DMSD_domain,/home/ubuntu/fortzl/NeoRL2/benchmark/tune_DMSD_domain/.aim/dynamics_model/03e78aa4196440e9a85e6dc8/dynamics_model.pt,7,discrete,"[1000000.0, 2000000.0]",discrete,"[1, 2, 5]",continuous,"[0.1, 10]",discrete,"[True, False]",discrete,"[0.05, 0.1, 0.2]"
74165_00001,582.2909970889119,34.18147908685517,100.0,0.0,-171.46954345703125,0.9007663726806641,-0.937220573425293,-0.000646800035610795,1.0654118061065674,/home/ubuntu/fortzl/NeoRL2/benchmark/tune_DMSD_domain/.aim/models/86ee1170408f447d900ac2f9/policy.pt,1714007961,,True,1,2024-04-25_09-19-21,19061.49977874756,19061.49977874756,607043,common-ddhjpyex,10.244.1.89,19061.49977874756,1,"1_cql_weight=3.5000,horizon=1,rho_s=model,seed=7",,[2],0.0001,/home/ubuntu/fortzl/NeoRL2/benchmark/tune_DMSD_domain,combo,0.0001,0.2,0.0003,3.5,0.0003,True,cuda,0.99,"[200, 200, 200, 200]",/home/ubuntu/fortzl/NeoRL2/benchmark/tune_DMSD_domain/.aim/dynamics_model/03e78aa4196440e9a85e6dc8/dynamics_model.pt,,"[2.5e-05, 5e-05, 7.5e-05, 7.5e-05, 0.0001]",10,DMSD-combo,"[256, 256, 256]",1,10.0,True,0.01,,5,1000,False,5,False,10,[6],256,False,0.5,model,50000.0,1000,7,0.005,1000,,low,99,DMSD,1.0,False,256,7,0.001,,True,5,False,10,0.2,False,1,3.5,model,7,"[2.5, 3.5, 5]","[1, 5]","['model', 'mix']",/home/ubuntu/fortzl/NeoRL2/benchmark/tune_DMSD_domain,combo,/home/ubuntu/fortzl/NeoRL2/benchmark/tune_DMSD_domain/.aim/dynamics_model/03e78aa4196440e9a85e6dc8/dynamics_model.pt,DMSD-combo,7,DMSD,DMSD-combo,combo,DMSD,/home/ubuntu/fortzl/NeoRL2/benchmark/tune_DMSD_domain,/home/ubuntu/fortzl/NeoRL2/benchmark/tune_DMSD_domain/.aim/dynamics_model/03e78aa4196440e9a85e6dc8/dynamics_model.pt,7,discrete,"[1000000.0, 2000000.0]",discrete,"[1, 2, 5]",continuous,"[0.1, 10]",discrete,"[True, False]",discrete,"[0.05, 0.1, 0.2]"
74165_00002,576.1731107463502,35.57363145540317,100.0,0.0,-44.88914489746094,8.499420166015625,9.786418914794922,-0.010089825838804245,1.3017809391021729,/home/ubuntu/fortzl/NeoRL2/benchmark/tune_DMSD_domain/.aim/models/d70d8b5c6fda492db995fec2/policy.pt,1714007744,,True,1,2024-04-25_09-15-44,18844.504395008087,18844.504395008087,607044,common-ddhjpyex,10.244.1.89,18844.504395008087,1,"2_cql_weight=5,horizon=1,rho_s=model,seed=7",,[2],0.0001,/home/ubuntu/fortzl/NeoRL2/benchmark/tune_DMSD_domain,combo,0.0001,0.2,0.0003,5.0,0.0003,True,cuda,0.99,"[200, 200, 200, 200]",/home/ubuntu/fortzl/NeoRL2/benchmark/tune_DMSD_domain/.aim/dynamics_model/03e78aa4196440e9a85e6dc8/dynamics_model.pt,,"[2.5e-05, 5e-05, 7.5e-05, 7.5e-05, 0.0001]",10,DMSD-combo,"[256, 256, 256]",1,10.0,True,0.01,,5,1000,False,5,False,10,[6],256,False,0.5,model,50000.0,1000,7,0.005,1000,,low,99,DMSD,1.0,False,256,7,0.001,,True,5,False,10,0.2,False,1,5.0,model,7,"[2.5, 3.5, 5]","[1, 5]","['model', 'mix']",/home/ubuntu/fortzl/NeoRL2/benchmark/tune_DMSD_domain,combo,/home/ubuntu/fortzl/NeoRL2/benchmark/tune_DMSD_domain/.aim/dynamics_model/03e78aa4196440e9a85e6dc8/dynamics_model.pt,DMSD-combo,7,DMSD,DMSD-combo,combo,DMSD,/home/ubuntu/fortzl/NeoRL2/benchmark/tune_DMSD_domain,/home/ubuntu/fortzl/NeoRL2/benchmark/tune_DMSD_domain/.aim/dynamics_model/03e78aa4196440e9a85e6dc8/dynamics_model.pt,7,discrete,"[1000000.0, 2000000.0]",discrete,"[1, 2, 5]",continuous,"[0.1, 10]",discrete,"[True, False]",discrete,"[0.05, 0.1, 0.2]"
74165_00003,571.9962099170853,33.63300793067287,100.0,0.0,-265.6884765625,0.4406909942626953,-1.796560287475586,0.0020991619676351547,0.9737637042999268,/home/ubuntu/fortzl/NeoRL2/benchmark/tune_DMSD_domain/.aim/models/9644fe5b0157492d9be17f02/policy.pt,1714007976,,True,1,2024-04-25_09-19-36,19076.904113531113,19076.904113531113,607045,common-ddhjpyex,10.244.1.89,19076.904113531113,1,"3_cql_weight=2.5000,horizon=5,rho_s=model,seed=7",,[2],0.0001,/home/ubuntu/fortzl/NeoRL2/benchmark/tune_DMSD_domain,combo,0.0001,0.2,0.0003,2.5,0.0003,True,cuda,0.99,"[200, 200, 200, 200]",/home/ubuntu/fortzl/NeoRL2/benchmark/tune_DMSD_domain/.aim/dynamics_model/03e78aa4196440e9a85e6dc8/dynamics_model.pt,,"[2.5e-05, 5e-05, 7.5e-05, 7.5e-05, 0.0001]",10,DMSD-combo,"[256, 256, 256]",5,10.0,True,0.01,,5,1000,False,5,False,10,[6],256,False,0.5,model,50000.0,1000,7,0.005,1000,,low,99,DMSD,1.0,False,256,7,0.001,,True,5,False,10,0.2,False,5,2.5,model,7,"[2.5, 3.5, 5]","[1, 5]","['model', 'mix']",/home/ubuntu/fortzl/NeoRL2/benchmark/tune_DMSD_domain,combo,/home/ubuntu/fortzl/NeoRL2/benchmark/tune_DMSD_domain/.aim/dynamics_model/03e78aa4196440e9a85e6dc8/dynamics_model.pt,DMSD-combo,7,DMSD,DMSD-combo,combo,DMSD,/home/ubuntu/fortzl/NeoRL2/benchmark/tune_DMSD_domain,/home/ubuntu/fortzl/NeoRL2/benchmark/tune_DMSD_domain/.aim/dynamics_model/03e78aa4196440e9a85e6dc8/dynamics_model.pt,7,discrete,"[1000000.0, 2000000.0]",discrete,"[1, 2, 5]",continuous,"[0.1, 10]",discrete,"[True, False]",discrete,"[0.05, 0.1, 0.2]"
74165_00004,575.636640938811,33.15547935330799,100.0,0.0,-181.27163696289062,-8.418148040771484,-8.370216369628906,-0.018869560211896896,1.201359748840332,/home/ubuntu/fortzl/NeoRL2/benchmark/tune_DMSD_domain/.aim/models/b31c32d5537140f69e003e7e/policy.pt,1714007975,,True,1,2024-04-25_09-19-35,19074.742305278778,19074.742305278778,607046,common-ddhjpyex,10.244.1.89,19074.742305278778,1,"4_cql_weight=3.5000,horizon=5,rho_s=model,seed=7",,[2],0.0001,/home/ubuntu/fortzl/NeoRL2/benchmark/tune_DMSD_domain,combo,0.0001,0.2,0.0003,3.5,0.0003,True,cuda,0.99,"[200, 200, 200, 200]",/home/ubuntu/fortzl/NeoRL2/benchmark/tune_DMSD_domain/.aim/dynamics_model/03e78aa4196440e9a85e6dc8/dynamics_model.pt,,"[2.5e-05, 5e-05, 7.5e-05, 7.5e-05, 0.0001]",10,DMSD-combo,"[256, 256, 256]",5,10.0,True,0.01,,5,1000,False,5,False,10,[6],256,False,0.5,model,50000.0,1000,7,0.005,1000,,low,99,DMSD,1.0,False,256,7,0.001,,True,5,False,10,0.2,False,5,3.5,model,7,"[2.5, 3.5, 5]","[1, 5]","['model', 'mix']",/home/ubuntu/fortzl/NeoRL2/benchmark/tune_DMSD_domain,combo,/home/ubuntu/fortzl/NeoRL2/benchmark/tune_DMSD_domain/.aim/dynamics_model/03e78aa4196440e9a85e6dc8/dynamics_model.pt,DMSD-combo,7,DMSD,DMSD-combo,combo,DMSD,/home/ubuntu/fortzl/NeoRL2/benchmark/tune_DMSD_domain,/home/ubuntu/fortzl/NeoRL2/benchmark/tune_DMSD_domain/.aim/dynamics_model/03e78aa4196440e9a85e6dc8/dynamics_model.pt,7,discrete,"[1000000.0, 2000000.0]",discrete,"[1, 2, 5]",continuous,"[0.1, 10]",discrete,"[True, False]",discrete,"[0.05, 0.1, 0.2]"
74165_00005,573.0553836111715,31.511347980108688,100.0,0.0,-37.764862060546875,-17.08343505859375,-16.888092041015625,-0.012684185057878494,1.573324203491211,/home/ubuntu/fortzl/NeoRL2/benchmark/tune_DMSD_domain/.aim/models/07b52170f54340a8aa821d13/policy.pt,1714008264,,True,1,2024-04-25_09-24-24,19364.974288225174,19364.974288225174,607047,common-ddhjpyex,10.244.1.89,19364.974288225174,1,"5_cql_weight=5,horizon=5,rho_s=model,seed=7",,[2],0.0001,/home/ubuntu/fortzl/NeoRL2/benchmark/tune_DMSD_domain,combo,0.0001,0.2,0.0003,5.0,0.0003,True,cuda,0.99,"[200, 200, 200, 200]",/home/ubuntu/fortzl/NeoRL2/benchmark/tune_DMSD_domain/.aim/dynamics_model/03e78aa4196440e9a85e6dc8/dynamics_model.pt,,"[2.5e-05, 5e-05, 7.5e-05, 7.5e-05, 0.0001]",10,DMSD-combo,"[256, 256, 256]",5,10.0,True,0.01,,5,1000,False,5,False,10,[6],256,False,0.5,model,50000.0,1000,7,0.005,1000,,low,99,DMSD,1.0,False,256,7,0.001,,True,5,False,10,0.2,False,5,5.0,model,7,"[2.5, 3.5, 5]","[1, 5]","['model', 'mix']",/home/ubuntu/fortzl/NeoRL2/benchmark/tune_DMSD_domain,combo,/home/ubuntu/fortzl/NeoRL2/benchmark/tune_DMSD_domain/.aim/dynamics_model/03e78aa4196440e9a85e6dc8/dynamics_model.pt,DMSD-combo,7,DMSD,DMSD-combo,combo,DMSD,/home/ubuntu/fortzl/NeoRL2/benchmark/tune_DMSD_domain,/home/ubuntu/fortzl/NeoRL2/benchmark/tune_DMSD_domain/.aim/dynamics_model/03e78aa4196440e9a85e6dc8/dynamics_model.pt,7,discrete,"[1000000.0, 2000000.0]",discrete,"[1, 2, 5]",continuous,"[0.1, 10]",discrete,"[True, False]",discrete,"[0.05, 0.1, 0.2]"
74165_00006,589.097848568013,35.818120679686054,100.0,0.0,-234.29385375976562,3.552384376525879,3.878061294555664,-0.0017468025907874107,0.913579523563385,/home/ubuntu/fortzl/NeoRL2/benchmark/tune_DMSD_domain/.aim/models/9680d99afdd74d2f8c352bd1/policy.pt,1714027636,,True,1,2024-04-25_14-47-16,20152.643133163452,20152.643133163452,616689,common-ddhjpyex,10.244.1.89,20152.643133163452,1,"6_cql_weight=2.5000,horizon=1,rho_s=mix,seed=7",,[2],0.0001,/home/ubuntu/fortzl/NeoRL2/benchmark/tune_DMSD_domain,combo,0.0001,0.2,0.0003,2.5,0.0003,True,cuda,0.99,"[200, 200, 200, 200]",/home/ubuntu/fortzl/NeoRL2/benchmark/tune_DMSD_domain/.aim/dynamics_model/03e78aa4196440e9a85e6dc8/dynamics_model.pt,,"[2.5e-05, 5e-05, 7.5e-05, 7.5e-05, 0.0001]",10,DMSD-combo,"[256, 256, 256]",1,10.0,True,0.01,,5,1000,False,5,False,10,[6],256,False,0.5,mix,50000.0,1000,7,0.005,1000,,low,99,DMSD,1.0,False,256,7,0.001,,True,5,False,10,0.2,False,1,2.5,mix,7,"[2.5, 3.5, 5]","[1, 5]","['model', 'mix']",/home/ubuntu/fortzl/NeoRL2/benchmark/tune_DMSD_domain,combo,/home/ubuntu/fortzl/NeoRL2/benchmark/tune_DMSD_domain/.aim/dynamics_model/03e78aa4196440e9a85e6dc8/dynamics_model.pt,DMSD-combo,7,DMSD,DMSD-combo,combo,DMSD,/home/ubuntu/fortzl/NeoRL2/benchmark/tune_DMSD_domain,/home/ubuntu/fortzl/NeoRL2/benchmark/tune_DMSD_domain/.aim/dynamics_model/03e78aa4196440e9a85e6dc8/dynamics_model.pt,7,discrete,"[1000000.0, 2000000.0]",discrete,"[1, 2, 5]",continuous,"[0.1, 10]",discrete,"[True, False]",discrete,"[0.05, 0.1, 0.2]"
74165_00007,583.4232585067656,33.47040182486874,100.0,0.0,-160.71815490722656,1.870370864868164,1.1036720275878906,0.002403653459623456,1.0745275020599365,/home/ubuntu/fortzl/NeoRL2/benchmark/tune_DMSD_domain/.aim/models/bb3543e0c93a40c0b879e5fb/policy.pt,1714028280,,True,1,2024-04-25_14-58-00,20532.1131670475,20532.1131670475,617047,common-ddhjpyex,10.244.1.89,20532.1131670475,1,"7_cql_weight=3.5000,horizon=1,rho_s=mix,seed=7",,[2],0.0001,/home/ubuntu/fortzl/NeoRL2/benchmark/tune_DMSD_domain,combo,0.0001,0.2,0.0003,3.5,0.0003,True,cuda,0.99,"[200, 200, 200, 200]",/home/ubuntu/fortzl/NeoRL2/benchmark/tune_DMSD_domain/.aim/dynamics_model/03e78aa4196440e9a85e6dc8/dynamics_model.pt,,"[2.5e-05, 5e-05, 7.5e-05, 7.5e-05, 0.0001]",10,DMSD-combo,"[256, 256, 256]",1,10.0,True,0.01,,5,1000,False,5,False,10,[6],256,False,0.5,mix,50000.0,1000,7,0.005,1000,,low,99,DMSD,1.0,False,256,7,0.001,,True,5,False,10,0.2,False,1,3.5,mix,7,"[2.5, 3.5, 5]","[1, 5]","['model', 'mix']",/home/ubuntu/fortzl/NeoRL2/benchmark/tune_DMSD_domain,combo,/home/ubuntu/fortzl/NeoRL2/benchmark/tune_DMSD_domain/.aim/dynamics_model/03e78aa4196440e9a85e6dc8/dynamics_model.pt,DMSD-combo,7,DMSD,DMSD-combo,combo,DMSD,/home/ubuntu/fortzl/NeoRL2/benchmark/tune_DMSD_domain,/home/ubuntu/fortzl/NeoRL2/benchmark/tune_DMSD_domain/.aim/dynamics_model/03e78aa4196440e9a85e6dc8/dynamics_model.pt,7,discrete,"[1000000.0, 2000000.0]",discrete,"[1, 2, 5]",continuous,"[0.1, 10]",discrete,"[True, False]",discrete,"[0.05, 0.1, 0.2]"
74165_00008,575.8473761513345,32.505716210471604,100.0,0.0,-36.68437576293945,4.741546630859375,3.6394805908203125,-0.02174658328294754,1.2921836376190186,/home/ubuntu/fortzl/NeoRL2/benchmark/tune_DMSD_domain/.aim/models/a70c526ec7274813b18fcdc2/policy.pt,1714028677,,True,1,2024-04-25_15-04-37,20711.58042216301,20711.58042216301,617607,common-ddhjpyex,10.244.1.89,20711.58042216301,1,"8_cql_weight=5,horizon=1,rho_s=mix,seed=7",,[2],0.0001,/home/ubuntu/fortzl/NeoRL2/benchmark/tune_DMSD_domain,combo,0.0001,0.2,0.0003,5.0,0.0003,True,cuda,0.99,"[200, 200, 200, 200]",/home/ubuntu/fortzl/NeoRL2/benchmark/tune_DMSD_domain/.aim/dynamics_model/03e78aa4196440e9a85e6dc8/dynamics_model.pt,,"[2.5e-05, 5e-05, 7.5e-05, 7.5e-05, 0.0001]",10,DMSD-combo,"[256, 256, 256]",1,10.0,True,0.01,,5,1000,False,5,False,10,[6],256,False,0.5,mix,50000.0,1000,7,0.005,1000,,low,99,DMSD,1.0,False,256,7,0.001,,True,5,False,10,0.2,False,1,5.0,mix,7,"[2.5, 3.5, 5]","[1, 5]","['model', 'mix']",/home/ubuntu/fortzl/NeoRL2/benchmark/tune_DMSD_domain,combo,/home/ubuntu/fortzl/NeoRL2/benchmark/tune_DMSD_domain/.aim/dynamics_model/03e78aa4196440e9a85e6dc8/dynamics_model.pt,DMSD-combo,7,DMSD,DMSD-combo,combo,DMSD,/home/ubuntu/fortzl/NeoRL2/benchmark/tune_DMSD_domain,/home/ubuntu/fortzl/NeoRL2/benchmark/tune_DMSD_domain/.aim/dynamics_model/03e78aa4196440e9a85e6dc8/dynamics_model.pt,7,discrete,"[1000000.0, 2000000.0]",discrete,"[1, 2, 5]",continuous,"[0.1, 10]",discrete,"[True, False]",discrete,"[0.05, 0.1, 0.2]"
74165_00009,571.7129390277933,34.977545631936835,100.0,0.0,-292.9162902832031,0.6822052001953125,1.2861642837524414,0.004030333831906319,1.0364795923233032,/home/ubuntu/fortzl/NeoRL2/benchmark/tune_DMSD_domain/.aim/models/b3b975320ba34882b1fb90b2/policy.pt,1714028855,,True,1,2024-04-25_15-07-35,20876.454202651978,20876.454202651978,617863,common-ddhjpyex,10.244.1.89,20876.454202651978,1,"9_cql_weight=2.5000,horizon=5,rho_s=mix,seed=7",,[2],0.0001,/home/ubuntu/fortzl/NeoRL2/benchmark/tune_DMSD_domain,combo,0.0001,0.2,0.0003,2.5,0.0003,True,cuda,0.99,"[200, 200, 200, 200]",/home/ubuntu/fortzl/NeoRL2/benchmark/tune_DMSD_domain/.aim/dynamics_model/03e78aa4196440e9a85e6dc8/dynamics_model.pt,,"[2.5e-05, 5e-05, 7.5e-05, 7.5e-05, 0.0001]",10,DMSD-combo,"[256, 256, 256]",5,10.0,True,0.01,,5,1000,False,5,False,10,[6],256,False,0.5,mix,50000.0,1000,7,0.005,1000,,low,99,DMSD,1.0,False,256,7,0.001,,True,5,False,10,0.2,False,5,2.5,mix,7,"[2.5, 3.5, 5]","[1, 5]","['model', 'mix']",/home/ubuntu/fortzl/NeoRL2/benchmark/tune_DMSD_domain,combo,/home/ubuntu/fortzl/NeoRL2/benchmark/tune_DMSD_domain/.aim/dynamics_model/03e78aa4196440e9a85e6dc8/dynamics_model.pt,DMSD-combo,7,DMSD,DMSD-combo,combo,DMSD,/home/ubuntu/fortzl/NeoRL2/benchmark/tune_DMSD_domain,/home/ubuntu/fortzl/NeoRL2/benchmark/tune_DMSD_domain/.aim/dynamics_model/03e78aa4196440e9a85e6dc8/dynamics_model.pt,7,discrete,"[1000000.0, 2000000.0]",discrete,"[1, 2, 5]",continuous,"[0.1, 10]",discrete,"[True, False]",discrete,"[0.05, 0.1, 0.2]"
74165_00010,573.7353860654858,33.196211063392084,100.0,0.0,-220.23692321777344,0.1257476806640625,0.5703277587890625,0.023615194484591484,1.2316306829452515,/home/ubuntu/fortzl/NeoRL2/benchmark/tune_DMSD_domain/.aim/models/392594c75fbf44efb84a0975/policy.pt,1714028373,,True,1,2024-04-25_14-59-33,20391.892785072327,20391.892785072327,618011,common-ddhjpyex,10.244.1.89,20391.892785072327,1,"10_cql_weight=3.5000,horizon=5,rho_s=mix,seed=7",,[2],0.0001,/home/ubuntu/fortzl/NeoRL2/benchmark/tune_DMSD_domain,combo,0.0001,0.2,0.0003,3.5,0.0003,True,cuda,0.99,"[200, 200, 200, 200]",/home/ubuntu/fortzl/NeoRL2/benchmark/tune_DMSD_domain/.aim/dynamics_model/03e78aa4196440e9a85e6dc8/dynamics_model.pt,,"[2.5e-05, 5e-05, 7.5e-05, 7.5e-05, 0.0001]",10,DMSD-combo,"[256, 256, 256]",5,10.0,True,0.01,,5,1000,False,5,False,10,[6],256,False,0.5,mix,50000.0,1000,7,0.005,1000,,low,99,DMSD,1.0,False,256,7,0.001,,True,5,False,10,0.2,False,5,3.5,mix,7,"[2.5, 3.5, 5]","[1, 5]","['model', 'mix']",/home/ubuntu/fortzl/NeoRL2/benchmark/tune_DMSD_domain,combo,/home/ubuntu/fortzl/NeoRL2/benchmark/tune_DMSD_domain/.aim/dynamics_model/03e78aa4196440e9a85e6dc8/dynamics_model.pt,DMSD-combo,7,DMSD,DMSD-combo,combo,DMSD,/home/ubuntu/fortzl/NeoRL2/benchmark/tune_DMSD_domain,/home/ubuntu/fortzl/NeoRL2/benchmark/tune_DMSD_domain/.aim/dynamics_model/03e78aa4196440e9a85e6dc8/dynamics_model.pt,7,discrete,"[1000000.0, 2000000.0]",discrete,"[1, 2, 5]",continuous,"[0.1, 10]",discrete,"[True, False]",discrete,"[0.05, 0.1, 0.2]"
74165_00011,573.9555336579792,29.92992333784771,100.0,0.0,-107.66209411621094,-7.149984359741211,-8.072521209716797,0.05647530034184456,1.4857218265533447,/home/ubuntu/fortzl/NeoRL2/benchmark/tune_DMSD_domain/.aim/models/87989d89c75f431d9c01ce17/policy.pt,1714029256,,True,1,2024-04-25_15-14-16,20987.847202777863,20987.847202777863,618472,common-ddhjpyex,10.244.1.89,20987.847202777863,1,"11_cql_weight=5,horizon=5,rho_s=mix,seed=7",,[2],0.0001,/home/ubuntu/fortzl/NeoRL2/benchmark/tune_DMSD_domain,combo,0.0001,0.2,0.0003,5.0,0.0003,True,cuda,0.99,"[200, 200, 200, 200]",/home/ubuntu/fortzl/NeoRL2/benchmark/tune_DMSD_domain/.aim/dynamics_model/03e78aa4196440e9a85e6dc8/dynamics_model.pt,,"[2.5e-05, 5e-05, 7.5e-05, 7.5e-05, 0.0001]",10,DMSD-combo,"[256, 256, 256]",5,10.0,True,0.01,,5,1000,False,5,False,10,[6],256,False,0.5,mix,50000.0,1000,7,0.005,1000,,low,99,DMSD,1.0,False,256,7,0.001,,True,5,False,10,0.2,False,5,5.0,mix,7,"[2.5, 3.5, 5]","[1, 5]","['model', 'mix']",/home/ubuntu/fortzl/NeoRL2/benchmark/tune_DMSD_domain,combo,/home/ubuntu/fortzl/NeoRL2/benchmark/tune_DMSD_domain/.aim/dynamics_model/03e78aa4196440e9a85e6dc8/dynamics_model.pt,DMSD-combo,7,DMSD,DMSD-combo,combo,DMSD,/home/ubuntu/fortzl/NeoRL2/benchmark/tune_DMSD_domain,/home/ubuntu/fortzl/NeoRL2/benchmark/tune_DMSD_domain/.aim/dynamics_model/03e78aa4196440e9a85e6dc8/dynamics_model.pt,7,discrete,"[1000000.0, 2000000.0]",discrete,"[1, 2, 5]",continuous,"[0.1, 10]",discrete,"[True, False]",discrete,"[0.05, 0.1, 0.2]"
74165_00012,591.5068703216451,32.90996164686428,100.0,0.0,-242.08753967285156,-0.5579586029052734,-0.00847625732421875,0.006641392596065998,0.9260093569755554,/home/ubuntu/fortzl/NeoRL2/benchmark/tune_DMSD_domain/.aim/models/3797fbdbeaa2440c8b9d41c7/policy.pt,1714046773,,True,1,2024-04-25_20-06-13,19132.91505765915,19132.91505765915,625535,common-ddhjpyex,10.244.1.89,19132.91505765915,1,"12_cql_weight=2.5000,horizon=1,rho_s=model,seed=42",,[2],0.0001,/home/ubuntu/fortzl/NeoRL2/benchmark/tune_DMSD_domain,combo,0.0001,0.2,0.0003,2.5,0.0003,True,cuda,0.99,"[200, 200, 200, 200]",/home/ubuntu/fortzl/NeoRL2/benchmark/tune_DMSD_domain/.aim/dynamics_model/03e78aa4196440e9a85e6dc8/dynamics_model.pt,,"[2.5e-05, 5e-05, 7.5e-05, 7.5e-05, 0.0001]",10,DMSD-combo,"[256, 256, 256]",1,10.0,True,0.01,,5,1000,False,5,False,10,[6],256,False,0.5,model,50000.0,1000,42,0.005,1000,,low,99,DMSD,1.0,False,256,7,0.001,,True,5,False,10,0.2,False,1,2.5,model,42,"[2.5, 3.5, 5]","[1, 5]","['model', 'mix']",/home/ubuntu/fortzl/NeoRL2/benchmark/tune_DMSD_domain,combo,/home/ubuntu/fortzl/NeoRL2/benchmark/tune_DMSD_domain/.aim/dynamics_model/03e78aa4196440e9a85e6dc8/dynamics_model.pt,DMSD-combo,42,DMSD,DMSD-combo,combo,DMSD,/home/ubuntu/fortzl/NeoRL2/benchmark/tune_DMSD_domain,/home/ubuntu/fortzl/NeoRL2/benchmark/tune_DMSD_domain/.aim/dynamics_model/03e78aa4196440e9a85e6dc8/dynamics_model.pt,42,discrete,"[1000000.0, 2000000.0]",discrete,"[1, 2, 5]",continuous,"[0.1, 10]",discrete,"[True, False]",discrete,"[0.05, 0.1, 0.2]"
74165_00013,585.312738440229,33.17543709443965,100.0,0.0,-166.9380645751953,0.01523590087890625,-0.6192836761474609,-0.017052149400115013,1.0940823554992676,/home/ubuntu/fortzl/NeoRL2/benchmark/tune_DMSD_domain/.aim/models/6900bd72cbb54abc99c35a46/policy.pt,1714047746,,True,1,2024-04-25_20-22-26,19461.661650180817,19461.661650180817,626091,common-ddhjpyex,10.244.1.89,19461.661650180817,1,"13_cql_weight=3.5000,horizon=1,rho_s=model,seed=42",,[2],0.0001,/home/ubuntu/fortzl/NeoRL2/benchmark/tune_DMSD_domain,combo,0.0001,0.2,0.0003,3.5,0.0003,True,cuda,0.99,"[200, 200, 200, 200]",/home/ubuntu/fortzl/NeoRL2/benchmark/tune_DMSD_domain/.aim/dynamics_model/03e78aa4196440e9a85e6dc8/dynamics_model.pt,,"[2.5e-05, 5e-05, 7.5e-05, 7.5e-05, 0.0001]",10,DMSD-combo,"[256, 256, 256]",1,10.0,True,0.01,,5,1000,False,5,False,10,[6],256,False,0.5,model,50000.0,1000,42,0.005,1000,,low,99,DMSD,1.0,False,256,7,0.001,,True,5,False,10,0.2,False,1,3.5,model,42,"[2.5, 3.5, 5]","[1, 5]","['model', 'mix']",/home/ubuntu/fortzl/NeoRL2/benchmark/tune_DMSD_domain,combo,/home/ubuntu/fortzl/NeoRL2/benchmark/tune_DMSD_domain/.aim/dynamics_model/03e78aa4196440e9a85e6dc8/dynamics_model.pt,DMSD-combo,42,DMSD,DMSD-combo,combo,DMSD,/home/ubuntu/fortzl/NeoRL2/benchmark/tune_DMSD_domain,/home/ubuntu/fortzl/NeoRL2/benchmark/tune_DMSD_domain/.aim/dynamics_model/03e78aa4196440e9a85e6dc8/dynamics_model.pt,42,discrete,"[1000000.0, 2000000.0]",discrete,"[1, 2, 5]",continuous,"[0.1, 10]",discrete,"[True, False]",discrete,"[0.05, 0.1, 0.2]"
74165_00014,579.5827445638431,33.76383204153319,100.0,0.0,-47.9975700378418,-8.963634490966797,-8.375160217285156,-0.03780648484826088,1.2836066484451294,/home/ubuntu/fortzl/NeoRL2/benchmark/tune_DMSD_domain/.aim/models/c5700d0e67974d20b35884ce/policy.pt,1714047524,,True,1,2024-04-25_20-18-44,19146.8992562294,19146.8992562294,626448,common-ddhjpyex,10.244.1.89,19146.8992562294,1,"14_cql_weight=5,horizon=1,rho_s=model,seed=42",,[2],0.0001,/home/ubuntu/fortzl/NeoRL2/benchmark/tune_DMSD_domain,combo,0.0001,0.2,0.0003,5.0,0.0003,True,cuda,0.99,"[200, 200, 200, 200]",/home/ubuntu/fortzl/NeoRL2/benchmark/tune_DMSD_domain/.aim/dynamics_model/03e78aa4196440e9a85e6dc8/dynamics_model.pt,,"[2.5e-05, 5e-05, 7.5e-05, 7.5e-05, 0.0001]",10,DMSD-combo,"[256, 256, 256]",1,10.0,True,0.01,,5,1000,False,5,False,10,[6],256,False,0.5,model,50000.0,1000,42,0.005,1000,,low,99,DMSD,1.0,False,256,7,0.001,,True,5,False,10,0.2,False,1,5.0,model,42,"[2.5, 3.5, 5]","[1, 5]","['model', 'mix']",/home/ubuntu/fortzl/NeoRL2/benchmark/tune_DMSD_domain,combo,/home/ubuntu/fortzl/NeoRL2/benchmark/tune_DMSD_domain/.aim/dynamics_model/03e78aa4196440e9a85e6dc8/dynamics_model.pt,DMSD-combo,42,DMSD,DMSD-combo,combo,DMSD,/home/ubuntu/fortzl/NeoRL2/benchmark/tune_DMSD_domain,/home/ubuntu/fortzl/NeoRL2/benchmark/tune_DMSD_domain/.aim/dynamics_model/03e78aa4196440e9a85e6dc8/dynamics_model.pt,42,discrete,"[1000000.0, 2000000.0]",discrete,"[1, 2, 5]",continuous,"[0.1, 10]",discrete,"[True, False]",discrete,"[0.05, 0.1, 0.2]"
74165_00015,574.7820173983667,33.274470455439996,100.0,0.0,-277.07275390625,2.4386825561523438,1.3669185638427734,0.008190158754587173,0.9159774780273438,/home/ubuntu/fortzl/NeoRL2/benchmark/tune_DMSD_domain/.aim/models/de5e384125b44cbaa5babc5a/policy.pt,1714048552,,True,1,2024-04-25_20-35-52,19871.464121341705,19871.464121341705,626810,common-ddhjpyex,10.244.1.89,19871.464121341705,1,"15_cql_weight=2.5000,horizon=5,rho_s=model,seed=42",,[2],0.0001,/home/ubuntu/fortzl/NeoRL2/benchmark/tune_DMSD_domain,combo,0.0001,0.2,0.0003,2.5,0.0003,True,cuda,0.99,"[200, 200, 200, 200]",/home/ubuntu/fortzl/NeoRL2/benchmark/tune_DMSD_domain/.aim/dynamics_model/03e78aa4196440e9a85e6dc8/dynamics_model.pt,,"[2.5e-05, 5e-05, 7.5e-05, 7.5e-05, 0.0001]",10,DMSD-combo,"[256, 256, 256]",5,10.0,True,0.01,,5,1000,False,5,False,10,[6],256,False,0.5,model,50000.0,1000,42,0.005,1000,,low,99,DMSD,1.0,False,256,7,0.001,,True,5,False,10,0.2,False,5,2.5,model,42,"[2.5, 3.5, 5]","[1, 5]","['model', 'mix']",/home/ubuntu/fortzl/NeoRL2/benchmark/tune_DMSD_domain,combo,/home/ubuntu/fortzl/NeoRL2/benchmark/tune_DMSD_domain/.aim/dynamics_model/03e78aa4196440e9a85e6dc8/dynamics_model.pt,DMSD-combo,42,DMSD,DMSD-combo,combo,DMSD,/home/ubuntu/fortzl/NeoRL2/benchmark/tune_DMSD_domain,/home/ubuntu/fortzl/NeoRL2/benchmark/tune_DMSD_domain/.aim/dynamics_model/03e78aa4196440e9a85e6dc8/dynamics_model.pt,42,discrete,"[1000000.0, 2000000.0]",discrete,"[1, 2, 5]",continuous,"[0.1, 10]",discrete,"[True, False]",discrete,"[0.05, 0.1, 0.2]"
74165_00016,571.531887058136,32.30739741862713,100.0,0.0,-188.67626953125,1.7316513061523438,0.6542301177978516,-0.013051904737949371,1.1259760856628418,/home/ubuntu/fortzl/NeoRL2/benchmark/tune_DMSD_domain/.aim/models/85036a916569416c94827598/policy.pt,1714048480,,True,1,2024-04-25_20-34-40,19620.91811490059,19620.91811490059,627168,common-ddhjpyex,10.244.1.89,19620.91811490059,1,"16_cql_weight=3.5000,horizon=5,rho_s=model,seed=42",,[2],0.0001,/home/ubuntu/fortzl/NeoRL2/benchmark/tune_DMSD_domain,combo,0.0001,0.2,0.0003,3.5,0.0003,True,cuda,0.99,"[200, 200, 200, 200]",/home/ubuntu/fortzl/NeoRL2/benchmark/tune_DMSD_domain/.aim/dynamics_model/03e78aa4196440e9a85e6dc8/dynamics_model.pt,,"[2.5e-05, 5e-05, 7.5e-05, 7.5e-05, 0.0001]",10,DMSD-combo,"[256, 256, 256]",5,10.0,True,0.01,,5,1000,False,5,False,10,[6],256,False,0.5,model,50000.0,1000,42,0.005,1000,,low,99,DMSD,1.0,False,256,7,0.001,,True,5,False,10,0.2,False,5,3.5,model,42,"[2.5, 3.5, 5]","[1, 5]","['model', 'mix']",/home/ubuntu/fortzl/NeoRL2/benchmark/tune_DMSD_domain,combo,/home/ubuntu/fortzl/NeoRL2/benchmark/tune_DMSD_domain/.aim/dynamics_model/03e78aa4196440e9a85e6dc8/dynamics_model.pt,DMSD-combo,42,DMSD,DMSD-combo,combo,DMSD,/home/ubuntu/fortzl/NeoRL2/benchmark/tune_DMSD_domain,/home/ubuntu/fortzl/NeoRL2/benchmark/tune_DMSD_domain/.aim/dynamics_model/03e78aa4196440e9a85e6dc8/dynamics_model.pt,42,discrete,"[1000000.0, 2000000.0]",discrete,"[1, 2, 5]",continuous,"[0.1, 10]",discrete,"[True, False]",discrete,"[0.05, 0.1, 0.2]"
74165_00017,576.4612315106559,31.659392814070216,100.0,0.0,-50.718528747558594,-10.296302795410156,-14.286441802978516,-0.04923343285918236,1.4894821643829346,/home/ubuntu/fortzl/NeoRL2/benchmark/tune_DMSD_domain/.aim/models/9c39ceb3fd734365996bae95/policy.pt,1714048963,,True,1,2024-04-25_20-42-43,19702.84365582466,19702.84365582466,627531,common-ddhjpyex,10.244.1.89,19702.84365582466,1,"17_cql_weight=5,horizon=5,rho_s=model,seed=42",,[2],0.0001,/home/ubuntu/fortzl/NeoRL2/benchmark/tune_DMSD_domain,combo,0.0001,0.2,0.0003,5.0,0.0003,True,cuda,0.99,"[200, 200, 200, 200]",/home/ubuntu/fortzl/NeoRL2/benchmark/tune_DMSD_domain/.aim/dynamics_model/03e78aa4196440e9a85e6dc8/dynamics_model.pt,,"[2.5e-05, 5e-05, 7.5e-05, 7.5e-05, 0.0001]",10,DMSD-combo,"[256, 256, 256]",5,10.0,True,0.01,,5,1000,False,5,False,10,[6],256,False,0.5,model,50000.0,1000,42,0.005,1000,,low,99,DMSD,1.0,False,256,7,0.001,,True,5,False,10,0.2,False,5,5.0,model,42,"[2.5, 3.5, 5]","[1, 5]","['model', 'mix']",/home/ubuntu/fortzl/NeoRL2/benchmark/tune_DMSD_domain,combo,/home/ubuntu/fortzl/NeoRL2/benchmark/tune_DMSD_domain/.aim/dynamics_model/03e78aa4196440e9a85e6dc8/dynamics_model.pt,DMSD-combo,42,DMSD,DMSD-combo,combo,DMSD,/home/ubuntu/fortzl/NeoRL2/benchmark/tune_DMSD_domain,/home/ubuntu/fortzl/NeoRL2/benchmark/tune_DMSD_domain/.aim/dynamics_model/03e78aa4196440e9a85e6dc8/dynamics_model.pt,42,discrete,"[1000000.0, 2000000.0]",discrete,"[1, 2, 5]",continuous,"[0.1, 10]",discrete,"[True, False]",discrete,"[0.05, 0.1, 0.2]"
74165_00018,589.9058128336249,34.02514280826461,100.0,0.0,-242.79151916503906,-1.131673812866211,-1.107767105102539,0.003706438234075904,0.9230594635009766,/home/ubuntu/fortzl/NeoRL2/benchmark/tune_DMSD_domain/.aim/models/0224dad7f6e1411abac9875c/policy.pt,1714067007,,True,1,2024-04-26_01-43-27,20229.565590143204,20229.565590143204,638814,common-ddhjpyex,10.244.1.89,20229.565590143204,1,"18_cql_weight=2.5000,horizon=1,rho_s=mix,seed=42",,[2],0.0001,/home/ubuntu/fortzl/NeoRL2/benchmark/tune_DMSD_domain,combo,0.0001,0.2,0.0003,2.5,0.0003,True,cuda,0.99,"[200, 200, 200, 200]",/home/ubuntu/fortzl/NeoRL2/benchmark/tune_DMSD_domain/.aim/dynamics_model/03e78aa4196440e9a85e6dc8/dynamics_model.pt,,"[2.5e-05, 5e-05, 7.5e-05, 7.5e-05, 0.0001]",10,DMSD-combo,"[256, 256, 256]",1,10.0,True,0.01,,5,1000,False,5,False,10,[6],256,False,0.5,mix,50000.0,1000,42,0.005,1000,,low,99,DMSD,1.0,False,256,7,0.001,,True,5,False,10,0.2,False,1,2.5,mix,42,"[2.5, 3.5, 5]","[1, 5]","['model', 'mix']",/home/ubuntu/fortzl/NeoRL2/benchmark/tune_DMSD_domain,combo,/home/ubuntu/fortzl/NeoRL2/benchmark/tune_DMSD_domain/.aim/dynamics_model/03e78aa4196440e9a85e6dc8/dynamics_model.pt,DMSD-combo,42,DMSD,DMSD-combo,combo,DMSD,/home/ubuntu/fortzl/NeoRL2/benchmark/tune_DMSD_domain,/home/ubuntu/fortzl/NeoRL2/benchmark/tune_DMSD_domain/.aim/dynamics_model/03e78aa4196440e9a85e6dc8/dynamics_model.pt,42,discrete,"[1000000.0, 2000000.0]",discrete,"[1, 2, 5]",continuous,"[0.1, 10]",discrete,"[True, False]",discrete,"[0.05, 0.1, 0.2]"
74165_00019,586.8727541856179,32.254511508870365,100.0,0.0,-151.13375854492188,-3.289276123046875,-2.026254653930664,-0.011120203882455826,1.094663381576538,/home/ubuntu/fortzl/NeoRL2/benchmark/tune_DMSD_domain/.aim/models/d96f4b1d85ab43e6bd5de146/policy.pt,1714067952,,True,1,2024-04-26_01-59-12,20424.60557794571,20424.60557794571,639286,common-ddhjpyex,10.244.1.89,20424.60557794571,1,"19_cql_weight=3.5000,horizon=1,rho_s=mix,seed=42",,[2],0.0001,/home/ubuntu/fortzl/NeoRL2/benchmark/tune_DMSD_domain,combo,0.0001,0.2,0.0003,3.5,0.0003,True,cuda,0.99,"[200, 200, 200, 200]",/home/ubuntu/fortzl/NeoRL2/benchmark/tune_DMSD_domain/.aim/dynamics_model/03e78aa4196440e9a85e6dc8/dynamics_model.pt,,"[2.5e-05, 5e-05, 7.5e-05, 7.5e-05, 0.0001]",10,DMSD-combo,"[256, 256, 256]",1,10.0,True,0.01,,5,1000,False,5,False,10,[6],256,False,0.5,mix,50000.0,1000,42,0.005,1000,,low,99,DMSD,1.0,False,256,7,0.001,,True,5,False,10,0.2,False,1,3.5,mix,42,"[2.5, 3.5, 5]","[1, 5]","['model', 'mix']",/home/ubuntu/fortzl/NeoRL2/benchmark/tune_DMSD_domain,combo,/home/ubuntu/fortzl/NeoRL2/benchmark/tune_DMSD_domain/.aim/dynamics_model/03e78aa4196440e9a85e6dc8/dynamics_model.pt,DMSD-combo,42,DMSD,DMSD-combo,combo,DMSD,/home/ubuntu/fortzl/NeoRL2/benchmark/tune_DMSD_domain,/home/ubuntu/fortzl/NeoRL2/benchmark/tune_DMSD_domain/.aim/dynamics_model/03e78aa4196440e9a85e6dc8/dynamics_model.pt,42,discrete,"[1000000.0, 2000000.0]",discrete,"[1, 2, 5]",continuous,"[0.1, 10]",discrete,"[True, False]",discrete,"[0.05, 0.1, 0.2]"
74165_00020,579.4595452027712,30.734535059241203,100.0,0.0,-38.34058380126953,-7.146030426025391,-6.023386001586914,-0.035540252923965454,1.2765555381774902,/home/ubuntu/fortzl/NeoRL2/benchmark/tune_DMSD_domain/.aim/models/b4a9dbd2037647acabb2f1b1/policy.pt,1714068417,,True,1,2024-04-26_02-06-57,20667.706302404404,20667.706302404404,639645,common-ddhjpyex,10.244.1.89,20667.706302404404,1,"20_cql_weight=5,horizon=1,rho_s=mix,seed=42",,[2],0.0001,/home/ubuntu/fortzl/NeoRL2/benchmark/tune_DMSD_domain,combo,0.0001,0.2,0.0003,5.0,0.0003,True,cuda,0.99,"[200, 200, 200, 200]",/home/ubuntu/fortzl/NeoRL2/benchmark/tune_DMSD_domain/.aim/dynamics_model/03e78aa4196440e9a85e6dc8/dynamics_model.pt,,"[2.5e-05, 5e-05, 7.5e-05, 7.5e-05, 0.0001]",10,DMSD-combo,"[256, 256, 256]",1,10.0,True,0.01,,5,1000,False,5,False,10,[6],256,False,0.5,mix,50000.0,1000,42,0.005,1000,,low,99,DMSD,1.0,False,256,7,0.001,,True,5,False,10,0.2,False,1,5.0,mix,42,"[2.5, 3.5, 5]","[1, 5]","['model', 'mix']",/home/ubuntu/fortzl/NeoRL2/benchmark/tune_DMSD_domain,combo,/home/ubuntu/fortzl/NeoRL2/benchmark/tune_DMSD_domain/.aim/dynamics_model/03e78aa4196440e9a85e6dc8/dynamics_model.pt,DMSD-combo,42,DMSD,DMSD-combo,combo,DMSD,/home/ubuntu/fortzl/NeoRL2/benchmark/tune_DMSD_domain,/home/ubuntu/fortzl/NeoRL2/benchmark/tune_DMSD_domain/.aim/dynamics_model/03e78aa4196440e9a85e6dc8/dynamics_model.pt,42,discrete,"[1000000.0, 2000000.0]",discrete,"[1, 2, 5]",continuous,"[0.1, 10]",discrete,"[True, False]",discrete,"[0.05, 0.1, 0.2]"
74165_00021,575.0030213277992,33.25926927054447,100.0,0.0,-297.8829040527344,0.5030784606933594,-0.4771556854248047,0.002869433956220746,0.9858097434043884,/home/ubuntu/fortzl/NeoRL2/benchmark/tune_DMSD_domain/.aim/models/8b9bb2bf4a5646cebcb7d5db/policy.pt,1714069420,,True,1,2024-04-26_02-23-40,20936.693439006805,20936.693439006805,640011,common-ddhjpyex,10.244.1.89,20936.693439006805,1,"21_cql_weight=2.5000,horizon=5,rho_s=mix,seed=42",,[2],0.0001,/home/ubuntu/fortzl/NeoRL2/benchmark/tune_DMSD_domain,combo,0.0001,0.2,0.0003,2.5,0.0003,True,cuda,0.99,"[200, 200, 200, 200]",/home/ubuntu/fortzl/NeoRL2/benchmark/tune_DMSD_domain/.aim/dynamics_model/03e78aa4196440e9a85e6dc8/dynamics_model.pt,,"[2.5e-05, 5e-05, 7.5e-05, 7.5e-05, 0.0001]",10,DMSD-combo,"[256, 256, 256]",5,10.0,True,0.01,,5,1000,False,5,False,10,[6],256,False,0.5,mix,50000.0,1000,42,0.005,1000,,low,99,DMSD,1.0,False,256,7,0.001,,True,5,False,10,0.2,False,5,2.5,mix,42,"[2.5, 3.5, 5]","[1, 5]","['model', 'mix']",/home/ubuntu/fortzl/NeoRL2/benchmark/tune_DMSD_domain,combo,/home/ubuntu/fortzl/NeoRL2/benchmark/tune_DMSD_domain/.aim/dynamics_model/03e78aa4196440e9a85e6dc8/dynamics_model.pt,DMSD-combo,42,DMSD,DMSD-combo,combo,DMSD,/home/ubuntu/fortzl/NeoRL2/benchmark/tune_DMSD_domain,/home/ubuntu/fortzl/NeoRL2/benchmark/tune_DMSD_domain/.aim/dynamics_model/03e78aa4196440e9a85e6dc8/dynamics_model.pt,42,discrete,"[1000000.0, 2000000.0]",discrete,"[1, 2, 5]",continuous,"[0.1, 10]",discrete,"[True, False]",discrete,"[0.05, 0.1, 0.2]"
74165_00022,573.7601125528934,30.899534742743334,100.0,0.0,-229.39328002929688,-0.19677352905273438,-1.206425666809082,-0.017629515379667282,1.1808241605758667,/home/ubuntu/fortzl/NeoRL2/benchmark/tune_DMSD_domain/.aim/models/f2e2a53c9bc145c497b1970c/policy.pt,1714069779,,True,1,2024-04-26_02-29-39,21222.662557840347,21222.662557840347,640366,common-ddhjpyex,10.244.1.89,21222.662557840347,1,"22_cql_weight=3.5000,horizon=5,rho_s=mix,seed=42",,[2],0.0001,/home/ubuntu/fortzl/NeoRL2/benchmark/tune_DMSD_domain,combo,0.0001,0.2,0.0003,3.5,0.0003,True,cuda,0.99,"[200, 200, 200, 200]",/home/ubuntu/fortzl/NeoRL2/benchmark/tune_DMSD_domain/.aim/dynamics_model/03e78aa4196440e9a85e6dc8/dynamics_model.pt,,"[2.5e-05, 5e-05, 7.5e-05, 7.5e-05, 0.0001]",10,DMSD-combo,"[256, 256, 256]",5,10.0,True,0.01,,5,1000,False,5,False,10,[6],256,False,0.5,mix,50000.0,1000,42,0.005,1000,,low,99,DMSD,1.0,False,256,7,0.001,,True,5,False,10,0.2,False,5,3.5,mix,42,"[2.5, 3.5, 5]","[1, 5]","['model', 'mix']",/home/ubuntu/fortzl/NeoRL2/benchmark/tune_DMSD_domain,combo,/home/ubuntu/fortzl/NeoRL2/benchmark/tune_DMSD_domain/.aim/dynamics_model/03e78aa4196440e9a85e6dc8/dynamics_model.pt,DMSD-combo,42,DMSD,DMSD-combo,combo,DMSD,/home/ubuntu/fortzl/NeoRL2/benchmark/tune_DMSD_domain,/home/ubuntu/fortzl/NeoRL2/benchmark/tune_DMSD_domain/.aim/dynamics_model/03e78aa4196440e9a85e6dc8/dynamics_model.pt,42,discrete,"[1000000.0, 2000000.0]",discrete,"[1, 2, 5]",continuous,"[0.1, 10]",discrete,"[True, False]",discrete,"[0.05, 0.1, 0.2]"
74165_00023,574.4358394460725,30.24795719797451,100.0,0.0,-119.57627868652344,-5.462608337402344,-4.848272323608398,-0.04992163926362991,1.4403307437896729,/home/ubuntu/fortzl/NeoRL2/benchmark/tune_DMSD_domain/.aim/models/7a737e6cb16b4fb0a7964038/policy.pt,1714070218,,True,1,2024-04-26_02-36-58,21251.576575040817,21251.576575040817,640832,common-ddhjpyex,10.244.1.89,21251.576575040817,1,"23_cql_weight=5,horizon=5,rho_s=mix,seed=42",,[2],0.0001,/home/ubuntu/fortzl/NeoRL2/benchmark/tune_DMSD_domain,combo,0.0001,0.2,0.0003,5.0,0.0003,True,cuda,0.99,"[200, 200, 200, 200]",/home/ubuntu/fortzl/NeoRL2/benchmark/tune_DMSD_domain/.aim/dynamics_model/03e78aa4196440e9a85e6dc8/dynamics_model.pt,,"[2.5e-05, 5e-05, 7.5e-05, 7.5e-05, 0.0001]",10,DMSD-combo,"[256, 256, 256]",5,10.0,True,0.01,,5,1000,False,5,False,10,[6],256,False,0.5,mix,50000.0,1000,42,0.005,1000,,low,99,DMSD,1.0,False,256,7,0.001,,True,5,False,10,0.2,False,5,5.0,mix,42,"[2.5, 3.5, 5]","[1, 5]","['model', 'mix']",/home/ubuntu/fortzl/NeoRL2/benchmark/tune_DMSD_domain,combo,/home/ubuntu/fortzl/NeoRL2/benchmark/tune_DMSD_domain/.aim/dynamics_model/03e78aa4196440e9a85e6dc8/dynamics_model.pt,DMSD-combo,42,DMSD,DMSD-combo,combo,DMSD,/home/ubuntu/fortzl/NeoRL2/benchmark/tune_DMSD_domain,/home/ubuntu/fortzl/NeoRL2/benchmark/tune_DMSD_domain/.aim/dynamics_model/03e78aa4196440e9a85e6dc8/dynamics_model.pt,42,discrete,"[1000000.0, 2000000.0]",discrete,"[1, 2, 5]",continuous,"[0.1, 10]",discrete,"[True, False]",discrete,"[0.05, 0.1, 0.2]"
74165_00024,590.7222229998652,34.05131346914179,100.0,0.0,-246.2152099609375,-1.3818769454956055,-0.942204475402832,0.018438581377267838,0.9040852785110474,/home/ubuntu/fortzl/NeoRL2/benchmark/tune_DMSD_domain/.aim/models/9efca2f03e8b422eba799212/policy.pt,1714086441,,True,1,2024-04-26_07-07-21,19429.348088026047,19429.348088026047,646919,common-ddhjpyex,10.244.1.89,19429.348088026047,1,"24_cql_weight=2.5000,horizon=1,rho_s=model,seed=210",,[2],0.0001,/home/ubuntu/fortzl/NeoRL2/benchmark/tune_DMSD_domain,combo,0.0001,0.2,0.0003,2.5,0.0003,True,cuda,0.99,"[200, 200, 200, 200]",/home/ubuntu/fortzl/NeoRL2/benchmark/tune_DMSD_domain/.aim/dynamics_model/03e78aa4196440e9a85e6dc8/dynamics_model.pt,,"[2.5e-05, 5e-05, 7.5e-05, 7.5e-05, 0.0001]",10,DMSD-combo,"[256, 256, 256]",1,10.0,True,0.01,,5,1000,False,5,False,10,[6],256,False,0.5,model,50000.0,1000,210,0.005,1000,,low,99,DMSD,1.0,False,256,7,0.001,,True,5,False,10,0.2,False,1,2.5,model,210,"[2.5, 3.5, 5]","[1, 5]","['model', 'mix']",/home/ubuntu/fortzl/NeoRL2/benchmark/tune_DMSD_domain,combo,/home/ubuntu/fortzl/NeoRL2/benchmark/tune_DMSD_domain/.aim/dynamics_model/03e78aa4196440e9a85e6dc8/dynamics_model.pt,DMSD-combo,210,DMSD,DMSD-combo,combo,DMSD,/home/ubuntu/fortzl/NeoRL2/benchmark/tune_DMSD_domain,/home/ubuntu/fortzl/NeoRL2/benchmark/tune_DMSD_domain/.aim/dynamics_model/03e78aa4196440e9a85e6dc8/dynamics_model.pt,210,discrete,"[1000000.0, 2000000.0]",discrete,"[1, 2, 5]",continuous,"[0.1, 10]",discrete,"[True, False]",discrete,"[0.05, 0.1, 0.2]"
74165_00025,588.832174369507,33.26436745565699,100.0,0.0,-161.98104858398438,-3.157318115234375,-2.659353256225586,-0.014720870181918144,1.074486255645752,/home/ubuntu/fortzl/NeoRL2/benchmark/tune_DMSD_domain/.aim/models/c55359b6aa2b4476bf23ad32/policy.pt,1714087241,,True,1,2024-04-26_07-20-41,19284.71194410324,19284.71194410324,647497,common-ddhjpyex,10.244.1.89,19284.71194410324,1,"25_cql_weight=3.5000,horizon=1,rho_s=model,seed=210",,[2],0.0001,/home/ubuntu/fortzl/NeoRL2/benchmark/tune_DMSD_domain,combo,0.0001,0.2,0.0003,3.5,0.0003,True,cuda,0.99,"[200, 200, 200, 200]",/home/ubuntu/fortzl/NeoRL2/benchmark/tune_DMSD_domain/.aim/dynamics_model/03e78aa4196440e9a85e6dc8/dynamics_model.pt,,"[2.5e-05, 5e-05, 7.5e-05, 7.5e-05, 0.0001]",10,DMSD-combo,"[256, 256, 256]",1,10.0,True,0.01,,5,1000,False,5,False,10,[6],256,False,0.5,model,50000.0,1000,210,0.005,1000,,low,99,DMSD,1.0,False,256,7,0.001,,True,5,False,10,0.2,False,1,3.5,model,210,"[2.5, 3.5, 5]","[1, 5]","['model', 'mix']",/home/ubuntu/fortzl/NeoRL2/benchmark/tune_DMSD_domain,combo,/home/ubuntu/fortzl/NeoRL2/benchmark/tune_DMSD_domain/.aim/dynamics_model/03e78aa4196440e9a85e6dc8/dynamics_model.pt,DMSD-combo,210,DMSD,DMSD-combo,combo,DMSD,/home/ubuntu/fortzl/NeoRL2/benchmark/tune_DMSD_domain,/home/ubuntu/fortzl/NeoRL2/benchmark/tune_DMSD_domain/.aim/dynamics_model/03e78aa4196440e9a85e6dc8/dynamics_model.pt,210,discrete,"[1000000.0, 2000000.0]",discrete,"[1, 2, 5]",continuous,"[0.1, 10]",discrete,"[True, False]",discrete,"[0.05, 0.1, 0.2]"
74165_00026,580.8635950115201,31.485506898711115,100.0,0.0,-51.85041046142578,0.026462554931640625,-1.6396141052246094,-0.03945433720946312,1.274482250213623,/home/ubuntu/fortzl/NeoRL2/benchmark/tune_DMSD_domain/.aim/models/95a003a43d57405abc277820/policy.pt,1714088190,,True,1,2024-04-26_07-36-30,19768.895676374435,19768.895676374435,647965,common-ddhjpyex,10.244.1.89,19768.895676374435,1,"26_cql_weight=5,horizon=1,rho_s=model,seed=210",,[2],0.0001,/home/ubuntu/fortzl/NeoRL2/benchmark/tune_DMSD_domain,combo,0.0001,0.2,0.0003,5.0,0.0003,True,cuda,0.99,"[200, 200, 200, 200]",/home/ubuntu/fortzl/NeoRL2/benchmark/tune_DMSD_domain/.aim/dynamics_model/03e78aa4196440e9a85e6dc8/dynamics_model.pt,,"[2.5e-05, 5e-05, 7.5e-05, 7.5e-05, 0.0001]",10,DMSD-combo,"[256, 256, 256]",1,10.0,True,0.01,,5,1000,False,5,False,10,[6],256,False,0.5,model,50000.0,1000,210,0.005,1000,,low,99,DMSD,1.0,False,256,7,0.001,,True,5,False,10,0.2,False,1,5.0,model,210,"[2.5, 3.5, 5]","[1, 5]","['model', 'mix']",/home/ubuntu/fortzl/NeoRL2/benchmark/tune_DMSD_domain,combo,/home/ubuntu/fortzl/NeoRL2/benchmark/tune_DMSD_domain/.aim/dynamics_model/03e78aa4196440e9a85e6dc8/dynamics_model.pt,DMSD-combo,210,DMSD,DMSD-combo,combo,DMSD,/home/ubuntu/fortzl/NeoRL2/benchmark/tune_DMSD_domain,/home/ubuntu/fortzl/NeoRL2/benchmark/tune_DMSD_domain/.aim/dynamics_model/03e78aa4196440e9a85e6dc8/dynamics_model.pt,210,discrete,"[1000000.0, 2000000.0]",discrete,"[1, 2, 5]",continuous,"[0.1, 10]",discrete,"[True, False]",discrete,"[0.05, 0.1, 0.2]"
74165_00027,572.6824329164699,35.511689400532305,100.0,0.0,-270.79730224609375,5.549571990966797,6.615863800048828,-0.0031512354034930468,0.945690929889679,/home/ubuntu/fortzl/NeoRL2/benchmark/tune_DMSD_domain/.aim/models/65adfc0719fe439abc4af94e/policy.pt,1714089510,,True,1,2024-04-26_07-58-30,20085.734549045563,20085.734549045563,648441,common-ddhjpyex,10.244.1.89,20085.734549045563,1,"27_cql_weight=2.5000,horizon=5,rho_s=model,seed=210",,[2],0.0001,/home/ubuntu/fortzl/NeoRL2/benchmark/tune_DMSD_domain,combo,0.0001,0.2,0.0003,2.5,0.0003,True,cuda,0.99,"[200, 200, 200, 200]",/home/ubuntu/fortzl/NeoRL2/benchmark/tune_DMSD_domain/.aim/dynamics_model/03e78aa4196440e9a85e6dc8/dynamics_model.pt,,"[2.5e-05, 5e-05, 7.5e-05, 7.5e-05, 0.0001]",10,DMSD-combo,"[256, 256, 256]",5,10.0,True,0.01,,5,1000,False,5,False,10,[6],256,False,0.5,model,50000.0,1000,210,0.005,1000,,low,99,DMSD,1.0,False,256,7,0.001,,True,5,False,10,0.2,False,5,2.5,model,210,"[2.5, 3.5, 5]","[1, 5]","['model', 'mix']",/home/ubuntu/fortzl/NeoRL2/benchmark/tune_DMSD_domain,combo,/home/ubuntu/fortzl/NeoRL2/benchmark/tune_DMSD_domain/.aim/dynamics_model/03e78aa4196440e9a85e6dc8/dynamics_model.pt,DMSD-combo,210,DMSD,DMSD-combo,combo,DMSD,/home/ubuntu/fortzl/NeoRL2/benchmark/tune_DMSD_domain,/home/ubuntu/fortzl/NeoRL2/benchmark/tune_DMSD_domain/.aim/dynamics_model/03e78aa4196440e9a85e6dc8/dynamics_model.pt,210,discrete,"[1000000.0, 2000000.0]",discrete,"[1, 2, 5]",continuous,"[0.1, 10]",discrete,"[True, False]",discrete,"[0.05, 0.1, 0.2]"
74165_00028,573.9488212140063,31.707167843056833,100.0,0.0,-179.5546112060547,12.486988067626953,9.5693359375,0.014225468039512634,1.2141872644424438,/home/ubuntu/fortzl/NeoRL2/benchmark/tune_DMSD_domain/.aim/models/69f78333cb9a467c88a85ef6/policy.pt,1714089865,,True,1,2024-04-26_08-04-25,20082.067435979843,20082.067435979843,648801,common-ddhjpyex,10.244.1.89,20082.067435979843,1,"28_cql_weight=3.5000,horizon=5,rho_s=model,seed=210",,[2],0.0001,/home/ubuntu/fortzl/NeoRL2/benchmark/tune_DMSD_domain,combo,0.0001,0.2,0.0003,3.5,0.0003,True,cuda,0.99,"[200, 200, 200, 200]",/home/ubuntu/fortzl/NeoRL2/benchmark/tune_DMSD_domain/.aim/dynamics_model/03e78aa4196440e9a85e6dc8/dynamics_model.pt,,"[2.5e-05, 5e-05, 7.5e-05, 7.5e-05, 0.0001]",10,DMSD-combo,"[256, 256, 256]",5,10.0,True,0.01,,5,1000,False,5,False,10,[6],256,False,0.5,model,50000.0,1000,210,0.005,1000,,low,99,DMSD,1.0,False,256,7,0.001,,True,5,False,10,0.2,False,5,3.5,model,210,"[2.5, 3.5, 5]","[1, 5]","['model', 'mix']",/home/ubuntu/fortzl/NeoRL2/benchmark/tune_DMSD_domain,combo,/home/ubuntu/fortzl/NeoRL2/benchmark/tune_DMSD_domain/.aim/dynamics_model/03e78aa4196440e9a85e6dc8/dynamics_model.pt,DMSD-combo,210,DMSD,DMSD-combo,combo,DMSD,/home/ubuntu/fortzl/NeoRL2/benchmark/tune_DMSD_domain,/home/ubuntu/fortzl/NeoRL2/benchmark/tune_DMSD_domain/.aim/dynamics_model/03e78aa4196440e9a85e6dc8/dynamics_model.pt,210,discrete,"[1000000.0, 2000000.0]",discrete,"[1, 2, 5]",continuous,"[0.1, 10]",discrete,"[True, False]",discrete,"[0.05, 0.1, 0.2]"
74165_00029,573.7730214440897,31.403826690733535,100.0,0.0,-44.4520378112793,3.6765289306640625,5.483860015869141,0.008995391428470612,1.5565366744995117,/home/ubuntu/fortzl/NeoRL2/benchmark/tune_DMSD_domain/.aim/models/f886e0514d464fcab321bf19/policy.pt,1714090408,,True,1,2024-04-26_08-13-28,20186.46826696396,20186.46826696396,649267,common-ddhjpyex,10.244.1.89,20186.46826696396,1,"29_cql_weight=5,horizon=5,rho_s=model,seed=210",,[2],0.0001,/home/ubuntu/fortzl/NeoRL2/benchmark/tune_DMSD_domain,combo,0.0001,0.2,0.0003,5.0,0.0003,True,cuda,0.99,"[200, 200, 200, 200]",/home/ubuntu/fortzl/NeoRL2/benchmark/tune_DMSD_domain/.aim/dynamics_model/03e78aa4196440e9a85e6dc8/dynamics_model.pt,,"[2.5e-05, 5e-05, 7.5e-05, 7.5e-05, 0.0001]",10,DMSD-combo,"[256, 256, 256]",5,10.0,True,0.01,,5,1000,False,5,False,10,[6],256,False,0.5,model,50000.0,1000,210,0.005,1000,,low,99,DMSD,1.0,False,256,7,0.001,,True,5,False,10,0.2,False,5,5.0,model,210,"[2.5, 3.5, 5]","[1, 5]","['model', 'mix']",/home/ubuntu/fortzl/NeoRL2/benchmark/tune_DMSD_domain,combo,/home/ubuntu/fortzl/NeoRL2/benchmark/tune_DMSD_domain/.aim/dynamics_model/03e78aa4196440e9a85e6dc8/dynamics_model.pt,DMSD-combo,210,DMSD,DMSD-combo,combo,DMSD,/home/ubuntu/fortzl/NeoRL2/benchmark/tune_DMSD_domain,/home/ubuntu/fortzl/NeoRL2/benchmark/tune_DMSD_domain/.aim/dynamics_model/03e78aa4196440e9a85e6dc8/dynamics_model.pt,210,discrete,"[1000000.0, 2000000.0]",discrete,"[1, 2, 5]",continuous,"[0.1, 10]",discrete,"[True, False]",discrete,"[0.05, 0.1, 0.2]"
74165_00030,588.5870005036909,33.67894519590101,100.0,0.0,-243.57632446289062,1.010354995727539,1.1001005172729492,0.018809448927640915,0.9250599145889282,/home/ubuntu/fortzl/NeoRL2/benchmark/tune_DMSD_domain/.aim/models/38ebcf260e774973afc771a2/policy.pt,1714106730,,True,1,2024-04-26_12-45-30,20285.06462788582,20285.06462788582,654992,common-ddhjpyex,10.244.1.89,20285.06462788582,1,"30_cql_weight=2.5000,horizon=1,rho_s=mix,seed=210",,[2],0.0001,/home/ubuntu/fortzl/NeoRL2/benchmark/tune_DMSD_domain,combo,0.0001,0.2,0.0003,2.5,0.0003,True,cuda,0.99,"[200, 200, 200, 200]",/home/ubuntu/fortzl/NeoRL2/benchmark/tune_DMSD_domain/.aim/dynamics_model/03e78aa4196440e9a85e6dc8/dynamics_model.pt,,"[2.5e-05, 5e-05, 7.5e-05, 7.5e-05, 0.0001]",10,DMSD-combo,"[256, 256, 256]",1,10.0,True,0.01,,5,1000,False,5,False,10,[6],256,False,0.5,mix,50000.0,1000,210,0.005,1000,,low,99,DMSD,1.0,False,256,7,0.001,,True,5,False,10,0.2,False,1,2.5,mix,210,"[2.5, 3.5, 5]","[1, 5]","['model', 'mix']",/home/ubuntu/fortzl/NeoRL2/benchmark/tune_DMSD_domain,combo,/home/ubuntu/fortzl/NeoRL2/benchmark/tune_DMSD_domain/.aim/dynamics_model/03e78aa4196440e9a85e6dc8/dynamics_model.pt,DMSD-combo,210,DMSD,DMSD-combo,combo,DMSD,/home/ubuntu/fortzl/NeoRL2/benchmark/tune_DMSD_domain,/home/ubuntu/fortzl/NeoRL2/benchmark/tune_DMSD_domain/.aim/dynamics_model/03e78aa4196440e9a85e6dc8/dynamics_model.pt,210,discrete,"[1000000.0, 2000000.0]",discrete,"[1, 2, 5]",continuous,"[0.1, 10]",discrete,"[True, False]",discrete,"[0.05, 0.1, 0.2]"
74165_00031,580.2068554971222,31.877448170350938,100.0,0.0,-157.69715881347656,-3.705075263977051,-2.4325876235961914,-0.01901407167315483,1.0829017162322998,/home/ubuntu/fortzl/NeoRL2/benchmark/tune_DMSD_domain/.aim/models/03b62ceea2a044d0a08e5907/policy.pt,1714107546,,True,1,2024-04-26_12-59-06,20300.14610338211,20300.14610338211,655359,common-ddhjpyex,10.244.1.89,20300.14610338211,1,"31_cql_weight=3.5000,horizon=1,rho_s=mix,seed=210",,[2],0.0001,/home/ubuntu/fortzl/NeoRL2/benchmark/tune_DMSD_domain,combo,0.0001,0.2,0.0003,3.5,0.0003,True,cuda,0.99,"[200, 200, 200, 200]",/home/ubuntu/fortzl/NeoRL2/benchmark/tune_DMSD_domain/.aim/dynamics_model/03e78aa4196440e9a85e6dc8/dynamics_model.pt,,"[2.5e-05, 5e-05, 7.5e-05, 7.5e-05, 0.0001]",10,DMSD-combo,"[256, 256, 256]",1,10.0,True,0.01,,5,1000,False,5,False,10,[6],256,False,0.5,mix,50000.0,1000,210,0.005,1000,,low,99,DMSD,1.0,False,256,7,0.001,,True,5,False,10,0.2,False,1,3.5,mix,210,"[2.5, 3.5, 5]","[1, 5]","['model', 'mix']",/home/ubuntu/fortzl/NeoRL2/benchmark/tune_DMSD_domain,combo,/home/ubuntu/fortzl/NeoRL2/benchmark/tune_DMSD_domain/.aim/dynamics_model/03e78aa4196440e9a85e6dc8/dynamics_model.pt,DMSD-combo,210,DMSD,DMSD-combo,combo,DMSD,/home/ubuntu/fortzl/NeoRL2/benchmark/tune_DMSD_domain,/home/ubuntu/fortzl/NeoRL2/benchmark/tune_DMSD_domain/.aim/dynamics_model/03e78aa4196440e9a85e6dc8/dynamics_model.pt,210,discrete,"[1000000.0, 2000000.0]",discrete,"[1, 2, 5]",continuous,"[0.1, 10]",discrete,"[True, False]",discrete,"[0.05, 0.1, 0.2]"
74165_00032,577.1847360093212,32.20048821236618,100.0,0.0,-36.69207000732422,1.1837234497070312,1.5060405731201172,-0.045111529529094696,1.2681218385696411,/home/ubuntu/fortzl/NeoRL2/benchmark/tune_DMSD_domain/.aim/models/a7854b5fe229499caad3dbd5/policy.pt,1714108924,,True,1,2024-04-26_13-22-04,20729.31178879738,20729.31178879738,655937,common-ddhjpyex,10.244.1.89,20729.31178879738,1,"32_cql_weight=5,horizon=1,rho_s=mix,seed=210",,[2],0.0001,/home/ubuntu/fortzl/NeoRL2/benchmark/tune_DMSD_domain,combo,0.0001,0.2,0.0003,5.0,0.0003,True,cuda,0.99,"[200, 200, 200, 200]",/home/ubuntu/fortzl/NeoRL2/benchmark/tune_DMSD_domain/.aim/dynamics_model/03e78aa4196440e9a85e6dc8/dynamics_model.pt,,"[2.5e-05, 5e-05, 7.5e-05, 7.5e-05, 0.0001]",10,DMSD-combo,"[256, 256, 256]",1,10.0,True,0.01,,5,1000,False,5,False,10,[6],256,False,0.5,mix,50000.0,1000,210,0.005,1000,,low,99,DMSD,1.0,False,256,7,0.001,,True,5,False,10,0.2,False,1,5.0,mix,210,"[2.5, 3.5, 5]","[1, 5]","['model', 'mix']",/home/ubuntu/fortzl/NeoRL2/benchmark/tune_DMSD_domain,combo,/home/ubuntu/fortzl/NeoRL2/benchmark/tune_DMSD_domain/.aim/dynamics_model/03e78aa4196440e9a85e6dc8/dynamics_model.pt,DMSD-combo,210,DMSD,DMSD-combo,combo,DMSD,/home/ubuntu/fortzl/NeoRL2/benchmark/tune_DMSD_domain,/home/ubuntu/fortzl/NeoRL2/benchmark/tune_DMSD_domain/.aim/dynamics_model/03e78aa4196440e9a85e6dc8/dynamics_model.pt,210,discrete,"[1000000.0, 2000000.0]",discrete,"[1, 2, 5]",continuous,"[0.1, 10]",discrete,"[True, False]",discrete,"[0.05, 0.1, 0.2]"
74165_00033,569.3581325146845,36.39338498354589,100.0,0.0,-295.1348876953125,6.098447799682617,3.3493919372558594,8.206325583159924e-05,1.0258134603500366,/home/ubuntu/fortzl/NeoRL2/benchmark/tune_DMSD_domain/.aim/models/e2948aaffb2f4b64bb64e8da/policy.pt,1714109135,,True,1,2024-04-26_13-25-35,19620.190611362457,19620.190611362457,656627,common-ddhjpyex,10.244.1.89,19620.190611362457,1,"33_cql_weight=2.5000,horizon=5,rho_s=mix,seed=210",,[2],0.0001,/home/ubuntu/fortzl/NeoRL2/benchmark/tune_DMSD_domain,combo,0.0001,0.2,0.0003,2.5,0.0003,True,cuda,0.99,"[200, 200, 200, 200]",/home/ubuntu/fortzl/NeoRL2/benchmark/tune_DMSD_domain/.aim/dynamics_model/03e78aa4196440e9a85e6dc8/dynamics_model.pt,,"[2.5e-05, 5e-05, 7.5e-05, 7.5e-05, 0.0001]",10,DMSD-combo,"[256, 256, 256]",5,10.0,True,0.01,,5,1000,False,5,False,10,[6],256,False,0.5,mix,50000.0,1000,210,0.005,1000,,low,99,DMSD,1.0,False,256,7,0.001,,True,5,False,10,0.2,False,5,2.5,mix,210,"[2.5, 3.5, 5]","[1, 5]","['model', 'mix']",/home/ubuntu/fortzl/NeoRL2/benchmark/tune_DMSD_domain,combo,/home/ubuntu/fortzl/NeoRL2/benchmark/tune_DMSD_domain/.aim/dynamics_model/03e78aa4196440e9a85e6dc8/dynamics_model.pt,DMSD-combo,210,DMSD,DMSD-combo,combo,DMSD,/home/ubuntu/fortzl/NeoRL2/benchmark/tune_DMSD_domain,/home/ubuntu/fortzl/NeoRL2/benchmark/tune_DMSD_domain/.aim/dynamics_model/03e78aa4196440e9a85e6dc8/dynamics_model.pt,210,discrete,"[1000000.0, 2000000.0]",discrete,"[1, 2, 5]",continuous,"[0.1, 10]",discrete,"[True, False]",discrete,"[0.05, 0.1, 0.2]"
74165_00034,572.0275287949946,33.431608410096075,100.0,0.0,-227.0343780517578,4.531352996826172,2.837066650390625,0.023642973974347115,1.210052728652954,/home/ubuntu/fortzl/NeoRL2/benchmark/tune_DMSD_domain/.aim/models/4273525ef1e14ebfb300b885/policy.pt,1714110628,,True,1,2024-04-26_13-50-28,20759.324523687363,20759.324523687363,656987,common-ddhjpyex,10.244.1.89,20759.324523687363,1,"34_cql_weight=3.5000,horizon=5,rho_s=mix,seed=210",,[2],0.0001,/home/ubuntu/fortzl/NeoRL2/benchmark/tune_DMSD_domain,combo,0.0001,0.2,0.0003,3.5,0.0003,True,cuda,0.99,"[200, 200, 200, 200]",/home/ubuntu/fortzl/NeoRL2/benchmark/tune_DMSD_domain/.aim/dynamics_model/03e78aa4196440e9a85e6dc8/dynamics_model.pt,,"[2.5e-05, 5e-05, 7.5e-05, 7.5e-05, 0.0001]",10,DMSD-combo,"[256, 256, 256]",5,10.0,True,0.01,,5,1000,False,5,False,10,[6],256,False,0.5,mix,50000.0,1000,210,0.005,1000,,low,99,DMSD,1.0,False,256,7,0.001,,True,5,False,10,0.2,False,5,3.5,mix,210,"[2.5, 3.5, 5]","[1, 5]","['model', 'mix']",/home/ubuntu/fortzl/NeoRL2/benchmark/tune_DMSD_domain,combo,/home/ubuntu/fortzl/NeoRL2/benchmark/tune_DMSD_domain/.aim/dynamics_model/03e78aa4196440e9a85e6dc8/dynamics_model.pt,DMSD-combo,210,DMSD,DMSD-combo,combo,DMSD,/home/ubuntu/fortzl/NeoRL2/benchmark/tune_DMSD_domain,/home/ubuntu/fortzl/NeoRL2/benchmark/tune_DMSD_domain/.aim/dynamics_model/03e78aa4196440e9a85e6dc8/dynamics_model.pt,210,discrete,"[1000000.0, 2000000.0]",discrete,"[1, 2, 5]",continuous,"[0.1, 10]",discrete,"[True, False]",discrete,"[0.05, 0.1, 0.2]"
74165_00035,573.9979432625016,30.749884906548377,100.0,0.0,-120.11536407470703,6.789848327636719,3.7357521057128906,0.047658346593379974,1.4996966123580933,/home/ubuntu/fortzl/NeoRL2/benchmark/tune_DMSD_domain/.aim/models/fb6498e7e9784cebafc62649/policy.pt,1714110982,,True,1,2024-04-26_13-56-22,20570.033309221268,20570.033309221268,657559,common-ddhjpyex,10.244.1.89,20570.033309221268,1,"35_cql_weight=5,horizon=5,rho_s=mix,seed=210",,[2],0.0001,/home/ubuntu/fortzl/NeoRL2/benchmark/tune_DMSD_domain,combo,0.0001,0.2,0.0003,5.0,0.0003,True,cuda,0.99,"[200, 200, 200, 200]",/home/ubuntu/fortzl/NeoRL2/benchmark/tune_DMSD_domain/.aim/dynamics_model/03e78aa4196440e9a85e6dc8/dynamics_model.pt,,"[2.5e-05, 5e-05, 7.5e-05, 7.5e-05, 0.0001]",10,DMSD-combo,"[256, 256, 256]",5,10.0,True,0.01,,5,1000,False,5,False,10,[6],256,False,0.5,mix,50000.0,1000,210,0.005,1000,,low,99,DMSD,1.0,False,256,7,0.001,,True,5,False,10,0.2,False,5,5.0,mix,210,"[2.5, 3.5, 5]","[1, 5]","['model', 'mix']",/home/ubuntu/fortzl/NeoRL2/benchmark/tune_DMSD_domain,combo,/home/ubuntu/fortzl/NeoRL2/benchmark/tune_DMSD_domain/.aim/dynamics_model/03e78aa4196440e9a85e6dc8/dynamics_model.pt,DMSD-combo,210,DMSD,DMSD-combo,combo,DMSD,/home/ubuntu/fortzl/NeoRL2/benchmark/tune_DMSD_domain,/home/ubuntu/fortzl/NeoRL2/benchmark/tune_DMSD_domain/.aim/dynamics_model/03e78aa4196440e9a85e6dc8/dynamics_model.pt,210,discrete,"[1000000.0, 2000000.0]",discrete,"[1, 2, 5]",continuous,"[0.1, 10]",discrete,"[True, False]",discrete,"[0.05, 0.1, 0.2]"
