trial_id,Reward_Mean_Env,Reward_Std_Env,Length_Mean_Env,Length_Std_Env,policy_loass,q1_loss,q2_loss,alpha_loss,alpha,model_path,timestamp,checkpoint_dir_name,done,training_iteration,date,time_this_iter_s,time_total_s,pid,hostname,node_ip,time_since_restore,iterations_since_restore,experiment_tag,hparams/act_shape,hparams/action_shape,hparams/actor_lr,hparams/aim_path,hparams/algo_name,hparams/batch_size,hparams/critic_lr,hparams/deterministic_backup,hparams/device,hparams/discount,hparams/discrete,hparams/exp_name,hparams/explore,hparams/hidden_layer_size,hparams/lagrange_thresh,hparams/layer_num,hparams/max_action,hparams/max_epoch,hparams/min_q_version,hparams/min_q_weight,hparams/num_random,hparams/obs_shape,hparams/policy_bc_steps,hparams/q_backup_lmbda,hparams/reward_scale,hparams/seed,hparams/soft_target_tau,hparams/steps_per_epoch,hparams/target_entropy,hparams/task_data_type,hparams/task_train_num,hparams/task,hparams/temp,hparams/type_q_backup,hparams/use_automatic_entropy_tuning,hparams/with_lagrange,config/min_q_version,config/min_q_weight,config/lagrange_thresh,config/seed,hparams/grid_tune/lagrange_thresh,hparams/grid_tune/min_q_version,hparams/grid_tune/min_q_weight,hparams/kwargs/aim_path,hparams/kwargs/algo_name,hparams/kwargs/exp_name,hparams/kwargs/seed,hparams/kwargs/task,config/kwargs/exp_name,config/kwargs/algo_name,config/kwargs/task,config/kwargs/aim_path,config/kwargs/seed,hparams/params_tune/actor_lr/type,hparams/params_tune/actor_lr/value,hparams/params_tune/lagrange_thresh/type,hparams/params_tune/lagrange_thresh/value,hparams/params_tune/min_q_version/type,hparams/params_tune/min_q_version/value,hparams/params_tune/min_q_weight/type,hparams/params_tune/min_q_weight/value,hparams/params_tune/type_q_backup/type,hparams/params_tune/type_q_backup/value
59611_00000,0.6192100837963681,9.028293129310011,100.0,0.0,3088.582763671875,33.232505798339844,34.47261047363281,-0.1182413324713707,2.980602741241455,/home/ubuntu/fortzl/NeoRL2/benchmark/tune_Fusion_domain_lastmodel/.aim/models/7db789bacb584bc0bfda5514/policy.pt,1716200560,,True,1,2024-05-20_18-22-40,26425.89440894127,26425.89440894127,306464,common-ddhjpyex,10.244.1.89,26425.89440894127,1,"0_lagrange_thresh=-1,min_q_version=2,min_q_weight=5,seed=7",,6,0.0001,/home/ubuntu/fortzl/NeoRL2/benchmark/tune_Fusion_domain_lastmodel,cql,256,0.0003,False,cuda,0.99,False,Fusion-cql,1.0,256,-1,2,,1000,2,5,10,15,40000,0.75,1,7,0.005,1000,,low,99,Fusion,1.0,min,True,False,2,5,-1,7,"[-1, 2, 5, 10]","[2, 3]","[5, 10]",/home/ubuntu/fortzl/NeoRL2/benchmark/tune_Fusion_domain_lastmodel,cql,Fusion-cql,7,Fusion,Fusion-cql,cql,Fusion,/home/ubuntu/fortzl/NeoRL2/benchmark/tune_Fusion_domain_lastmodel,7,discrete,"[0.0001, 0.0003]",discrete,"[-1, 2, 5, 10]",discrete,"[2, 3]",discrete,"[5, 10]",discrete,"['max', 'none']"
59611_00001,5.489739848339441,8.871196675382762,100.0,0.0,20198.220703125,-1841110.25,-1784612.375,0.0721617937088012,10.360577583312988,/home/ubuntu/fortzl/NeoRL2/benchmark/tune_Fusion_domain_lastmodel/.aim/models/b143bcccdbc143d7ae581647/policy.pt,1716206177,,True,1,2024-05-20_19-56-17,32042.749445438385,32042.749445438385,306513,common-ddhjpyex,10.244.1.89,32042.749445438385,1,"1_lagrange_thresh=2,min_q_version=2,min_q_weight=5,seed=7",,6,0.0001,/home/ubuntu/fortzl/NeoRL2/benchmark/tune_Fusion_domain_lastmodel,cql,256,0.0003,False,cuda,0.99,False,Fusion-cql,1.0,256,2,2,,1000,2,5,10,15,40000,0.75,1,7,0.005,1000,,low,99,Fusion,1.0,min,True,False,2,5,2,7,"[-1, 2, 5, 10]","[2, 3]","[5, 10]",/home/ubuntu/fortzl/NeoRL2/benchmark/tune_Fusion_domain_lastmodel,cql,Fusion-cql,7,Fusion,Fusion-cql,cql,Fusion,/home/ubuntu/fortzl/NeoRL2/benchmark/tune_Fusion_domain_lastmodel,7,discrete,"[0.0001, 0.0003]",discrete,"[-1, 2, 5, 10]",discrete,"[2, 3]",discrete,"[5, 10]",discrete,"['max', 'none']"
59611_00002,2.834775429567961,8.58625952016942,100.0,0.0,2303.4990234375,19.25984001159668,15.466684341430664,0.0376503132283687,2.225388765335083,/home/ubuntu/fortzl/NeoRL2/benchmark/tune_Fusion_domain_lastmodel/.aim/models/185fe536be204f5cbf9b528a/policy.pt,1716205851,,True,1,2024-05-20_19-50-51,31717.17509484291,31717.17509484291,306563,common-ddhjpyex,10.244.1.89,31717.17509484291,1,"2_lagrange_thresh=5,min_q_version=2,min_q_weight=5,seed=7",,6,0.0001,/home/ubuntu/fortzl/NeoRL2/benchmark/tune_Fusion_domain_lastmodel,cql,256,0.0003,False,cuda,0.99,False,Fusion-cql,1.0,256,5,2,,1000,2,5,10,15,40000,0.75,1,7,0.005,1000,,low,99,Fusion,1.0,min,True,False,2,5,5,7,"[-1, 2, 5, 10]","[2, 3]","[5, 10]",/home/ubuntu/fortzl/NeoRL2/benchmark/tune_Fusion_domain_lastmodel,cql,Fusion-cql,7,Fusion,Fusion-cql,cql,Fusion,/home/ubuntu/fortzl/NeoRL2/benchmark/tune_Fusion_domain_lastmodel,7,discrete,"[0.0001, 0.0003]",discrete,"[-1, 2, 5, 10]",discrete,"[2, 3]",discrete,"[5, 10]",discrete,"['max', 'none']"
59611_00003,1.0106975154224815,8.192758560312084,100.0,0.0,641.2569580078125,1.210835576057434,1.0455299615859983,-0.0330007821321487,0.6711492538452148,/home/ubuntu/fortzl/NeoRL2/benchmark/tune_Fusion_domain_lastmodel/.aim/models/9517e00748bc41d69b90193e/policy.pt,1716205678,,True,1,2024-05-20_19-47-58,31543.754580259323,31543.754580259323,306536,common-ddhjpyex,10.244.1.89,31543.754580259323,1,"3_lagrange_thresh=10,min_q_version=2,min_q_weight=5,seed=7",,6,0.0001,/home/ubuntu/fortzl/NeoRL2/benchmark/tune_Fusion_domain_lastmodel,cql,256,0.0003,False,cuda,0.99,False,Fusion-cql,1.0,256,10,2,,1000,2,5,10,15,40000,0.75,1,7,0.005,1000,,low,99,Fusion,1.0,min,True,False,2,5,10,7,"[-1, 2, 5, 10]","[2, 3]","[5, 10]",/home/ubuntu/fortzl/NeoRL2/benchmark/tune_Fusion_domain_lastmodel,cql,Fusion-cql,7,Fusion,Fusion-cql,cql,Fusion,/home/ubuntu/fortzl/NeoRL2/benchmark/tune_Fusion_domain_lastmodel,7,discrete,"[0.0001, 0.0003]",discrete,"[-1, 2, 5, 10]",discrete,"[2, 3]",discrete,"[5, 10]",discrete,"['max', 'none']"
59611_00004,1.7730921750958224,8.194437822678337,100.0,0.0,26568.59765625,3942.255859375,4298.416015625,0.5182040929794312,30.09092712402344,/home/ubuntu/fortzl/NeoRL2/benchmark/tune_Fusion_domain_lastmodel/.aim/models/fab1b3fd7ae7412b93e14bbe/policy.pt,1716200929,,True,1,2024-05-20_18-28-49,26795.02342534065,26795.02342534065,306564,common-ddhjpyex,10.244.1.89,26795.02342534065,1,"4_lagrange_thresh=-1,min_q_version=3,min_q_weight=5,seed=7",,6,0.0001,/home/ubuntu/fortzl/NeoRL2/benchmark/tune_Fusion_domain_lastmodel,cql,256,0.0003,False,cuda,0.99,False,Fusion-cql,1.0,256,-1,2,,1000,3,5,10,15,40000,0.75,1,7,0.005,1000,,low,99,Fusion,1.0,min,True,False,3,5,-1,7,"[-1, 2, 5, 10]","[2, 3]","[5, 10]",/home/ubuntu/fortzl/NeoRL2/benchmark/tune_Fusion_domain_lastmodel,cql,Fusion-cql,7,Fusion,Fusion-cql,cql,Fusion,/home/ubuntu/fortzl/NeoRL2/benchmark/tune_Fusion_domain_lastmodel,7,discrete,"[0.0001, 0.0003]",discrete,"[-1, 2, 5, 10]",discrete,"[2, 3]",discrete,"[5, 10]",discrete,"['max', 'none']"
59611_00005,5.933952397433718,5.833752083431454,100.0,0.0,20.139148712158203,0.1472062021493911,0.1676383018493652,0.03876593708992,0.1570131927728653,/home/ubuntu/fortzl/NeoRL2/benchmark/tune_Fusion_domain_lastmodel/.aim/models/fa9998ebb36c4c5f8bb01938/policy.pt,1716206359,,True,1,2024-05-20_19-59-19,32225.80149626732,32225.80149626732,306565,common-ddhjpyex,10.244.1.89,32225.80149626732,1,"5_lagrange_thresh=2,min_q_version=3,min_q_weight=5,seed=7",,6,0.0001,/home/ubuntu/fortzl/NeoRL2/benchmark/tune_Fusion_domain_lastmodel,cql,256,0.0003,False,cuda,0.99,False,Fusion-cql,1.0,256,2,2,,1000,3,5,10,15,40000,0.75,1,7,0.005,1000,,low,99,Fusion,1.0,min,True,False,3,5,2,7,"[-1, 2, 5, 10]","[2, 3]","[5, 10]",/home/ubuntu/fortzl/NeoRL2/benchmark/tune_Fusion_domain_lastmodel,cql,Fusion-cql,7,Fusion,Fusion-cql,cql,Fusion,/home/ubuntu/fortzl/NeoRL2/benchmark/tune_Fusion_domain_lastmodel,7,discrete,"[0.0001, 0.0003]",discrete,"[-1, 2, 5, 10]",discrete,"[2, 3]",discrete,"[5, 10]",discrete,"['max', 'none']"
59611_00006,-7.273915121334206,5.41472914864234,100.0,0.0,-10.346685409545898,0.1132827401161193,0.112685739994049,0.2083114087581634,0.1241463795304298,/home/ubuntu/fortzl/NeoRL2/benchmark/tune_Fusion_domain_lastmodel/.aim/models/a6569ec4c9cb4b8d8b8f0b99/policy.pt,1716231425,,True,1,2024-05-21_02-57-05,30861.23914694786,30861.23914694786,377918,common-ddhjpyex,10.244.1.89,30861.23914694786,1,"6_lagrange_thresh=5,min_q_version=3,min_q_weight=5,seed=7",,6,0.0001,/home/ubuntu/fortzl/NeoRL2/benchmark/tune_Fusion_domain_lastmodel,cql,256,0.0003,False,cuda,0.99,False,Fusion-cql,1.0,256,5,2,,1000,3,5,10,15,40000,0.75,1,7,0.005,1000,,low,99,Fusion,1.0,min,True,False,3,5,5,7,"[-1, 2, 5, 10]","[2, 3]","[5, 10]",/home/ubuntu/fortzl/NeoRL2/benchmark/tune_Fusion_domain_lastmodel,cql,Fusion-cql,7,Fusion,Fusion-cql,cql,Fusion,/home/ubuntu/fortzl/NeoRL2/benchmark/tune_Fusion_domain_lastmodel,7,discrete,"[0.0001, 0.0003]",discrete,"[-1, 2, 5, 10]",discrete,"[2, 3]",discrete,"[5, 10]",discrete,"['max', 'none']"
59611_00007,-13.849462573193128,4.986362365580969,100.0,0.0,-31.09552001953125,0.3054467439651489,0.2634123265743255,-0.3092511594295501,0.1456906795501709,/home/ubuntu/fortzl/NeoRL2/benchmark/tune_Fusion_domain_lastmodel/.aim/models/749189154a4641839c52f276/policy.pt,1716232312,,True,1,2024-05-21_03-11-52,31379.043383836743,31379.043383836743,378288,common-ddhjpyex,10.244.1.89,31379.043383836743,1,"7_lagrange_thresh=10,min_q_version=3,min_q_weight=5,seed=7",,6,0.0001,/home/ubuntu/fortzl/NeoRL2/benchmark/tune_Fusion_domain_lastmodel,cql,256,0.0003,False,cuda,0.99,False,Fusion-cql,1.0,256,10,2,,1000,3,5,10,15,40000,0.75,1,7,0.005,1000,,low,99,Fusion,1.0,min,True,False,3,5,10,7,"[-1, 2, 5, 10]","[2, 3]","[5, 10]",/home/ubuntu/fortzl/NeoRL2/benchmark/tune_Fusion_domain_lastmodel,cql,Fusion-cql,7,Fusion,Fusion-cql,cql,Fusion,/home/ubuntu/fortzl/NeoRL2/benchmark/tune_Fusion_domain_lastmodel,7,discrete,"[0.0001, 0.0003]",discrete,"[-1, 2, 5, 10]",discrete,"[2, 3]",discrete,"[5, 10]",discrete,"['max', 'none']"
59611_00008,4.7362979004749866,8.690727159247833,100.0,0.0,3312.525634765625,28.15660858154297,30.703155517578125,-0.0652155429124832,3.212791204452514,/home/ubuntu/fortzl/NeoRL2/benchmark/tune_Fusion_domain_lastmodel/.aim/models/a6e44b70745248c7bd435e24/policy.pt,1716231990,,True,1,2024-05-21_03-06-30,26307.80102968216,26307.80102968216,386243,common-ddhjpyex,10.244.1.89,26307.80102968216,1,"8_lagrange_thresh=-1,min_q_version=2,min_q_weight=10,seed=7",,6,0.0001,/home/ubuntu/fortzl/NeoRL2/benchmark/tune_Fusion_domain_lastmodel,cql,256,0.0003,False,cuda,0.99,False,Fusion-cql,1.0,256,-1,2,,1000,2,10,10,15,40000,0.75,1,7,0.005,1000,,low,99,Fusion,1.0,min,True,False,2,10,-1,7,"[-1, 2, 5, 10]","[2, 3]","[5, 10]",/home/ubuntu/fortzl/NeoRL2/benchmark/tune_Fusion_domain_lastmodel,cql,Fusion-cql,7,Fusion,Fusion-cql,cql,Fusion,/home/ubuntu/fortzl/NeoRL2/benchmark/tune_Fusion_domain_lastmodel,7,discrete,"[0.0001, 0.0003]",discrete,"[-1, 2, 5, 10]",discrete,"[2, 3]",discrete,"[5, 10]",discrete,"['max', 'none']"
59611_00009,6.358282185956841,9.015063367695388,100.0,0.0,39693.8359375,-1321560.5,-1837198.125,-0.0326143652200698,10.661344528198242,/home/ubuntu/fortzl/NeoRL2/benchmark/tune_Fusion_domain_lastmodel/.aim/models/2340e5bf3af844eba7e2eeea/policy.pt,1716236465,,True,1,2024-05-21_04-21-05,30609.903497457504,30609.903497457504,386964,common-ddhjpyex,10.244.1.89,30609.903497457504,1,"9_lagrange_thresh=2,min_q_version=2,min_q_weight=10,seed=7",,6,0.0001,/home/ubuntu/fortzl/NeoRL2/benchmark/tune_Fusion_domain_lastmodel,cql,256,0.0003,False,cuda,0.99,False,Fusion-cql,1.0,256,2,2,,1000,2,10,10,15,40000,0.75,1,7,0.005,1000,,low,99,Fusion,1.0,min,True,False,2,10,2,7,"[-1, 2, 5, 10]","[2, 3]","[5, 10]",/home/ubuntu/fortzl/NeoRL2/benchmark/tune_Fusion_domain_lastmodel,cql,Fusion-cql,7,Fusion,Fusion-cql,cql,Fusion,/home/ubuntu/fortzl/NeoRL2/benchmark/tune_Fusion_domain_lastmodel,7,discrete,"[0.0001, 0.0003]",discrete,"[-1, 2, 5, 10]",discrete,"[2, 3]",discrete,"[5, 10]",discrete,"['max', 'none']"
59611_00010,7.061527296923028,8.720888476170655,100.0,0.0,38053.5546875,-4630079.0,-4834848.0,0.1341172754764557,10.807047843933104,/home/ubuntu/fortzl/NeoRL2/benchmark/tune_Fusion_domain_lastmodel/.aim/models/4a5a092fb4ef495e8484f500/policy.pt,1716238007,,True,1,2024-05-21_04-46-47,31826.612044095997,31826.612044095997,387314,common-ddhjpyex,10.244.1.89,31826.612044095997,1,"10_lagrange_thresh=5,min_q_version=2,min_q_weight=10,seed=7",,6,0.0001,/home/ubuntu/fortzl/NeoRL2/benchmark/tune_Fusion_domain_lastmodel,cql,256,0.0003,False,cuda,0.99,False,Fusion-cql,1.0,256,5,2,,1000,2,10,10,15,40000,0.75,1,7,0.005,1000,,low,99,Fusion,1.0,min,True,False,2,10,5,7,"[-1, 2, 5, 10]","[2, 3]","[5, 10]",/home/ubuntu/fortzl/NeoRL2/benchmark/tune_Fusion_domain_lastmodel,cql,Fusion-cql,7,Fusion,Fusion-cql,cql,Fusion,/home/ubuntu/fortzl/NeoRL2/benchmark/tune_Fusion_domain_lastmodel,7,discrete,"[0.0001, 0.0003]",discrete,"[-1, 2, 5, 10]",discrete,"[2, 3]",discrete,"[5, 10]",discrete,"['max', 'none']"
59611_00011,4.735174841331793,8.721752764542273,100.0,0.0,2146.24755859375,16.47927474975586,11.148527145385742,-0.019049234688282,2.1035330295562744,/home/ubuntu/fortzl/NeoRL2/benchmark/tune_Fusion_domain_lastmodel/.aim/models/fb9172566cad489d8663a672/policy.pt,1716237963,,True,1,2024-05-21_04-46-03,31600.451205968857,31600.451205968857,387626,common-ddhjpyex,10.244.1.89,31600.451205968857,1,"11_lagrange_thresh=10,min_q_version=2,min_q_weight=10,seed=7",,6,0.0001,/home/ubuntu/fortzl/NeoRL2/benchmark/tune_Fusion_domain_lastmodel,cql,256,0.0003,False,cuda,0.99,False,Fusion-cql,1.0,256,10,2,,1000,2,10,10,15,40000,0.75,1,7,0.005,1000,,low,99,Fusion,1.0,min,True,False,2,10,10,7,"[-1, 2, 5, 10]","[2, 3]","[5, 10]",/home/ubuntu/fortzl/NeoRL2/benchmark/tune_Fusion_domain_lastmodel,cql,Fusion-cql,7,Fusion,Fusion-cql,cql,Fusion,/home/ubuntu/fortzl/NeoRL2/benchmark/tune_Fusion_domain_lastmodel,7,discrete,"[0.0001, 0.0003]",discrete,"[-1, 2, 5, 10]",discrete,"[2, 3]",discrete,"[5, 10]",discrete,"['max', 'none']"
59611_00012,-0.4979533940730689,8.326982928057657,100.0,0.0,63569.5625,17704.76171875,20897.1171875,-0.5030353665351868,76.3668212890625,/home/ubuntu/fortzl/NeoRL2/benchmark/tune_Fusion_domain_lastmodel/.aim/models/f1be06179b924f1f9ab1217c/policy.pt,1716257761,,True,1,2024-05-21_10-16-01,26331.593943357468,26331.593943357468,421678,common-ddhjpyex,10.244.1.89,26331.593943357468,1,"12_lagrange_thresh=-1,min_q_version=3,min_q_weight=10,seed=7",,6,0.0001,/home/ubuntu/fortzl/NeoRL2/benchmark/tune_Fusion_domain_lastmodel,cql,256,0.0003,False,cuda,0.99,False,Fusion-cql,1.0,256,-1,2,,1000,3,10,10,15,40000,0.75,1,7,0.005,1000,,low,99,Fusion,1.0,min,True,False,3,10,-1,7,"[-1, 2, 5, 10]","[2, 3]","[5, 10]",/home/ubuntu/fortzl/NeoRL2/benchmark/tune_Fusion_domain_lastmodel,cql,Fusion-cql,7,Fusion,Fusion-cql,cql,Fusion,/home/ubuntu/fortzl/NeoRL2/benchmark/tune_Fusion_domain_lastmodel,7,discrete,"[0.0001, 0.0003]",discrete,"[-1, 2, 5, 10]",discrete,"[2, 3]",discrete,"[5, 10]",discrete,"['max', 'none']"
59611_00013,2.5328533508584576,5.4849010432384855,100.0,0.0,41.05550384521485,0.232485756278038,0.2126528471708297,1.239210844039917,0.1565675735473632,/home/ubuntu/fortzl/NeoRL2/benchmark/tune_Fusion_domain_lastmodel/.aim/models/a17d6fdbdbbd4ebeb55fe9ec/policy.pt,1716262337,,True,1,2024-05-21_11-32-17,30342.58971476555,30342.58971476555,422027,common-ddhjpyex,10.244.1.89,30342.58971476555,1,"13_lagrange_thresh=2,min_q_version=3,min_q_weight=10,seed=7",,6,0.0001,/home/ubuntu/fortzl/NeoRL2/benchmark/tune_Fusion_domain_lastmodel,cql,256,0.0003,False,cuda,0.99,False,Fusion-cql,1.0,256,2,2,,1000,3,10,10,15,40000,0.75,1,7,0.005,1000,,low,99,Fusion,1.0,min,True,False,3,10,2,7,"[-1, 2, 5, 10]","[2, 3]","[5, 10]",/home/ubuntu/fortzl/NeoRL2/benchmark/tune_Fusion_domain_lastmodel,cql,Fusion-cql,7,Fusion,Fusion-cql,cql,Fusion,/home/ubuntu/fortzl/NeoRL2/benchmark/tune_Fusion_domain_lastmodel,7,discrete,"[0.0001, 0.0003]",discrete,"[-1, 2, 5, 10]",discrete,"[2, 3]",discrete,"[5, 10]",discrete,"['max', 'none']"
59611_00014,0.7708134632388919,5.777223629764379,100.0,0.0,31.30259704589844,0.3485820591449737,0.4892106056213379,0.1604260355234146,0.1765781044960022,/home/ubuntu/fortzl/NeoRL2/benchmark/tune_Fusion_domain_lastmodel/.aim/models/b94330e0ea0a4af6846fbb56/policy.pt,1716263537,,True,1,2024-05-21_11-52-17,31221.121864318848,31221.121864318848,422318,common-ddhjpyex,10.244.1.89,31221.121864318848,1,"14_lagrange_thresh=5,min_q_version=3,min_q_weight=10,seed=7",,6,0.0001,/home/ubuntu/fortzl/NeoRL2/benchmark/tune_Fusion_domain_lastmodel,cql,256,0.0003,False,cuda,0.99,False,Fusion-cql,1.0,256,5,2,,1000,3,10,10,15,40000,0.75,1,7,0.005,1000,,low,99,Fusion,1.0,min,True,False,3,10,5,7,"[-1, 2, 5, 10]","[2, 3]","[5, 10]",/home/ubuntu/fortzl/NeoRL2/benchmark/tune_Fusion_domain_lastmodel,cql,Fusion-cql,7,Fusion,Fusion-cql,cql,Fusion,/home/ubuntu/fortzl/NeoRL2/benchmark/tune_Fusion_domain_lastmodel,7,discrete,"[0.0001, 0.0003]",discrete,"[-1, 2, 5, 10]",discrete,"[2, 3]",discrete,"[5, 10]",discrete,"['max', 'none']"
59611_00015,-9.081985277661897,5.454143404132696,100.0,0.0,-3.60529351234436,0.1829928904771804,0.2214580923318863,0.8179856538772583,0.1349793374538421,/home/ubuntu/fortzl/NeoRL2/benchmark/tune_Fusion_domain_lastmodel/.aim/models/846eb747fe3543d3a586d6f8/policy.pt,1716266710,,True,1,2024-05-21_12-45-10,30240.67277240753,30240.67277240753,423245,common-ddhjpyex,10.244.1.89,30240.67277240753,1,"15_lagrange_thresh=10,min_q_version=3,min_q_weight=10,seed=7",,6,0.0001,/home/ubuntu/fortzl/NeoRL2/benchmark/tune_Fusion_domain_lastmodel,cql,256,0.0003,False,cuda,0.99,False,Fusion-cql,1.0,256,10,2,,1000,3,10,10,15,40000,0.75,1,7,0.005,1000,,low,99,Fusion,1.0,min,True,False,3,10,10,7,"[-1, 2, 5, 10]","[2, 3]","[5, 10]",/home/ubuntu/fortzl/NeoRL2/benchmark/tune_Fusion_domain_lastmodel,cql,Fusion-cql,7,Fusion,Fusion-cql,cql,Fusion,/home/ubuntu/fortzl/NeoRL2/benchmark/tune_Fusion_domain_lastmodel,7,discrete,"[0.0001, 0.0003]",discrete,"[-1, 2, 5, 10]",discrete,"[2, 3]",discrete,"[5, 10]",discrete,"['max', 'none']"
59611_00016,3.5807215521111218,8.257033215776405,100.0,0.0,3381.484130859375,35.32758331298828,35.953651428222656,0.0264875665307045,3.2728042602539062,/home/ubuntu/fortzl/NeoRL2/benchmark/tune_Fusion_domain_lastmodel/.aim/models/cb6e17b65e644b5cbdc50235/policy.pt,1716264726,,True,1,2024-05-21_12-12-06,26759.25963902473,26759.25963902473,423726,common-ddhjpyex,10.244.1.89,26759.25963902473,1,"16_lagrange_thresh=-1,min_q_version=2,min_q_weight=5,seed=42",,6,0.0001,/home/ubuntu/fortzl/NeoRL2/benchmark/tune_Fusion_domain_lastmodel,cql,256,0.0003,False,cuda,0.99,False,Fusion-cql,1.0,256,-1,2,,1000,2,5,10,15,40000,0.75,1,42,0.005,1000,,low,99,Fusion,1.0,min,True,False,2,5,-1,42,"[-1, 2, 5, 10]","[2, 3]","[5, 10]",/home/ubuntu/fortzl/NeoRL2/benchmark/tune_Fusion_domain_lastmodel,cql,Fusion-cql,42,Fusion,Fusion-cql,cql,Fusion,/home/ubuntu/fortzl/NeoRL2/benchmark/tune_Fusion_domain_lastmodel,42,discrete,"[0.0001, 0.0003]",discrete,"[-1, 2, 5, 10]",discrete,"[2, 3]",discrete,"[5, 10]",discrete,"['max', 'none']"
59611_00017,4.345223621086392,8.856127181752232,100.0,0.0,19937.234375,-1292643.125,-1957920.875,-0.312845379114151,11.333455085754396,/home/ubuntu/fortzl/NeoRL2/benchmark/tune_Fusion_domain_lastmodel/.aim/models/abeb9147c7144781a0659375/policy.pt,1716268705,,True,1,2024-05-21_13-18-25,30695.01445364952,30695.01445364952,423984,common-ddhjpyex,10.244.1.89,30695.01445364952,1,"17_lagrange_thresh=2,min_q_version=2,min_q_weight=5,seed=42",,6,0.0001,/home/ubuntu/fortzl/NeoRL2/benchmark/tune_Fusion_domain_lastmodel,cql,256,0.0003,False,cuda,0.99,False,Fusion-cql,1.0,256,2,2,,1000,2,5,10,15,40000,0.75,1,42,0.005,1000,,low,99,Fusion,1.0,min,True,False,2,5,2,42,"[-1, 2, 5, 10]","[2, 3]","[5, 10]",/home/ubuntu/fortzl/NeoRL2/benchmark/tune_Fusion_domain_lastmodel,cql,Fusion-cql,42,Fusion,Fusion-cql,cql,Fusion,/home/ubuntu/fortzl/NeoRL2/benchmark/tune_Fusion_domain_lastmodel,42,discrete,"[0.0001, 0.0003]",discrete,"[-1, 2, 5, 10]",discrete,"[2, 3]",discrete,"[5, 10]",discrete,"['max', 'none']"
59611_00018,3.5862549929879552,8.603594336526095,100.0,0.0,2354.630859375,19.62608528137207,15.263240814208984,-0.1129393428564071,2.2811591625213623,/home/ubuntu/fortzl/NeoRL2/benchmark/tune_Fusion_domain_lastmodel/.aim/models/6fdf87f57b2d4eceb3ca5277/policy.pt,1716288344,,True,1,2024-05-21_18-45-44,30578.78083062172,30578.78083062172,427345,common-ddhjpyex,10.244.1.89,30578.78083062172,1,"18_lagrange_thresh=5,min_q_version=2,min_q_weight=5,seed=42",,6,0.0001,/home/ubuntu/fortzl/NeoRL2/benchmark/tune_Fusion_domain_lastmodel,cql,256,0.0003,False,cuda,0.99,False,Fusion-cql,1.0,256,5,2,,1000,2,5,10,15,40000,0.75,1,42,0.005,1000,,low,99,Fusion,1.0,min,True,False,2,5,5,42,"[-1, 2, 5, 10]","[2, 3]","[5, 10]",/home/ubuntu/fortzl/NeoRL2/benchmark/tune_Fusion_domain_lastmodel,cql,Fusion-cql,42,Fusion,Fusion-cql,cql,Fusion,/home/ubuntu/fortzl/NeoRL2/benchmark/tune_Fusion_domain_lastmodel,42,discrete,"[0.0001, 0.0003]",discrete,"[-1, 2, 5, 10]",discrete,"[2, 3]",discrete,"[5, 10]",discrete,"['max', 'none']"
59611_00019,6.9792443662933055,8.143306177637099,100.0,0.0,632.819091796875,1.1797425746917725,1.199650764465332,-0.0399999320507049,0.667012631893158,/home/ubuntu/fortzl/NeoRL2/benchmark/tune_Fusion_domain_lastmodel/.aim/models/f7ff732b983e4a6494147c66/policy.pt,1716293250,,True,1,2024-05-21_20-07-30,30909.11611938477,30909.11611938477,428311,common-ddhjpyex,10.244.1.89,30909.11611938477,1,"19_lagrange_thresh=10,min_q_version=2,min_q_weight=5,seed=42",,6,0.0001,/home/ubuntu/fortzl/NeoRL2/benchmark/tune_Fusion_domain_lastmodel,cql,256,0.0003,False,cuda,0.99,False,Fusion-cql,1.0,256,10,2,,1000,2,5,10,15,40000,0.75,1,42,0.005,1000,,low,99,Fusion,1.0,min,True,False,2,5,10,42,"[-1, 2, 5, 10]","[2, 3]","[5, 10]",/home/ubuntu/fortzl/NeoRL2/benchmark/tune_Fusion_domain_lastmodel,cql,Fusion-cql,42,Fusion,Fusion-cql,cql,Fusion,/home/ubuntu/fortzl/NeoRL2/benchmark/tune_Fusion_domain_lastmodel,42,discrete,"[0.0001, 0.0003]",discrete,"[-1, 2, 5, 10]",discrete,"[2, 3]",discrete,"[5, 10]",discrete,"['max', 'none']"
59611_00020,0.3595712524649161,8.25795566041453,100.0,0.0,32627.228515625,3845.35009765625,4358.6513671875,0.5676412582397461,37.73286056518555,/home/ubuntu/fortzl/NeoRL2/benchmark/tune_Fusion_domain_lastmodel/.aim/models/c674a614ee2342879cbc7aac/policy.pt,1716290311,,True,1,2024-05-21_19-18-31,26769.943348169327,26769.943348169327,428743,common-ddhjpyex,10.244.1.89,26769.943348169327,1,"20_lagrange_thresh=-1,min_q_version=3,min_q_weight=5,seed=42",,6,0.0001,/home/ubuntu/fortzl/NeoRL2/benchmark/tune_Fusion_domain_lastmodel,cql,256,0.0003,False,cuda,0.99,False,Fusion-cql,1.0,256,-1,2,,1000,3,5,10,15,40000,0.75,1,42,0.005,1000,,low,99,Fusion,1.0,min,True,False,3,5,-1,42,"[-1, 2, 5, 10]","[2, 3]","[5, 10]",/home/ubuntu/fortzl/NeoRL2/benchmark/tune_Fusion_domain_lastmodel,cql,Fusion-cql,42,Fusion,Fusion-cql,cql,Fusion,/home/ubuntu/fortzl/NeoRL2/benchmark/tune_Fusion_domain_lastmodel,42,discrete,"[0.0001, 0.0003]",discrete,"[-1, 2, 5, 10]",discrete,"[2, 3]",discrete,"[5, 10]",discrete,"['max', 'none']"
59611_00021,3.027883316005319,5.695430088389303,100.0,0.0,12.31434726715088,0.1659434288740158,0.1626990437507629,0.2995712161064148,0.1382438391447067,/home/ubuntu/fortzl/NeoRL2/benchmark/tune_Fusion_domain_lastmodel/.aim/models/e7201a78a5ae46a3b4df5f1b/policy.pt,1716295613,,True,1,2024-05-21_20-46-53,30882.7762067318,30882.7762067318,429181,common-ddhjpyex,10.244.1.89,30882.7762067318,1,"21_lagrange_thresh=2,min_q_version=3,min_q_weight=5,seed=42",,6,0.0001,/home/ubuntu/fortzl/NeoRL2/benchmark/tune_Fusion_domain_lastmodel,cql,256,0.0003,False,cuda,0.99,False,Fusion-cql,1.0,256,2,2,,1000,3,5,10,15,40000,0.75,1,42,0.005,1000,,low,99,Fusion,1.0,min,True,False,3,5,2,42,"[-1, 2, 5, 10]","[2, 3]","[5, 10]",/home/ubuntu/fortzl/NeoRL2/benchmark/tune_Fusion_domain_lastmodel,cql,Fusion-cql,42,Fusion,Fusion-cql,cql,Fusion,/home/ubuntu/fortzl/NeoRL2/benchmark/tune_Fusion_domain_lastmodel,42,discrete,"[0.0001, 0.0003]",discrete,"[-1, 2, 5, 10]",discrete,"[2, 3]",discrete,"[5, 10]",discrete,"['max', 'none']"
59611_00022,1.0432985575480904,5.770584737505529,100.0,0.0,0.0604755841195583,0.1744626611471176,0.1477006524801254,0.8895210027694702,0.1436810493469238,/home/ubuntu/fortzl/NeoRL2/benchmark/tune_Fusion_domain_lastmodel/.aim/models/8c7811432fa44d6d99f62d39/policy.pt,1716296962,,True,1,2024-05-21_21-09-22,30248.515557289124,30248.515557289124,429734,common-ddhjpyex,10.244.1.89,30248.515557289124,1,"22_lagrange_thresh=5,min_q_version=3,min_q_weight=5,seed=42",,6,0.0001,/home/ubuntu/fortzl/NeoRL2/benchmark/tune_Fusion_domain_lastmodel,cql,256,0.0003,False,cuda,0.99,False,Fusion-cql,1.0,256,5,2,,1000,3,5,10,15,40000,0.75,1,42,0.005,1000,,low,99,Fusion,1.0,min,True,False,3,5,5,42,"[-1, 2, 5, 10]","[2, 3]","[5, 10]",/home/ubuntu/fortzl/NeoRL2/benchmark/tune_Fusion_domain_lastmodel,cql,Fusion-cql,42,Fusion,Fusion-cql,cql,Fusion,/home/ubuntu/fortzl/NeoRL2/benchmark/tune_Fusion_domain_lastmodel,42,discrete,"[0.0001, 0.0003]",discrete,"[-1, 2, 5, 10]",discrete,"[2, 3]",discrete,"[5, 10]",discrete,"['max', 'none']"
59611_00023,-14.725435640691492,5.155104689348051,100.0,0.0,-24.372093200683597,0.3179419636726379,0.2958219051361084,0.7103394865989685,0.1820421367883682,/home/ubuntu/fortzl/NeoRL2/benchmark/tune_Fusion_domain_lastmodel/.aim/models/2d1db3948dda41a697c611ea/policy.pt,1716299229,,True,1,2024-05-21_21-47-09,30520.081043481827,30520.081043481827,430305,common-ddhjpyex,10.244.1.89,30520.081043481827,1,"23_lagrange_thresh=10,min_q_version=3,min_q_weight=5,seed=42",,6,0.0001,/home/ubuntu/fortzl/NeoRL2/benchmark/tune_Fusion_domain_lastmodel,cql,256,0.0003,False,cuda,0.99,False,Fusion-cql,1.0,256,10,2,,1000,3,5,10,15,40000,0.75,1,42,0.005,1000,,low,99,Fusion,1.0,min,True,False,3,5,10,42,"[-1, 2, 5, 10]","[2, 3]","[5, 10]",/home/ubuntu/fortzl/NeoRL2/benchmark/tune_Fusion_domain_lastmodel,cql,Fusion-cql,42,Fusion,Fusion-cql,cql,Fusion,/home/ubuntu/fortzl/NeoRL2/benchmark/tune_Fusion_domain_lastmodel,42,discrete,"[0.0001, 0.0003]",discrete,"[-1, 2, 5, 10]",discrete,"[2, 3]",discrete,"[5, 10]",discrete,"['max', 'none']"
59611_00024,4.729043629038442,8.647612070687991,100.0,0.0,3687.008544921875,46.099082946777344,45.63619995117188,0.036968495696783,3.5578389167785645,/home/ubuntu/fortzl/NeoRL2/benchmark/tune_Fusion_domain_lastmodel/.aim/models/a2e8ebac01554fed9c186f69/policy.pt,1716313622,,True,1,2024-05-22_01-47-02,25274.049441337585,25274.049441337585,436232,common-ddhjpyex,10.244.1.89,25274.049441337585,1,"24_lagrange_thresh=-1,min_q_version=2,min_q_weight=10,seed=42",,6,0.0001,/home/ubuntu/fortzl/NeoRL2/benchmark/tune_Fusion_domain_lastmodel,cql,256,0.0003,False,cuda,0.99,False,Fusion-cql,1.0,256,-1,2,,1000,2,10,10,15,40000,0.75,1,42,0.005,1000,,low,99,Fusion,1.0,min,True,False,2,10,-1,42,"[-1, 2, 5, 10]","[2, 3]","[5, 10]",/home/ubuntu/fortzl/NeoRL2/benchmark/tune_Fusion_domain_lastmodel,cql,Fusion-cql,42,Fusion,Fusion-cql,cql,Fusion,/home/ubuntu/fortzl/NeoRL2/benchmark/tune_Fusion_domain_lastmodel,42,discrete,"[0.0001, 0.0003]",discrete,"[-1, 2, 5, 10]",discrete,"[2, 3]",discrete,"[5, 10]",discrete,"['max', 'none']"
59611_00025,4.152670901464156,8.845123293560635,100.0,0.0,25948.88671875,95396.90625,-1610311.625,-0.1138381510972976,11.09270191192627,/home/ubuntu/fortzl/NeoRL2/benchmark/tune_Fusion_domain_lastmodel/.aim/models/e7967dea565a41ba8d353641/policy.pt,1716320517,,True,1,2024-05-22_03-41-57,30202.1154294014,30202.1154294014,437101,common-ddhjpyex,10.244.1.89,30202.1154294014,1,"25_lagrange_thresh=2,min_q_version=2,min_q_weight=10,seed=42",,6,0.0001,/home/ubuntu/fortzl/NeoRL2/benchmark/tune_Fusion_domain_lastmodel,cql,256,0.0003,False,cuda,0.99,False,Fusion-cql,1.0,256,2,2,,1000,2,10,10,15,40000,0.75,1,42,0.005,1000,,low,99,Fusion,1.0,min,True,False,2,10,2,42,"[-1, 2, 5, 10]","[2, 3]","[5, 10]",/home/ubuntu/fortzl/NeoRL2/benchmark/tune_Fusion_domain_lastmodel,cql,Fusion-cql,42,Fusion,Fusion-cql,cql,Fusion,/home/ubuntu/fortzl/NeoRL2/benchmark/tune_Fusion_domain_lastmodel,42,discrete,"[0.0001, 0.0003]",discrete,"[-1, 2, 5, 10]",discrete,"[2, 3]",discrete,"[5, 10]",discrete,"['max', 'none']"
59611_00026,3.5086941909358558,8.700497721446578,100.0,0.0,28697.03125,-4658012.5,-4557973.5,-0.1601033508777618,9.595474243164062,/home/ubuntu/fortzl/NeoRL2/benchmark/tune_Fusion_domain_lastmodel/.aim/models/7580e717db20430b8ad2c1b3/policy.pt,1716322099,,True,1,2024-05-22_04-08-19,28845.25896716118,28845.25896716118,438263,common-ddhjpyex,10.244.1.89,28845.25896716118,1,"26_lagrange_thresh=5,min_q_version=2,min_q_weight=10,seed=42",,6,0.0001,/home/ubuntu/fortzl/NeoRL2/benchmark/tune_Fusion_domain_lastmodel,cql,256,0.0003,False,cuda,0.99,False,Fusion-cql,1.0,256,5,2,,1000,2,10,10,15,40000,0.75,1,42,0.005,1000,,low,99,Fusion,1.0,min,True,False,2,10,5,42,"[-1, 2, 5, 10]","[2, 3]","[5, 10]",/home/ubuntu/fortzl/NeoRL2/benchmark/tune_Fusion_domain_lastmodel,cql,Fusion-cql,42,Fusion,Fusion-cql,cql,Fusion,/home/ubuntu/fortzl/NeoRL2/benchmark/tune_Fusion_domain_lastmodel,42,discrete,"[0.0001, 0.0003]",discrete,"[-1, 2, 5, 10]",discrete,"[2, 3]",discrete,"[5, 10]",discrete,"['max', 'none']"
59611_00027,3.9214091887300566,8.717661842950498,100.0,0.0,1976.849365234375,7.357566356658935,7.29775857925415,0.0593540258705616,1.9221317768096924,/home/ubuntu/fortzl/NeoRL2/benchmark/tune_Fusion_domain_lastmodel/.aim/models/f802bc2c5bf24f3fb66ab287/policy.pt,1716326492,,True,1,2024-05-22_05-21-32,30874.80347943306,30874.80347943306,439226,common-ddhjpyex,10.244.1.89,30874.80347943306,1,"27_lagrange_thresh=10,min_q_version=2,min_q_weight=10,seed=42",,6,0.0001,/home/ubuntu/fortzl/NeoRL2/benchmark/tune_Fusion_domain_lastmodel,cql,256,0.0003,False,cuda,0.99,False,Fusion-cql,1.0,256,10,2,,1000,2,10,10,15,40000,0.75,1,42,0.005,1000,,low,99,Fusion,1.0,min,True,False,2,10,10,42,"[-1, 2, 5, 10]","[2, 3]","[5, 10]",/home/ubuntu/fortzl/NeoRL2/benchmark/tune_Fusion_domain_lastmodel,cql,Fusion-cql,42,Fusion,Fusion-cql,cql,Fusion,/home/ubuntu/fortzl/NeoRL2/benchmark/tune_Fusion_domain_lastmodel,42,discrete,"[0.0001, 0.0003]",discrete,"[-1, 2, 5, 10]",discrete,"[2, 3]",discrete,"[5, 10]",discrete,"['max', 'none']"
59611_00028,2.7781721161377946,8.040914999218119,100.0,0.0,42590.78515625,7290.373046875,7850.484375,-0.023416981101036,48.47465133666992,/home/ubuntu/fortzl/NeoRL2/benchmark/tune_Fusion_domain_lastmodel/.aim/models/2a452a106f5a4057881dac9e/policy.pt,1716322470,,True,1,2024-05-22_04-14-30,25503.51994824409,25503.51994824409,439885,common-ddhjpyex,10.244.1.89,25503.51994824409,1,"28_lagrange_thresh=-1,min_q_version=3,min_q_weight=10,seed=42",,6,0.0001,/home/ubuntu/fortzl/NeoRL2/benchmark/tune_Fusion_domain_lastmodel,cql,256,0.0003,False,cuda,0.99,False,Fusion-cql,1.0,256,-1,2,,1000,3,10,10,15,40000,0.75,1,42,0.005,1000,,low,99,Fusion,1.0,min,True,False,3,10,-1,42,"[-1, 2, 5, 10]","[2, 3]","[5, 10]",/home/ubuntu/fortzl/NeoRL2/benchmark/tune_Fusion_domain_lastmodel,cql,Fusion-cql,42,Fusion,Fusion-cql,cql,Fusion,/home/ubuntu/fortzl/NeoRL2/benchmark/tune_Fusion_domain_lastmodel,42,discrete,"[0.0001, 0.0003]",discrete,"[-1, 2, 5, 10]",discrete,"[2, 3]",discrete,"[5, 10]",discrete,"['max', 'none']"
59611_00029,6.225743435949295,5.659194537225725,100.0,0.0,46.50175476074219,0.2327754646539688,0.2095408141613006,-0.1394910812377929,0.1565803438425064,/home/ubuntu/fortzl/NeoRL2/benchmark/tune_Fusion_domain_lastmodel/.aim/models/429a4c6fe38b436daff61239/policy.pt,1716330372,,True,1,2024-05-22_06-26-12,31138.03236913681,31138.03236913681,440827,common-ddhjpyex,10.244.1.89,31138.03236913681,1,"29_lagrange_thresh=2,min_q_version=3,min_q_weight=10,seed=42",,6,0.0001,/home/ubuntu/fortzl/NeoRL2/benchmark/tune_Fusion_domain_lastmodel,cql,256,0.0003,False,cuda,0.99,False,Fusion-cql,1.0,256,2,2,,1000,3,10,10,15,40000,0.75,1,42,0.005,1000,,low,99,Fusion,1.0,min,True,False,3,10,2,42,"[-1, 2, 5, 10]","[2, 3]","[5, 10]",/home/ubuntu/fortzl/NeoRL2/benchmark/tune_Fusion_domain_lastmodel,cql,Fusion-cql,42,Fusion,Fusion-cql,cql,Fusion,/home/ubuntu/fortzl/NeoRL2/benchmark/tune_Fusion_domain_lastmodel,42,discrete,"[0.0001, 0.0003]",discrete,"[-1, 2, 5, 10]",discrete,"[2, 3]",discrete,"[5, 10]",discrete,"['max', 'none']"
59611_00030,2.296354033416297,5.61595843298735,100.0,0.0,13.169248580932615,0.1350265890359878,0.1641776710748672,0.1738741099834442,0.1348719000816345,/home/ubuntu/fortzl/NeoRL2/benchmark/tune_Fusion_domain_lastmodel/.aim/models/cd22463e353d4dc89675d76f/policy.pt,1716344744,,True,1,2024-05-22_10-25-44,31118.10122513771,31118.10122513771,444313,common-ddhjpyex,10.244.1.89,31118.10122513771,1,"30_lagrange_thresh=5,min_q_version=3,min_q_weight=10,seed=42",,6,0.0001,/home/ubuntu/fortzl/NeoRL2/benchmark/tune_Fusion_domain_lastmodel,cql,256,0.0003,False,cuda,0.99,False,Fusion-cql,1.0,256,5,2,,1000,3,10,10,15,40000,0.75,1,42,0.005,1000,,low,99,Fusion,1.0,min,True,False,3,10,5,42,"[-1, 2, 5, 10]","[2, 3]","[5, 10]",/home/ubuntu/fortzl/NeoRL2/benchmark/tune_Fusion_domain_lastmodel,cql,Fusion-cql,42,Fusion,Fusion-cql,cql,Fusion,/home/ubuntu/fortzl/NeoRL2/benchmark/tune_Fusion_domain_lastmodel,42,discrete,"[0.0001, 0.0003]",discrete,"[-1, 2, 5, 10]",discrete,"[2, 3]",discrete,"[5, 10]",discrete,"['max', 'none']"
59611_00031,-3.455872378861472,5.450824728589579,100.0,0.0,-1.875566363334656,0.2788433134555816,0.2393570840358734,0.4000962376594543,0.1429251432418823,/home/ubuntu/fortzl/NeoRL2/benchmark/tune_Fusion_domain_lastmodel/.aim/models/7978c73f0c6748f0a22149da/policy.pt,1716352994,,True,1,2024-05-22_12-43-14,32473.07048559189,32473.07048559189,446198,common-ddhjpyex,10.244.1.89,32473.07048559189,1,"31_lagrange_thresh=10,min_q_version=3,min_q_weight=10,seed=42",,6,0.0001,/home/ubuntu/fortzl/NeoRL2/benchmark/tune_Fusion_domain_lastmodel,cql,256,0.0003,False,cuda,0.99,False,Fusion-cql,1.0,256,10,2,,1000,3,10,10,15,40000,0.75,1,42,0.005,1000,,low,99,Fusion,1.0,min,True,False,3,10,10,42,"[-1, 2, 5, 10]","[2, 3]","[5, 10]",/home/ubuntu/fortzl/NeoRL2/benchmark/tune_Fusion_domain_lastmodel,cql,Fusion-cql,42,Fusion,Fusion-cql,cql,Fusion,/home/ubuntu/fortzl/NeoRL2/benchmark/tune_Fusion_domain_lastmodel,42,discrete,"[0.0001, 0.0003]",discrete,"[-1, 2, 5, 10]",discrete,"[2, 3]",discrete,"[5, 10]",discrete,"['max', 'none']"
59611_00032,2.706885206997458,8.622882129478091,100.0,0.0,3067.048095703125,24.9566593170166,26.169715881347656,-0.0277774296700954,2.922616720199585,/home/ubuntu/fortzl/NeoRL2/benchmark/tune_Fusion_domain_lastmodel/.aim/models/8c40eafb81114994b637b1d3/policy.pt,1716348363,,True,1,2024-05-22_11-26-03,26259.39736938477,26259.39736938477,446832,common-ddhjpyex,10.244.1.89,26259.39736938477,1,"32_lagrange_thresh=-1,min_q_version=2,min_q_weight=5,seed=210",,6,0.0001,/home/ubuntu/fortzl/NeoRL2/benchmark/tune_Fusion_domain_lastmodel,cql,256,0.0003,False,cuda,0.99,False,Fusion-cql,1.0,256,-1,2,,1000,2,5,10,15,40000,0.75,1,210,0.005,1000,,low,99,Fusion,1.0,min,True,False,2,5,-1,210,"[-1, 2, 5, 10]","[2, 3]","[5, 10]",/home/ubuntu/fortzl/NeoRL2/benchmark/tune_Fusion_domain_lastmodel,cql,Fusion-cql,210,Fusion,Fusion-cql,cql,Fusion,/home/ubuntu/fortzl/NeoRL2/benchmark/tune_Fusion_domain_lastmodel,210,discrete,"[0.0001, 0.0003]",discrete,"[-1, 2, 5, 10]",discrete,"[2, 3]",discrete,"[5, 10]",discrete,"['max', 'none']"
59611_00033,0.8475093309000322,9.084601430882293,100.0,0.0,20197.3515625,-1953400.0,-1733578.375,0.2555539608001709,10.055830955505373,/home/ubuntu/fortzl/NeoRL2/benchmark/tune_Fusion_domain_lastmodel/.aim/models/c8c3dc92fc6c4131812057a9/policy.pt,1716353931,,True,1,2024-05-22_12-58-51,31457.3191447258,31457.3191447258,447167,common-ddhjpyex,10.244.1.89,31457.3191447258,1,"33_lagrange_thresh=2,min_q_version=2,min_q_weight=5,seed=210",,6,0.0001,/home/ubuntu/fortzl/NeoRL2/benchmark/tune_Fusion_domain_lastmodel,cql,256,0.0003,False,cuda,0.99,False,Fusion-cql,1.0,256,2,2,,1000,2,5,10,15,40000,0.75,1,210,0.005,1000,,low,99,Fusion,1.0,min,True,False,2,5,2,210,"[-1, 2, 5, 10]","[2, 3]","[5, 10]",/home/ubuntu/fortzl/NeoRL2/benchmark/tune_Fusion_domain_lastmodel,cql,Fusion-cql,210,Fusion,Fusion-cql,cql,Fusion,/home/ubuntu/fortzl/NeoRL2/benchmark/tune_Fusion_domain_lastmodel,210,discrete,"[0.0001, 0.0003]",discrete,"[-1, 2, 5, 10]",discrete,"[2, 3]",discrete,"[5, 10]",discrete,"['max', 'none']"
59611_00034,6.6674010550109,8.563949111677445,100.0,0.0,2553.32763671875,13.190119743347168,13.0040864944458,0.055592231452465,2.4686174392700195,/home/ubuntu/fortzl/NeoRL2/benchmark/tune_Fusion_domain_lastmodel/.aim/models/74394ed9443b4176a612916f/policy.pt,1716358786,,True,1,2024-05-22_14-19-46,32289.80605816841,32289.80605816841,448410,common-ddhjpyex,10.244.1.89,32289.80605816841,1,"34_lagrange_thresh=5,min_q_version=2,min_q_weight=5,seed=210",,6,0.0001,/home/ubuntu/fortzl/NeoRL2/benchmark/tune_Fusion_domain_lastmodel,cql,256,0.0003,False,cuda,0.99,False,Fusion-cql,1.0,256,5,2,,1000,2,5,10,15,40000,0.75,1,210,0.005,1000,,low,99,Fusion,1.0,min,True,False,2,5,5,210,"[-1, 2, 5, 10]","[2, 3]","[5, 10]",/home/ubuntu/fortzl/NeoRL2/benchmark/tune_Fusion_domain_lastmodel,cql,Fusion-cql,210,Fusion,Fusion-cql,cql,Fusion,/home/ubuntu/fortzl/NeoRL2/benchmark/tune_Fusion_domain_lastmodel,210,discrete,"[0.0001, 0.0003]",discrete,"[-1, 2, 5, 10]",discrete,"[2, 3]",discrete,"[5, 10]",discrete,"['max', 'none']"
59611_00035,7.375551251909094,8.43826173537518,100.0,0.0,655.6138916015625,1.7257810831069946,1.4289422035217283,-0.0196175146847963,0.6803327202796936,/home/ubuntu/fortzl/NeoRL2/benchmark/tune_Fusion_domain_lastmodel/.aim/models/4fe79f5ed3f84c498c836d03/policy.pt,1716362360,,True,1,2024-05-22_15-19-20,31984.55320239067,31984.55320239067,449610,common-ddhjpyex,10.244.1.89,31984.55320239067,1,"35_lagrange_thresh=10,min_q_version=2,min_q_weight=5,seed=210",,6,0.0001,/home/ubuntu/fortzl/NeoRL2/benchmark/tune_Fusion_domain_lastmodel,cql,256,0.0003,False,cuda,0.99,False,Fusion-cql,1.0,256,10,2,,1000,2,5,10,15,40000,0.75,1,210,0.005,1000,,low,99,Fusion,1.0,min,True,False,2,5,10,210,"[-1, 2, 5, 10]","[2, 3]","[5, 10]",/home/ubuntu/fortzl/NeoRL2/benchmark/tune_Fusion_domain_lastmodel,cql,Fusion-cql,210,Fusion,Fusion-cql,cql,Fusion,/home/ubuntu/fortzl/NeoRL2/benchmark/tune_Fusion_domain_lastmodel,210,discrete,"[0.0001, 0.0003]",discrete,"[-1, 2, 5, 10]",discrete,"[2, 3]",discrete,"[5, 10]",discrete,"['max', 'none']"
59611_00036,2.871475995621036,8.248758887471586,100.0,0.0,22480.021484375,2192.998779296875,1993.16357421875,-0.0955709144473075,24.62489128112793,/home/ubuntu/fortzl/NeoRL2/benchmark/tune_Fusion_domain_lastmodel/.aim/models/73914d1f8fd943429ee9ca53/policy.pt,1716371190,,True,1,2024-05-22_17-46-30,26441.9702167511,26441.9702167511,456676,common-ddhjpyex,10.244.1.89,26441.9702167511,1,"36_lagrange_thresh=-1,min_q_version=3,min_q_weight=5,seed=210",,6,0.0001,/home/ubuntu/fortzl/NeoRL2/benchmark/tune_Fusion_domain_lastmodel,cql,256,0.0003,False,cuda,0.99,False,Fusion-cql,1.0,256,-1,2,,1000,3,5,10,15,40000,0.75,1,210,0.005,1000,,low,99,Fusion,1.0,min,True,False,3,5,-1,210,"[-1, 2, 5, 10]","[2, 3]","[5, 10]",/home/ubuntu/fortzl/NeoRL2/benchmark/tune_Fusion_domain_lastmodel,cql,Fusion-cql,210,Fusion,Fusion-cql,cql,Fusion,/home/ubuntu/fortzl/NeoRL2/benchmark/tune_Fusion_domain_lastmodel,210,discrete,"[0.0001, 0.0003]",discrete,"[-1, 2, 5, 10]",discrete,"[2, 3]",discrete,"[5, 10]",discrete,"['max', 'none']"
59611_00037,2.710969908991137,5.8708060450854695,100.0,0.0,13.264599800109863,0.2029014229774475,0.1985424757003784,-0.5745528936386108,0.1470540165901184,/home/ubuntu/fortzl/NeoRL2/benchmark/tune_Fusion_domain_lastmodel/.aim/models/4184c153b753448f8351932d/policy.pt,1716379866,,True,1,2024-05-22_20-11-06,31498.853518009186,31498.853518009186,466797,common-ddhjpyex,10.244.1.89,31498.853518009186,1,"37_lagrange_thresh=2,min_q_version=3,min_q_weight=5,seed=210",,6,0.0001,/home/ubuntu/fortzl/NeoRL2/benchmark/tune_Fusion_domain_lastmodel,cql,256,0.0003,False,cuda,0.99,False,Fusion-cql,1.0,256,2,2,,1000,3,5,10,15,40000,0.75,1,210,0.005,1000,,low,99,Fusion,1.0,min,True,False,3,5,2,210,"[-1, 2, 5, 10]","[2, 3]","[5, 10]",/home/ubuntu/fortzl/NeoRL2/benchmark/tune_Fusion_domain_lastmodel,cql,Fusion-cql,210,Fusion,Fusion-cql,cql,Fusion,/home/ubuntu/fortzl/NeoRL2/benchmark/tune_Fusion_domain_lastmodel,210,discrete,"[0.0001, 0.0003]",discrete,"[-1, 2, 5, 10]",discrete,"[2, 3]",discrete,"[5, 10]",discrete,"['max', 'none']"
59611_00038,-7.715692601679634,5.433842242511077,100.0,0.0,-0.4253609478473663,0.2512441575527191,0.2108727991580963,-0.915724277496338,0.1371569484472274,/home/ubuntu/fortzl/NeoRL2/benchmark/tune_Fusion_domain_lastmodel/.aim/models/13807103d879420895dc9594/policy.pt,1716384476,,True,1,2024-05-22_21-27-56,31477.027488708496,31477.027488708496,478294,common-ddhjpyex,10.244.1.89,31477.027488708496,1,"38_lagrange_thresh=5,min_q_version=3,min_q_weight=5,seed=210",,6,0.0001,/home/ubuntu/fortzl/NeoRL2/benchmark/tune_Fusion_domain_lastmodel,cql,256,0.0003,False,cuda,0.99,False,Fusion-cql,1.0,256,5,2,,1000,3,5,10,15,40000,0.75,1,210,0.005,1000,,low,99,Fusion,1.0,min,True,False,3,5,5,210,"[-1, 2, 5, 10]","[2, 3]","[5, 10]",/home/ubuntu/fortzl/NeoRL2/benchmark/tune_Fusion_domain_lastmodel,cql,Fusion-cql,210,Fusion,Fusion-cql,cql,Fusion,/home/ubuntu/fortzl/NeoRL2/benchmark/tune_Fusion_domain_lastmodel,210,discrete,"[0.0001, 0.0003]",discrete,"[-1, 2, 5, 10]",discrete,"[2, 3]",discrete,"[5, 10]",discrete,"['max', 'none']"
59611_00039,-15.118547894259695,4.880828752116143,100.0,0.0,-37.70454788208008,0.5213711261749268,0.5204262137413025,0.7963947057723999,0.2262550294399261,/home/ubuntu/fortzl/NeoRL2/benchmark/tune_Fusion_domain_lastmodel/.aim/models/966a019a01f84ae2bdfa4619/policy.pt,1716385057,,True,1,2024-05-22_21-37-37,31122.2533659935,31122.2533659935,481017,common-ddhjpyex,10.244.1.89,31122.2533659935,1,"39_lagrange_thresh=10,min_q_version=3,min_q_weight=5,seed=210",,6,0.0001,/home/ubuntu/fortzl/NeoRL2/benchmark/tune_Fusion_domain_lastmodel,cql,256,0.0003,False,cuda,0.99,False,Fusion-cql,1.0,256,10,2,,1000,3,5,10,15,40000,0.75,1,210,0.005,1000,,low,99,Fusion,1.0,min,True,False,3,5,10,210,"[-1, 2, 5, 10]","[2, 3]","[5, 10]",/home/ubuntu/fortzl/NeoRL2/benchmark/tune_Fusion_domain_lastmodel,cql,Fusion-cql,210,Fusion,Fusion-cql,cql,Fusion,/home/ubuntu/fortzl/NeoRL2/benchmark/tune_Fusion_domain_lastmodel,210,discrete,"[0.0001, 0.0003]",discrete,"[-1, 2, 5, 10]",discrete,"[2, 3]",discrete,"[5, 10]",discrete,"['max', 'none']"
59611_00040,5.787494603141746,8.557994346057738,100.0,0.0,3982.724853515625,68.73307800292969,63.59425735473633,0.0947936624288559,3.8051233291625977,/home/ubuntu/fortzl/NeoRL2/benchmark/tune_Fusion_domain_lastmodel/.aim/models/e1929566e281464f95572dfd/policy.pt,1716385534,,True,1,2024-05-22_21-45-34,26743.553403377533,26743.553403377533,493491,common-ddhjpyex,10.244.1.89,26743.553403377533,1,"40_lagrange_thresh=-1,min_q_version=2,min_q_weight=10,seed=210",,6,0.0001,/home/ubuntu/fortzl/NeoRL2/benchmark/tune_Fusion_domain_lastmodel,cql,256,0.0003,False,cuda,0.99,False,Fusion-cql,1.0,256,-1,2,,1000,2,10,10,15,40000,0.75,1,210,0.005,1000,,low,99,Fusion,1.0,min,True,False,2,10,-1,210,"[-1, 2, 5, 10]","[2, 3]","[5, 10]",/home/ubuntu/fortzl/NeoRL2/benchmark/tune_Fusion_domain_lastmodel,cql,Fusion-cql,210,Fusion,Fusion-cql,cql,Fusion,/home/ubuntu/fortzl/NeoRL2/benchmark/tune_Fusion_domain_lastmodel,210,discrete,"[0.0001, 0.0003]",discrete,"[-1, 2, 5, 10]",discrete,"[2, 3]",discrete,"[5, 10]",discrete,"['max', 'none']"
59611_00041,3.331228187887562,8.857804464785604,100.0,0.0,27312.01953125,-1849934.0,-1758271.875,0.3294422924518585,10.474852561950684,/home/ubuntu/fortzl/NeoRL2/benchmark/tune_Fusion_domain_lastmodel/.aim/models/04f94d977f484c7e95edc90c/policy.pt,1716393581,,True,1,2024-05-22_23-59-41,31216.707685709,31216.707685709,503732,common-ddhjpyex,10.244.1.89,31216.707685709,1,"41_lagrange_thresh=2,min_q_version=2,min_q_weight=10,seed=210",,6,0.0001,/home/ubuntu/fortzl/NeoRL2/benchmark/tune_Fusion_domain_lastmodel,cql,256,0.0003,False,cuda,0.99,False,Fusion-cql,1.0,256,2,2,,1000,2,10,10,15,40000,0.75,1,210,0.005,1000,,low,99,Fusion,1.0,min,True,False,2,10,2,210,"[-1, 2, 5, 10]","[2, 3]","[5, 10]",/home/ubuntu/fortzl/NeoRL2/benchmark/tune_Fusion_domain_lastmodel,cql,Fusion-cql,210,Fusion,Fusion-cql,cql,Fusion,/home/ubuntu/fortzl/NeoRL2/benchmark/tune_Fusion_domain_lastmodel,210,discrete,"[0.0001, 0.0003]",discrete,"[-1, 2, 5, 10]",discrete,"[2, 3]",discrete,"[5, 10]",discrete,"['max', 'none']"
59611_00042,11.262411023630564,8.345799323955381,100.0,0.0,2503.8828125,12.984342575073242,13.246587753295898,0.1985653042793274,2.330819606781006,/home/ubuntu/fortzl/NeoRL2/benchmark/tune_Fusion_domain_lastmodel/.aim/models/8436abe386f7439189257223/policy.pt,1716402112,,True,1,2024-05-23_02-21-52,30917.723286390305,30917.723286390305,527835,common-ddhjpyex,10.244.1.89,30917.723286390305,1,"42_lagrange_thresh=5,min_q_version=2,min_q_weight=10,seed=210",,6,0.0001,/home/ubuntu/fortzl/NeoRL2/benchmark/tune_Fusion_domain_lastmodel,cql,256,0.0003,False,cuda,0.99,False,Fusion-cql,1.0,256,5,2,,1000,2,10,10,15,40000,0.75,1,210,0.005,1000,,low,99,Fusion,1.0,min,True,False,2,10,5,210,"[-1, 2, 5, 10]","[2, 3]","[5, 10]",/home/ubuntu/fortzl/NeoRL2/benchmark/tune_Fusion_domain_lastmodel,cql,Fusion-cql,210,Fusion,Fusion-cql,cql,Fusion,/home/ubuntu/fortzl/NeoRL2/benchmark/tune_Fusion_domain_lastmodel,210,discrete,"[0.0001, 0.0003]",discrete,"[-1, 2, 5, 10]",discrete,"[2, 3]",discrete,"[5, 10]",discrete,"['max', 'none']"
59611_00043,5.208220261990673,8.667218098063074,100.0,0.0,2156.168701171875,7.583691120147705,7.364913940429687,0.0419918149709701,2.1004858016967773,/home/ubuntu/fortzl/NeoRL2/benchmark/tune_Fusion_domain_lastmodel/.aim/models/20f5c79494674fcda08a0b5b/policy.pt,1716409841,,True,1,2024-05-23_04-30-41,29971.46277117729,29971.46277117729,537461,common-ddhjpyex,10.244.1.89,29971.46277117729,1,"43_lagrange_thresh=10,min_q_version=2,min_q_weight=10,seed=210",,6,0.0001,/home/ubuntu/fortzl/NeoRL2/benchmark/tune_Fusion_domain_lastmodel,cql,256,0.0003,False,cuda,0.99,False,Fusion-cql,1.0,256,10,2,,1000,2,10,10,15,40000,0.75,1,210,0.005,1000,,low,99,Fusion,1.0,min,True,False,2,10,10,210,"[-1, 2, 5, 10]","[2, 3]","[5, 10]",/home/ubuntu/fortzl/NeoRL2/benchmark/tune_Fusion_domain_lastmodel,cql,Fusion-cql,210,Fusion,Fusion-cql,cql,Fusion,/home/ubuntu/fortzl/NeoRL2/benchmark/tune_Fusion_domain_lastmodel,210,discrete,"[0.0001, 0.0003]",discrete,"[-1, 2, 5, 10]",discrete,"[2, 3]",discrete,"[5, 10]",discrete,"['max', 'none']"
59611_00044,3.1562831302876293,8.058007070602605,100.0,0.0,45849.88671875,6898.255859375,6285.0078125,0.7233895659446716,50.29332733154297,/home/ubuntu/fortzl/NeoRL2/benchmark/tune_Fusion_domain_lastmodel/.aim/models/91d0074cccb44c539e3f74b5/policy.pt,1716411304,,True,1,2024-05-23_04-55-04,26824.369916677475,26824.369916677475,538714,common-ddhjpyex,10.244.1.89,26824.369916677475,1,"44_lagrange_thresh=-1,min_q_version=3,min_q_weight=10,seed=210",,6,0.0001,/home/ubuntu/fortzl/NeoRL2/benchmark/tune_Fusion_domain_lastmodel,cql,256,0.0003,False,cuda,0.99,False,Fusion-cql,1.0,256,-1,2,,1000,3,10,10,15,40000,0.75,1,210,0.005,1000,,low,99,Fusion,1.0,min,True,False,3,10,-1,210,"[-1, 2, 5, 10]","[2, 3]","[5, 10]",/home/ubuntu/fortzl/NeoRL2/benchmark/tune_Fusion_domain_lastmodel,cql,Fusion-cql,210,Fusion,Fusion-cql,cql,Fusion,/home/ubuntu/fortzl/NeoRL2/benchmark/tune_Fusion_domain_lastmodel,210,discrete,"[0.0001, 0.0003]",discrete,"[-1, 2, 5, 10]",discrete,"[2, 3]",discrete,"[5, 10]",discrete,"['max', 'none']"
59611_00045,2.1652292614332778,5.844698888403529,100.0,0.0,30.55976676940918,0.2974318861961365,0.3012050092220306,0.9328439831733704,0.1221874579787254,/home/ubuntu/fortzl/NeoRL2/benchmark/tune_Fusion_domain_lastmodel/.aim/models/a5dc7225cfad4eb2992ea669/policy.pt,1716412265,,True,1,2024-05-23_05-11-05,27203.82512664795,27203.82512664795,539090,common-ddhjpyex,10.244.1.89,27203.82512664795,1,"45_lagrange_thresh=2,min_q_version=3,min_q_weight=10,seed=210",,6,0.0001,/home/ubuntu/fortzl/NeoRL2/benchmark/tune_Fusion_domain_lastmodel,cql,256,0.0003,False,cuda,0.99,False,Fusion-cql,1.0,256,2,2,,1000,3,10,10,15,40000,0.75,1,210,0.005,1000,,low,99,Fusion,1.0,min,True,False,3,10,2,210,"[-1, 2, 5, 10]","[2, 3]","[5, 10]",/home/ubuntu/fortzl/NeoRL2/benchmark/tune_Fusion_domain_lastmodel,cql,Fusion-cql,210,Fusion,Fusion-cql,cql,Fusion,/home/ubuntu/fortzl/NeoRL2/benchmark/tune_Fusion_domain_lastmodel,210,discrete,"[0.0001, 0.0003]",discrete,"[-1, 2, 5, 10]",discrete,"[2, 3]",discrete,"[5, 10]",discrete,"['max', 'none']"
59611_00046,2.1386297343249097,5.426282534321353,100.0,0.0,41.90168380737305,0.4093293249607086,0.4279867112636566,0.0738439708948135,0.1853275746107101,/home/ubuntu/fortzl/NeoRL2/benchmark/tune_Fusion_domain_lastmodel/.aim/models/8861f63d058241cba72e436c/policy.pt,1716416252,,True,1,2024-05-23_06-17-32,30713.84651350975,30713.84651350975,539443,common-ddhjpyex,10.244.1.89,30713.84651350975,1,"46_lagrange_thresh=5,min_q_version=3,min_q_weight=10,seed=210",,6,0.0001,/home/ubuntu/fortzl/NeoRL2/benchmark/tune_Fusion_domain_lastmodel,cql,256,0.0003,False,cuda,0.99,False,Fusion-cql,1.0,256,5,2,,1000,3,10,10,15,40000,0.75,1,210,0.005,1000,,low,99,Fusion,1.0,min,True,False,3,10,5,210,"[-1, 2, 5, 10]","[2, 3]","[5, 10]",/home/ubuntu/fortzl/NeoRL2/benchmark/tune_Fusion_domain_lastmodel,cql,Fusion-cql,210,Fusion,Fusion-cql,cql,Fusion,/home/ubuntu/fortzl/NeoRL2/benchmark/tune_Fusion_domain_lastmodel,210,discrete,"[0.0001, 0.0003]",discrete,"[-1, 2, 5, 10]",discrete,"[2, 3]",discrete,"[5, 10]",discrete,"['max', 'none']"
59611_00047,-4.301557128599423,5.792118517132842,100.0,0.0,-5.941773414611816,0.0854892134666442,0.0853427872061729,0.3890294432640075,0.1182326897978782,/home/ubuntu/fortzl/NeoRL2/benchmark/tune_Fusion_domain_lastmodel/.aim/models/32290b6607b846f2b9f8a6d6/policy.pt,1716420437,,True,1,2024-05-23_07-27-17,26852.36375260353,26852.36375260353,541455,common-ddhjpyex,10.244.1.89,26852.36375260353,1,"47_lagrange_thresh=10,min_q_version=3,min_q_weight=10,seed=210",,6,0.0001,/home/ubuntu/fortzl/NeoRL2/benchmark/tune_Fusion_domain_lastmodel,cql,256,0.0003,False,cuda,0.99,False,Fusion-cql,1.0,256,10,2,,1000,3,10,10,15,40000,0.75,1,210,0.005,1000,,low,99,Fusion,1.0,min,True,False,3,10,10,210,"[-1, 2, 5, 10]","[2, 3]","[5, 10]",/home/ubuntu/fortzl/NeoRL2/benchmark/tune_Fusion_domain_lastmodel,cql,Fusion-cql,210,Fusion,Fusion-cql,cql,Fusion,/home/ubuntu/fortzl/NeoRL2/benchmark/tune_Fusion_domain_lastmodel,210,discrete,"[0.0001, 0.0003]",discrete,"[-1, 2, 5, 10]",discrete,"[2, 3]",discrete,"[5, 10]",discrete,"['max', 'none']"
