trial_id,Reward_Mean_Env,Reward_Std_Env,Length_Mean_Env,Length_Std_Env,policy_loass,q1_loss,q2_loss,alpha_loss,alpha,model_path,timestamp,checkpoint_dir_name,done,training_iteration,date,time_this_iter_s,time_total_s,pid,hostname,node_ip,time_since_restore,iterations_since_restore,experiment_tag,hparams/act_shape,hparams/action_shape,hparams/actor_lr,hparams/algo_name,hparams/batch_size,hparams/critic_lr,hparams/deterministic_backup,hparams/device,hparams/discount,hparams/discrete,hparams/exp_name,hparams/explore,hparams/hidden_layer_size,hparams/lagrange_thresh,hparams/layer_num,hparams/max_action,hparams/max_epoch,hparams/min_q_version,hparams/min_q_weight,hparams/num_random,hparams/obs_shape,hparams/policy_bc_steps,hparams/q_backup_lmbda,hparams/reward_scale,hparams/seed,hparams/soft_target_tau,hparams/steps_per_epoch,hparams/target_entropy,hparams/task_data_type,hparams/task_train_num,hparams/task,hparams/temp,hparams/type_q_backup,hparams/use_automatic_entropy_tuning,hparams/with_lagrange,config/min_q_version,config/min_q_weight,config/lagrange_thresh,config/seed,hparams/grid_tune/lagrange_thresh,hparams/grid_tune/min_q_version,hparams/grid_tune/min_q_weight,hparams/kwargs/algo_name,hparams/kwargs/exp_name,hparams/kwargs/seed,hparams/kwargs/task,config/kwargs/exp_name,config/kwargs/algo_name,config/kwargs/task,config/kwargs/seed,hparams/params_tune/actor_lr/type,hparams/params_tune/actor_lr/value,hparams/params_tune/lagrange_thresh/type,hparams/params_tune/lagrange_thresh/value,hparams/params_tune/min_q_version/type,hparams/params_tune/min_q_version/value,hparams/params_tune/min_q_weight/type,hparams/params_tune/min_q_weight/value,hparams/params_tune/type_q_backup/type,hparams/params_tune/type_q_backup/value
0f807_00000,1685.6734871008937,73.00843620250907,1000.0,0.0,2133.51708984375,24.672956466674805,22.934123992919922,0.04154001176357269,2.2253992557525635,/home/ubuntu/yi/offlinerl/OfflineRL/offlinerl_tmp/.aim/models/9aee8290477a4b1ca5a32a82/policy.pt,1714215190,,True,1,2024-04-27_18-53-10,25025.276573896408,25025.276573896408,786361,common-baxtdaij,10.244.3.38,25025.276573896408,1,"0_lagrange_thresh=-1,min_q_version=2,min_q_weight=5,seed=7",,6,0.0001,cql,256,0.0003,False,cuda,0.99,False,SafetyHalfCheetah-cql,1.0,256,-1,2,,1000,2,5,10,18,40000,0.75,1,7,0.005,1000,,low,99,SafetyHalfCheetah,1.0,min,True,False,2,5,-1,7,"[-1, 2, 5, 10]","[2, 3]","[5, 10]",cql,SafetyHalfCheetah-cql,7,SafetyHalfCheetah,SafetyHalfCheetah-cql,cql,SafetyHalfCheetah,7,discrete,"[0.0001, 0.0003]",discrete,"[-1, 2, 5, 10]",discrete,"[2, 3]",discrete,"[5, 10]",discrete,"['max', 'none']"
0f807_00001,1669.7991961557868,93.89456657431369,1000.0,0.0,22497.267578125,-1749109.375,-1768565.875,0.47604891657829285,10.132073402404785,/home/ubuntu/yi/offlinerl/OfflineRL/offlinerl_tmp/.aim/models/94cf18e7e4824efdb9a7b9f6/policy.pt,1714219160,,True,1,2024-04-27_19-59-20,28994.989777565002,28994.989777565002,786362,common-baxtdaij,10.244.3.38,28994.989777565002,1,"1_lagrange_thresh=2,min_q_version=2,min_q_weight=5,seed=7",,6,0.0001,cql,256,0.0003,False,cuda,0.99,False,SafetyHalfCheetah-cql,1.0,256,2,2,,1000,2,5,10,18,40000,0.75,1,7,0.005,1000,,low,99,SafetyHalfCheetah,1.0,min,True,False,2,5,2,7,"[-1, 2, 5, 10]","[2, 3]","[5, 10]",cql,SafetyHalfCheetah-cql,7,SafetyHalfCheetah,SafetyHalfCheetah-cql,cql,SafetyHalfCheetah,7,discrete,"[0.0001, 0.0003]",discrete,"[-1, 2, 5, 10]",discrete,"[2, 3]",discrete,"[5, 10]",discrete,"['max', 'none']"
0f807_00002,1685.976130593052,80.50265315386893,1000.0,0.0,1567.44873046875,8.683192253112793,8.046000480651855,0.034541137516498566,1.6766847372055054,/home/ubuntu/yi/offlinerl/OfflineRL/offlinerl_tmp/.aim/models/ebba3cdde96046a987280a06/policy.pt,1714218080,,True,1,2024-04-27_19-41-20,27915.695076465607,27915.695076465607,786363,common-baxtdaij,10.244.3.38,27915.695076465607,1,"2_lagrange_thresh=5,min_q_version=2,min_q_weight=5,seed=7",,6,0.0001,cql,256,0.0003,False,cuda,0.99,False,SafetyHalfCheetah-cql,1.0,256,5,2,,1000,2,5,10,18,40000,0.75,1,7,0.005,1000,,low,99,SafetyHalfCheetah,1.0,min,True,False,2,5,5,7,"[-1, 2, 5, 10]","[2, 3]","[5, 10]",cql,SafetyHalfCheetah-cql,7,SafetyHalfCheetah,SafetyHalfCheetah-cql,cql,SafetyHalfCheetah,7,discrete,"[0.0001, 0.0003]",discrete,"[-1, 2, 5, 10]",discrete,"[2, 3]",discrete,"[5, 10]",discrete,"['max', 'none']"
0f807_00003,1604.7266875791995,246.91055125386418,1000.0,0.0,245.0449981689453,0.8427122831344604,0.788384199142456,-0.03139251470565796,0.4348136782646179,/home/ubuntu/yi/offlinerl/OfflineRL/offlinerl_tmp/.aim/models/2a95ed3596bc4cd08690c2dc/policy.pt,1714219403,,True,1,2024-04-27_20-03-23,29238.994709968567,29238.994709968567,786364,common-baxtdaij,10.244.3.38,29238.994709968567,1,"3_lagrange_thresh=10,min_q_version=2,min_q_weight=5,seed=7",,6,0.0001,cql,256,0.0003,False,cuda,0.99,False,SafetyHalfCheetah-cql,1.0,256,10,2,,1000,2,5,10,18,40000,0.75,1,7,0.005,1000,,low,99,SafetyHalfCheetah,1.0,min,True,False,2,5,10,7,"[-1, 2, 5, 10]","[2, 3]","[5, 10]",cql,SafetyHalfCheetah-cql,7,SafetyHalfCheetah,SafetyHalfCheetah-cql,cql,SafetyHalfCheetah,7,discrete,"[0.0001, 0.0003]",discrete,"[-1, 2, 5, 10]",discrete,"[2, 3]",discrete,"[5, 10]",discrete,"['max', 'none']"
0f807_00004,1632.1434436746777,90.69894796496843,1000.0,0.0,13912.6484375,1634.037109375,2463.09033203125,-0.011965543031692505,14.62893009185791,/home/ubuntu/yi/offlinerl/OfflineRL/offlinerl_tmp/.aim/models/58c3162f9127463a89555cc7/policy.pt,1714215114,,True,1,2024-04-27_18-51-54,24949.184977054596,24949.184977054596,786365,common-baxtdaij,10.244.3.38,24949.184977054596,1,"4_lagrange_thresh=-1,min_q_version=3,min_q_weight=5,seed=7",,6,0.0001,cql,256,0.0003,False,cuda,0.99,False,SafetyHalfCheetah-cql,1.0,256,-1,2,,1000,3,5,10,18,40000,0.75,1,7,0.005,1000,,low,99,SafetyHalfCheetah,1.0,min,True,False,3,5,-1,7,"[-1, 2, 5, 10]","[2, 3]","[5, 10]",cql,SafetyHalfCheetah-cql,7,SafetyHalfCheetah,SafetyHalfCheetah-cql,cql,SafetyHalfCheetah,7,discrete,"[0.0001, 0.0003]",discrete,"[-1, 2, 5, 10]",discrete,"[2, 3]",discrete,"[5, 10]",discrete,"['max', 'none']"
0f807_00005,-13473.348253121749,5201.974748542174,1000.0,0.0,-75.85868072509766,0.6648801565170288,0.6183011531829834,-0.15437810122966766,0.2825499475002289,/home/ubuntu/yi/offlinerl/OfflineRL/offlinerl_tmp/.aim/models/dd593fdc47834e3f8cca05ff/policy.pt,1714219467,,True,1,2024-04-27_20-04-27,29303.029708862305,29303.029708862305,786366,common-baxtdaij,10.244.3.38,29303.029708862305,1,"5_lagrange_thresh=2,min_q_version=3,min_q_weight=5,seed=7",,6,0.0001,cql,256,0.0003,False,cuda,0.99,False,SafetyHalfCheetah-cql,1.0,256,2,2,,1000,3,5,10,18,40000,0.75,1,7,0.005,1000,,low,99,SafetyHalfCheetah,1.0,min,True,False,3,5,2,7,"[-1, 2, 5, 10]","[2, 3]","[5, 10]",cql,SafetyHalfCheetah-cql,7,SafetyHalfCheetah,SafetyHalfCheetah-cql,cql,SafetyHalfCheetah,7,discrete,"[0.0001, 0.0003]",discrete,"[-1, 2, 5, 10]",discrete,"[2, 3]",discrete,"[5, 10]",discrete,"['max', 'none']"
0f807_00006,-9818.293695836917,7131.380003810014,1000.0,0.0,-101.49403381347656,4.677076816558838,4.776731491088867,-0.029322467744350433,0.31649404764175415,/home/ubuntu/yi/offlinerl/OfflineRL/offlinerl_tmp/.aim/models/c498c6e160624f13b4145226/policy.pt,1714244186,,True,1,2024-04-28_02-56-26,29067.765719652176,29067.765719652176,858341,common-baxtdaij,10.244.3.38,29067.765719652176,1,"6_lagrange_thresh=5,min_q_version=3,min_q_weight=5,seed=7",,6,0.0001,cql,256,0.0003,False,cuda,0.99,False,SafetyHalfCheetah-cql,1.0,256,5,2,,1000,3,5,10,18,40000,0.75,1,7,0.005,1000,,low,99,SafetyHalfCheetah,1.0,min,True,False,3,5,5,7,"[-1, 2, 5, 10]","[2, 3]","[5, 10]",cql,SafetyHalfCheetah-cql,7,SafetyHalfCheetah,SafetyHalfCheetah-cql,cql,SafetyHalfCheetah,7,discrete,"[0.0001, 0.0003]",discrete,"[-1, 2, 5, 10]",discrete,"[2, 3]",discrete,"[5, 10]",discrete,"['max', 'none']"
0f807_00007,-1088.20493969033,1908.1166915243166,1000.0,0.0,-175.65081787109375,0.6153578758239746,0.6849145293235779,-0.5585892796516418,0.2685673236846924,/home/ubuntu/yi/offlinerl/OfflineRL/offlinerl_tmp/.aim/models/0e2cab8227ab4e8ea4e3699e/policy.pt,1714244579,,True,1,2024-04-28_03-02-59,29384.671772956848,29384.671772956848,858928,common-baxtdaij,10.244.3.38,29384.671772956848,1,"7_lagrange_thresh=10,min_q_version=3,min_q_weight=5,seed=7",,6,0.0001,cql,256,0.0003,False,cuda,0.99,False,SafetyHalfCheetah-cql,1.0,256,10,2,,1000,3,5,10,18,40000,0.75,1,7,0.005,1000,,low,99,SafetyHalfCheetah,1.0,min,True,False,3,5,10,7,"[-1, 2, 5, 10]","[2, 3]","[5, 10]",cql,SafetyHalfCheetah-cql,7,SafetyHalfCheetah,SafetyHalfCheetah-cql,cql,SafetyHalfCheetah,7,discrete,"[0.0001, 0.0003]",discrete,"[-1, 2, 5, 10]",discrete,"[2, 3]",discrete,"[5, 10]",discrete,"['max', 'none']"
0f807_00008,1679.6038937625904,89.17563016945059,1000.0,0.0,2545.98046875,28.356670379638672,24.957189559936523,0.04931838810443878,2.586437463760376,/home/ubuntu/yi/offlinerl/OfflineRL/offlinerl_tmp/.aim/models/d8238a0cad0c4e19b0739fbf/policy.pt,1714244700,,True,1,2024-04-28_03-05-00,26615.24159026146,26615.24159026146,867863,common-baxtdaij,10.244.3.38,26615.24159026146,1,"8_lagrange_thresh=-1,min_q_version=2,min_q_weight=10,seed=7",,6,0.0001,cql,256,0.0003,False,cuda,0.99,False,SafetyHalfCheetah-cql,1.0,256,-1,2,,1000,2,10,10,18,40000,0.75,1,7,0.005,1000,,low,99,SafetyHalfCheetah,1.0,min,True,False,2,10,-1,7,"[-1, 2, 5, 10]","[2, 3]","[5, 10]",cql,SafetyHalfCheetah-cql,7,SafetyHalfCheetah,SafetyHalfCheetah-cql,cql,SafetyHalfCheetah,7,discrete,"[0.0001, 0.0003]",discrete,"[-1, 2, 5, 10]",discrete,"[2, 3]",discrete,"[5, 10]",discrete,"['max', 'none']"
0f807_00009,1714.009809898036,77.97158687951709,1000.0,0.0,44978.9765625,-1347580.125,-1444273.625,0.28081074357032776,11.052704811096191,/home/ubuntu/yi/offlinerl/OfflineRL/offlinerl_tmp/.aim/models/5626c4a857304844811f9c55/policy.pt,1714249009,,True,1,2024-04-28_04-16-49,29844.84634757042,29844.84634757042,871553,common-baxtdaij,10.244.3.38,29844.84634757042,1,"9_lagrange_thresh=2,min_q_version=2,min_q_weight=10,seed=7",,6,0.0001,cql,256,0.0003,False,cuda,0.99,False,SafetyHalfCheetah-cql,1.0,256,2,2,,1000,2,10,10,18,40000,0.75,1,7,0.005,1000,,low,99,SafetyHalfCheetah,1.0,min,True,False,2,10,2,7,"[-1, 2, 5, 10]","[2, 3]","[5, 10]",cql,SafetyHalfCheetah-cql,7,SafetyHalfCheetah,SafetyHalfCheetah-cql,cql,SafetyHalfCheetah,7,discrete,"[0.0001, 0.0003]",discrete,"[-1, 2, 5, 10]",discrete,"[2, 3]",discrete,"[5, 10]",discrete,"['max', 'none']"
0f807_00010,1679.2271697672875,89.5346770510873,1000.0,0.0,45975.203125,-4550566.0,-3962452.25,0.3029971122741699,10.942631721496582,/home/ubuntu/yi/offlinerl/OfflineRL/offlinerl_tmp/.aim/models/2501682b96be4910983f123b/policy.pt,1714249040,,True,1,2024-04-28_04-17-20,29631.61567544937,29631.61567544937,872623,common-baxtdaij,10.244.3.38,29631.61567544937,1,"10_lagrange_thresh=5,min_q_version=2,min_q_weight=10,seed=7",,6,0.0001,cql,256,0.0003,False,cuda,0.99,False,SafetyHalfCheetah-cql,1.0,256,5,2,,1000,2,10,10,18,40000,0.75,1,7,0.005,1000,,low,99,SafetyHalfCheetah,1.0,min,True,False,2,10,5,7,"[-1, 2, 5, 10]","[2, 3]","[5, 10]",cql,SafetyHalfCheetah-cql,7,SafetyHalfCheetah,SafetyHalfCheetah-cql,cql,SafetyHalfCheetah,7,discrete,"[0.0001, 0.0003]",discrete,"[-1, 2, 5, 10]",discrete,"[2, 3]",discrete,"[5, 10]",discrete,"['max', 'none']"
0f807_00011,1691.1695621975068,93.36935050297775,1000.0,0.0,1166.27685546875,5.102532386779785,4.4808454513549805,0.020687831565737724,1.2815804481506348,/home/ubuntu/yi/offlinerl/OfflineRL/offlinerl_tmp/.aim/models/005c914a7e444cb792f22e5e/policy.pt,1714249368,,True,1,2024-04-28_04-22-48,29895.90566444397,29895.90566444397,873176,common-baxtdaij,10.244.3.38,29895.90566444397,1,"11_lagrange_thresh=10,min_q_version=2,min_q_weight=10,seed=7",,6,0.0001,cql,256,0.0003,False,cuda,0.99,False,SafetyHalfCheetah-cql,1.0,256,10,2,,1000,2,10,10,18,40000,0.75,1,7,0.005,1000,,low,99,SafetyHalfCheetah,1.0,min,True,False,2,10,10,7,"[-1, 2, 5, 10]","[2, 3]","[5, 10]",cql,SafetyHalfCheetah-cql,7,SafetyHalfCheetah,SafetyHalfCheetah-cql,cql,SafetyHalfCheetah,7,discrete,"[0.0001, 0.0003]",discrete,"[-1, 2, 5, 10]",discrete,"[2, 3]",discrete,"[5, 10]",discrete,"['max', 'none']"
0f807_00012,1665.0997645467633,131.16647737167835,1000.0,0.0,30571.953125,10386.822265625,6230.7216796875,0.4847801923751831,32.28498458862305,/home/ubuntu/yi/offlinerl/OfflineRL/offlinerl_tmp/.aim/models/ba8feadaec36429a842525c2/policy.pt,1714270750,,True,1,2024-04-28_10-19-10,26559.795853853226,26559.795853853226,946859,common-baxtdaij,10.244.3.38,26559.795853853226,1,"12_lagrange_thresh=-1,min_q_version=3,min_q_weight=10,seed=7",,6,0.0001,cql,256,0.0003,False,cuda,0.99,False,SafetyHalfCheetah-cql,1.0,256,-1,2,,1000,3,10,10,18,40000,0.75,1,7,0.005,1000,,low,99,SafetyHalfCheetah,1.0,min,True,False,3,10,-1,7,"[-1, 2, 5, 10]","[2, 3]","[5, 10]",cql,SafetyHalfCheetah-cql,7,SafetyHalfCheetah,SafetyHalfCheetah-cql,cql,SafetyHalfCheetah,7,discrete,"[0.0001, 0.0003]",discrete,"[-1, 2, 5, 10]",discrete,"[2, 3]",discrete,"[5, 10]",discrete,"['max', 'none']"
0f807_00013,-20588.653984962024,4911.477375149462,1000.0,0.0,-66.01535034179688,0.3909696042537689,0.3547092378139496,0.04360831528902054,0.2696085572242737,/home/ubuntu/yi/offlinerl/OfflineRL/offlinerl_tmp/.aim/models/36c61dc48dc5427a937a3170/policy.pt,1714273698,,True,1,2024-04-28_11-08-18,29114.23087453842,29114.23087453842,953741,common-baxtdaij,10.244.3.38,29114.23087453842,1,"13_lagrange_thresh=2,min_q_version=3,min_q_weight=10,seed=7",,6,0.0001,cql,256,0.0003,False,cuda,0.99,False,SafetyHalfCheetah-cql,1.0,256,2,2,,1000,3,10,10,18,40000,0.75,1,7,0.005,1000,,low,99,SafetyHalfCheetah,1.0,min,True,False,3,10,2,7,"[-1, 2, 5, 10]","[2, 3]","[5, 10]",cql,SafetyHalfCheetah-cql,7,SafetyHalfCheetah,SafetyHalfCheetah-cql,cql,SafetyHalfCheetah,7,discrete,"[0.0001, 0.0003]",discrete,"[-1, 2, 5, 10]",discrete,"[2, 3]",discrete,"[5, 10]",discrete,"['max', 'none']"
0f807_00014,-27117.437539250226,7554.668687079478,1000.0,0.0,-82.40727996826172,0.7697010040283203,0.6265429258346558,-0.09228628873825073,0.2412460446357727,/home/ubuntu/yi/offlinerl/OfflineRL/offlinerl_tmp/.aim/models/a4d54c856cee44d2a878fdc3/policy.pt,1714273759,,True,1,2024-04-28_11-09-19,29054.733958005905,29054.733958005905,957260,common-baxtdaij,10.244.3.38,29054.733958005905,1,"14_lagrange_thresh=5,min_q_version=3,min_q_weight=10,seed=7",,6,0.0001,cql,256,0.0003,False,cuda,0.99,False,SafetyHalfCheetah-cql,1.0,256,5,2,,1000,3,10,10,18,40000,0.75,1,7,0.005,1000,,low,99,SafetyHalfCheetah,1.0,min,True,False,3,10,5,7,"[-1, 2, 5, 10]","[2, 3]","[5, 10]",cql,SafetyHalfCheetah-cql,7,SafetyHalfCheetah,SafetyHalfCheetah-cql,cql,SafetyHalfCheetah,7,discrete,"[0.0001, 0.0003]",discrete,"[-1, 2, 5, 10]",discrete,"[2, 3]",discrete,"[5, 10]",discrete,"['max', 'none']"
0f807_00015,-7240.823255676981,5725.262857205322,1000.0,0.0,-127.95701599121094,0.6487189531326294,0.7032033205032349,0.03449349105358124,0.2337796539068222,/home/ubuntu/yi/offlinerl/OfflineRL/offlinerl_tmp/.aim/models/e1de341cb08c44b19e5b7f6d/policy.pt,1714278167,,True,1,2024-04-28_12-22-47,29153.119666337967,29153.119666337967,6300,common-baxtdaij,10.244.3.38,29153.119666337967,1,"15_lagrange_thresh=10,min_q_version=3,min_q_weight=10,seed=7",,6,0.0001,cql,256,0.0003,False,cuda,0.99,False,SafetyHalfCheetah-cql,1.0,256,10,2,,1000,3,10,10,18,40000,0.75,1,7,0.005,1000,,low,99,SafetyHalfCheetah,1.0,min,True,False,3,10,10,7,"[-1, 2, 5, 10]","[2, 3]","[5, 10]",cql,SafetyHalfCheetah-cql,7,SafetyHalfCheetah,SafetyHalfCheetah-cql,cql,SafetyHalfCheetah,7,discrete,"[0.0001, 0.0003]",discrete,"[-1, 2, 5, 10]",discrete,"[2, 3]",discrete,"[5, 10]",discrete,"['max', 'none']"
0f807_00016,1652.4952919214384,88.92681593438894,1000.0,0.0,2372.095947265625,23.12380599975586,24.035037994384766,-0.24391041696071625,2.466203212738037,/home/ubuntu/yi/offlinerl/OfflineRL/offlinerl_tmp/.aim/models/2fd054ef4bf14cf1ad86da1c/policy.pt,1714275501,,True,1,2024-04-28_11-38-21,26456.223758220673,26456.223758220673,6650,common-baxtdaij,10.244.3.38,26456.223758220673,1,"16_lagrange_thresh=-1,min_q_version=2,min_q_weight=5,seed=42",,6,0.0001,cql,256,0.0003,False,cuda,0.99,False,SafetyHalfCheetah-cql,1.0,256,-1,2,,1000,2,5,10,18,40000,0.75,1,42,0.005,1000,,low,99,SafetyHalfCheetah,1.0,min,True,False,2,5,-1,42,"[-1, 2, 5, 10]","[2, 3]","[5, 10]",cql,SafetyHalfCheetah-cql,42,SafetyHalfCheetah,SafetyHalfCheetah-cql,cql,SafetyHalfCheetah,42,discrete,"[0.0001, 0.0003]",discrete,"[-1, 2, 5, 10]",discrete,"[2, 3]",discrete,"[5, 10]",discrete,"['max', 'none']"
0f807_00017,1697.41775992276,87.2931967600478,1000.0,0.0,22497.072265625,-1807574.75,-1710991.125,-0.5322114825248718,10.05919075012207,/home/ubuntu/yi/offlinerl/OfflineRL/offlinerl_tmp/.aim/models/2777f194ef174288a622b2c1/policy.pt,1714278717,,True,1,2024-04-28_12-31-57,29344.184733867645,29344.184733867645,7885,common-baxtdaij,10.244.3.38,29344.184733867645,1,"17_lagrange_thresh=2,min_q_version=2,min_q_weight=5,seed=42",,6,0.0001,cql,256,0.0003,False,cuda,0.99,False,SafetyHalfCheetah-cql,1.0,256,2,2,,1000,2,5,10,18,40000,0.75,1,42,0.005,1000,,low,99,SafetyHalfCheetah,1.0,min,True,False,2,5,2,42,"[-1, 2, 5, 10]","[2, 3]","[5, 10]",cql,SafetyHalfCheetah-cql,42,SafetyHalfCheetah,SafetyHalfCheetah-cql,cql,SafetyHalfCheetah,42,discrete,"[0.0001, 0.0003]",discrete,"[-1, 2, 5, 10]",discrete,"[2, 3]",discrete,"[5, 10]",discrete,"['max', 'none']"
0f807_00018,1689.5185255804781,76.9662102046436,1000.0,0.0,1335.5067138671875,13.51330280303955,9.839112281799316,-0.09269672632217407,1.4328887462615967,/home/ubuntu/yi/offlinerl/OfflineRL/offlinerl_tmp/.aim/models/9d389021f9f047debcea626f/policy.pt,1714300167,,True,1,2024-04-28_18-29-27,29411.219054222107,29411.219054222107,66999,common-baxtdaij,10.244.3.38,29411.219054222107,1,"18_lagrange_thresh=5,min_q_version=2,min_q_weight=5,seed=42",,6,0.0001,cql,256,0.0003,False,cuda,0.99,False,SafetyHalfCheetah-cql,1.0,256,5,2,,1000,2,5,10,18,40000,0.75,1,42,0.005,1000,,low,99,SafetyHalfCheetah,1.0,min,True,False,2,5,5,42,"[-1, 2, 5, 10]","[2, 3]","[5, 10]",cql,SafetyHalfCheetah-cql,42,SafetyHalfCheetah,SafetyHalfCheetah-cql,cql,SafetyHalfCheetah,42,discrete,"[0.0001, 0.0003]",discrete,"[-1, 2, 5, 10]",discrete,"[2, 3]",discrete,"[5, 10]",discrete,"['max', 'none']"
0f807_00019,1476.8800375494243,294.88651675212566,1000.0,0.0,270.2495422363281,0.8815402388572693,1.1913020610809326,0.31297963857650757,0.4591820538043976,/home/ubuntu/yi/offlinerl/OfflineRL/offlinerl_tmp/.aim/models/1b21d379218a4348aaa3e93a/policy.pt,1714302631,,True,1,2024-04-28_19-10-31,28928.28714966774,28928.28714966774,75075,common-baxtdaij,10.244.3.38,28928.28714966774,1,"19_lagrange_thresh=10,min_q_version=2,min_q_weight=5,seed=42",,6,0.0001,cql,256,0.0003,False,cuda,0.99,False,SafetyHalfCheetah-cql,1.0,256,10,2,,1000,2,5,10,18,40000,0.75,1,42,0.005,1000,,low,99,SafetyHalfCheetah,1.0,min,True,False,2,5,10,42,"[-1, 2, 5, 10]","[2, 3]","[5, 10]",cql,SafetyHalfCheetah-cql,42,SafetyHalfCheetah,SafetyHalfCheetah-cql,cql,SafetyHalfCheetah,42,discrete,"[0.0001, 0.0003]",discrete,"[-1, 2, 5, 10]",discrete,"[2, 3]",discrete,"[5, 10]",discrete,"['max', 'none']"
0f807_00020,1584.4164553042724,110.45625891205734,1000.0,0.0,13172.943359375,908.45849609375,847.3834838867188,-0.7453209757804871,14.12024974822998,/home/ubuntu/yi/offlinerl/OfflineRL/offlinerl_tmp/.aim/models/e1bc36ab3f024a2685311668/policy.pt,1714300263,,True,1,2024-04-28_18-31-03,26499.116217136383,26499.116217136383,75715,common-baxtdaij,10.244.3.38,26499.116217136383,1,"20_lagrange_thresh=-1,min_q_version=3,min_q_weight=5,seed=42",,6,0.0001,cql,256,0.0003,False,cuda,0.99,False,SafetyHalfCheetah-cql,1.0,256,-1,2,,1000,3,5,10,18,40000,0.75,1,42,0.005,1000,,low,99,SafetyHalfCheetah,1.0,min,True,False,3,5,-1,42,"[-1, 2, 5, 10]","[2, 3]","[5, 10]",cql,SafetyHalfCheetah-cql,42,SafetyHalfCheetah,SafetyHalfCheetah-cql,cql,SafetyHalfCheetah,42,discrete,"[0.0001, 0.0003]",discrete,"[-1, 2, 5, 10]",discrete,"[2, 3]",discrete,"[5, 10]",discrete,"['max', 'none']"
0f807_00021,-15445.353922731962,6227.2244243079185,1000.0,0.0,-86.09596252441406,2.310593843460083,2.1752407550811768,0.4619051218032837,0.23890966176986694,/home/ubuntu/yi/offlinerl/OfflineRL/offlinerl_tmp/.aim/models/c147f6baabf14b918a15282e/policy.pt,1714305359,,True,1,2024-04-28_19-55-59,29853.61542749405,29853.61542749405,80460,common-baxtdaij,10.244.3.38,29853.61542749405,1,"21_lagrange_thresh=2,min_q_version=3,min_q_weight=5,seed=42",,6,0.0001,cql,256,0.0003,False,cuda,0.99,False,SafetyHalfCheetah-cql,1.0,256,2,2,,1000,3,5,10,18,40000,0.75,1,42,0.005,1000,,low,99,SafetyHalfCheetah,1.0,min,True,False,3,5,2,42,"[-1, 2, 5, 10]","[2, 3]","[5, 10]",cql,SafetyHalfCheetah-cql,42,SafetyHalfCheetah,SafetyHalfCheetah-cql,cql,SafetyHalfCheetah,42,discrete,"[0.0001, 0.0003]",discrete,"[-1, 2, 5, 10]",discrete,"[2, 3]",discrete,"[5, 10]",discrete,"['max', 'none']"
0f807_00022,-5234.542503218355,5780.364862060315,1000.0,0.0,-102.10205078125,1.3979213237762451,1.9475452899932861,0.21272647380828857,0.286484032869339,/home/ubuntu/yi/offlinerl/OfflineRL/offlinerl_tmp/.aim/models/cf1503ba19da450aadee2dae/policy.pt,1714307997,,True,1,2024-04-28_20-39-57,29825.598843812943,29825.598843812943,83529,common-baxtdaij,10.244.3.38,29825.598843812943,1,"22_lagrange_thresh=5,min_q_version=3,min_q_weight=5,seed=42",,6,0.0001,cql,256,0.0003,False,cuda,0.99,False,SafetyHalfCheetah-cql,1.0,256,5,2,,1000,3,5,10,18,40000,0.75,1,42,0.005,1000,,low,99,SafetyHalfCheetah,1.0,min,True,False,3,5,5,42,"[-1, 2, 5, 10]","[2, 3]","[5, 10]",cql,SafetyHalfCheetah-cql,42,SafetyHalfCheetah,SafetyHalfCheetah-cql,cql,SafetyHalfCheetah,42,discrete,"[0.0001, 0.0003]",discrete,"[-1, 2, 5, 10]",discrete,"[2, 3]",discrete,"[5, 10]",discrete,"['max', 'none']"
0f807_00023,-5032.047236136287,4371.323560027115,1000.0,0.0,-168.7084503173828,1.2384252548217773,1.2290118932724,0.3293945789337158,0.24799419939517975,/home/ubuntu/yi/offlinerl/OfflineRL/offlinerl_tmp/.aim/models/e0e8644b1cf94e1793e01d5a/policy.pt,1714308702,,True,1,2024-04-28_20-51-42,29980.6086537838,29980.6086537838,83997,common-baxtdaij,10.244.3.38,29980.6086537838,1,"23_lagrange_thresh=10,min_q_version=3,min_q_weight=5,seed=42",,6,0.0001,cql,256,0.0003,False,cuda,0.99,False,SafetyHalfCheetah-cql,1.0,256,10,2,,1000,3,5,10,18,40000,0.75,1,42,0.005,1000,,low,99,SafetyHalfCheetah,1.0,min,True,False,3,5,10,42,"[-1, 2, 5, 10]","[2, 3]","[5, 10]",cql,SafetyHalfCheetah-cql,42,SafetyHalfCheetah,SafetyHalfCheetah-cql,cql,SafetyHalfCheetah,42,discrete,"[0.0001, 0.0003]",discrete,"[-1, 2, 5, 10]",discrete,"[2, 3]",discrete,"[5, 10]",discrete,"['max', 'none']"
0f807_00024,1676.4059468665625,93.67417926494296,1000.0,0.0,2821.33984375,38.75914001464844,34.171852111816406,-0.3548140227794647,2.8427443504333496,/home/ubuntu/yi/offlinerl/OfflineRL/offlinerl_tmp/.aim/models/dbd268ec1aa04bfd93a495ed/policy.pt,1714327434,,True,1,2024-04-29_02-03-54,27262.91413116455,27262.91413116455,119937,common-baxtdaij,10.244.3.38,27262.91413116455,1,"24_lagrange_thresh=-1,min_q_version=2,min_q_weight=10,seed=42",,6,0.0001,cql,256,0.0003,False,cuda,0.99,False,SafetyHalfCheetah-cql,1.0,256,-1,2,,1000,2,10,10,18,40000,0.75,1,42,0.005,1000,,low,99,SafetyHalfCheetah,1.0,min,True,False,2,10,-1,42,"[-1, 2, 5, 10]","[2, 3]","[5, 10]",cql,SafetyHalfCheetah-cql,42,SafetyHalfCheetah,SafetyHalfCheetah-cql,cql,SafetyHalfCheetah,42,discrete,"[0.0001, 0.0003]",discrete,"[-1, 2, 5, 10]",discrete,"[2, 3]",discrete,"[5, 10]",discrete,"['max', 'none']"
0f807_00025,1683.1627390664476,77.80351030912844,1000.0,0.0,46455.8359375,-1108457.0,-975285.9375,-0.8451288938522339,10.941899299621582,/home/ubuntu/yi/offlinerl/OfflineRL/offlinerl_tmp/.aim/models/3b52e08e4c0445289bca7304/policy.pt,1714330593,,True,1,2024-04-29_02-56-33,30325.93230485916,30325.93230485916,120472,common-baxtdaij,10.244.3.38,30325.93230485916,1,"25_lagrange_thresh=2,min_q_version=2,min_q_weight=10,seed=42",,6,0.0001,cql,256,0.0003,False,cuda,0.99,False,SafetyHalfCheetah-cql,1.0,256,2,2,,1000,2,10,10,18,40000,0.75,1,42,0.005,1000,,low,99,SafetyHalfCheetah,1.0,min,True,False,2,10,2,42,"[-1, 2, 5, 10]","[2, 3]","[5, 10]",cql,SafetyHalfCheetah-cql,42,SafetyHalfCheetah,SafetyHalfCheetah-cql,cql,SafetyHalfCheetah,42,discrete,"[0.0001, 0.0003]",discrete,"[-1, 2, 5, 10]",discrete,"[2, 3]",discrete,"[5, 10]",discrete,"['max', 'none']"
0f807_00026,1689.2213853206683,93.1014356269996,1000.0,0.0,45958.71875,-4567916.5,-4640750.5,-0.7438299059867859,10.838006019592285,/home/ubuntu/yi/offlinerl/OfflineRL/offlinerl_tmp/.aim/models/1d5dc56122ed4088b9193815/policy.pt,1714333028,,True,1,2024-04-29_03-37-08,30392.478058099747,30392.478058099747,126666,common-baxtdaij,10.244.3.38,30392.478058099747,1,"26_lagrange_thresh=5,min_q_version=2,min_q_weight=10,seed=42",,6,0.0001,cql,256,0.0003,False,cuda,0.99,False,SafetyHalfCheetah-cql,1.0,256,5,2,,1000,2,10,10,18,40000,0.75,1,42,0.005,1000,,low,99,SafetyHalfCheetah,1.0,min,True,False,2,10,5,42,"[-1, 2, 5, 10]","[2, 3]","[5, 10]",cql,SafetyHalfCheetah-cql,42,SafetyHalfCheetah,SafetyHalfCheetah-cql,cql,SafetyHalfCheetah,42,discrete,"[0.0001, 0.0003]",discrete,"[-1, 2, 5, 10]",discrete,"[2, 3]",discrete,"[5, 10]",discrete,"['max', 'none']"
0f807_00027,1681.983029710755,81.78874503849565,1000.0,0.0,1199.773193359375,4.893139839172363,5.455367088317871,-0.07349970936775208,1.2874865531921387,/home/ubuntu/yi/offlinerl/OfflineRL/offlinerl_tmp/.aim/models/e4d09ba9d5b24a488468875a/policy.pt,1714335797,,True,1,2024-04-29_04-23-17,30433.156451940536,30433.156451940536,133336,common-baxtdaij,10.244.3.38,30433.156451940536,1,"27_lagrange_thresh=10,min_q_version=2,min_q_weight=10,seed=42",,6,0.0001,cql,256,0.0003,False,cuda,0.99,False,SafetyHalfCheetah-cql,1.0,256,10,2,,1000,2,10,10,18,40000,0.75,1,42,0.005,1000,,low,99,SafetyHalfCheetah,1.0,min,True,False,2,10,10,42,"[-1, 2, 5, 10]","[2, 3]","[5, 10]",cql,SafetyHalfCheetah-cql,42,SafetyHalfCheetah,SafetyHalfCheetah-cql,cql,SafetyHalfCheetah,42,discrete,"[0.0001, 0.0003]",discrete,"[-1, 2, 5, 10]",discrete,"[2, 3]",discrete,"[5, 10]",discrete,"['max', 'none']"
0f807_00028,1286.125633332163,386.49701790370636,1000.0,0.0,29286.03125,7259.23486328125,5908.1767578125,-1.6047625541687012,31.111608505249023,/home/ubuntu/yi/offlinerl/OfflineRL/offlinerl_tmp/.aim/models/c6c46c54065f4f818a016837/policy.pt,1714335945,,True,1,2024-04-29_04-25-45,27943.599910736084,27943.599910736084,139791,common-baxtdaij,10.244.3.38,27943.599910736084,1,"28_lagrange_thresh=-1,min_q_version=3,min_q_weight=10,seed=42",,6,0.0001,cql,256,0.0003,False,cuda,0.99,False,SafetyHalfCheetah-cql,1.0,256,-1,2,,1000,3,10,10,18,40000,0.75,1,42,0.005,1000,,low,99,SafetyHalfCheetah,1.0,min,True,False,3,10,-1,42,"[-1, 2, 5, 10]","[2, 3]","[5, 10]",cql,SafetyHalfCheetah-cql,42,SafetyHalfCheetah,SafetyHalfCheetah-cql,cql,SafetyHalfCheetah,42,discrete,"[0.0001, 0.0003]",discrete,"[-1, 2, 5, 10]",discrete,"[2, 3]",discrete,"[5, 10]",discrete,"['max', 'none']"
0f807_00029,-18658.220626595878,10610.140713978046,1000.0,0.0,-51.715126037597656,1.2070035934448242,1.0868439674377441,0.2805209457874298,0.3029748797416687,/home/ubuntu/yi/offlinerl/OfflineRL/offlinerl_tmp/.aim/models/4133454ecd484871b981ad60/policy.pt,1714339556,,True,1,2024-04-29_05-25-56,30848.954977989197,30848.954977989197,141824,common-baxtdaij,10.244.3.38,30848.954977989197,1,"29_lagrange_thresh=2,min_q_version=3,min_q_weight=10,seed=42",,6,0.0001,cql,256,0.0003,False,cuda,0.99,False,SafetyHalfCheetah-cql,1.0,256,2,2,,1000,3,10,10,18,40000,0.75,1,42,0.005,1000,,low,99,SafetyHalfCheetah,1.0,min,True,False,3,10,2,42,"[-1, 2, 5, 10]","[2, 3]","[5, 10]",cql,SafetyHalfCheetah-cql,42,SafetyHalfCheetah,SafetyHalfCheetah-cql,cql,SafetyHalfCheetah,42,discrete,"[0.0001, 0.0003]",discrete,"[-1, 2, 5, 10]",discrete,"[2, 3]",discrete,"[5, 10]",discrete,"['max', 'none']"
0f807_00030,-16231.291275476557,5089.110526541336,1000.0,0.0,-96.06317901611328,2.0254428386688232,2.138247013092041,0.6968164443969727,0.23487401008605957,/home/ubuntu/yi/offlinerl/OfflineRL/offlinerl_tmp/.aim/models/df78f2dba5b44e4888d35ace/policy.pt,1714358357,,True,1,2024-04-29_10-39-17,30918.434717178345,30918.434717178345,192844,common-baxtdaij,10.244.3.38,30918.434717178345,1,"30_lagrange_thresh=5,min_q_version=3,min_q_weight=10,seed=42",,6,0.0001,cql,256,0.0003,False,cuda,0.99,False,SafetyHalfCheetah-cql,1.0,256,5,2,,1000,3,10,10,18,40000,0.75,1,42,0.005,1000,,low,99,SafetyHalfCheetah,1.0,min,True,False,3,10,5,42,"[-1, 2, 5, 10]","[2, 3]","[5, 10]",cql,SafetyHalfCheetah-cql,42,SafetyHalfCheetah,SafetyHalfCheetah-cql,cql,SafetyHalfCheetah,42,discrete,"[0.0001, 0.0003]",discrete,"[-1, 2, 5, 10]",discrete,"[2, 3]",discrete,"[5, 10]",discrete,"['max', 'none']"
0f807_00031,-4516.181435626181,4079.54295610311,1000.0,0.0,-116.54681396484375,1.9657988548278809,1.931268572807312,0.3226572275161743,0.25031307339668274,/home/ubuntu/yi/offlinerl/OfflineRL/offlinerl_tmp/.aim/models/16644fae4a574d948c2506b4/policy.pt,1714361231,,True,1,2024-04-29_11-27-11,30632.62019968033,30632.62019968033,201125,common-baxtdaij,10.244.3.38,30632.62019968033,1,"31_lagrange_thresh=10,min_q_version=3,min_q_weight=10,seed=42",,6,0.0001,cql,256,0.0003,False,cuda,0.99,False,SafetyHalfCheetah-cql,1.0,256,10,2,,1000,3,10,10,18,40000,0.75,1,42,0.005,1000,,low,99,SafetyHalfCheetah,1.0,min,True,False,3,10,10,42,"[-1, 2, 5, 10]","[2, 3]","[5, 10]",cql,SafetyHalfCheetah-cql,42,SafetyHalfCheetah,SafetyHalfCheetah-cql,cql,SafetyHalfCheetah,42,discrete,"[0.0001, 0.0003]",discrete,"[-1, 2, 5, 10]",discrete,"[2, 3]",discrete,"[5, 10]",discrete,"['max', 'none']"
0f807_00032,1662.5297992204041,92.55904081950443,1000.0,0.0,2211.398193359375,28.114974975585938,24.202781677246094,0.07279115915298462,2.311738967895508,/home/ubuntu/yi/offlinerl/OfflineRL/offlinerl_tmp/.aim/models/15a032f5f16d4445a5d55ffd/policy.pt,1714360501,,True,1,2024-04-29_11-15-01,27468.038558244705,27468.038558244705,207442,common-baxtdaij,10.244.3.38,27468.038558244705,1,"32_lagrange_thresh=-1,min_q_version=2,min_q_weight=5,seed=210",,6,0.0001,cql,256,0.0003,False,cuda,0.99,False,SafetyHalfCheetah-cql,1.0,256,-1,2,,1000,2,5,10,18,40000,0.75,1,210,0.005,1000,,low,99,SafetyHalfCheetah,1.0,min,True,False,2,5,-1,210,"[-1, 2, 5, 10]","[2, 3]","[5, 10]",cql,SafetyHalfCheetah-cql,210,SafetyHalfCheetah,SafetyHalfCheetah-cql,cql,SafetyHalfCheetah,210,discrete,"[0.0001, 0.0003]",discrete,"[-1, 2, 5, 10]",discrete,"[2, 3]",discrete,"[5, 10]",discrete,"['max', 'none']"
0f807_00033,1700.5891689157747,92.58997867966575,1000.0,0.0,22569.291015625,-1884948.75,-1764293.25,0.3498150408267975,10.25455093383789,/home/ubuntu/yi/offlinerl/OfflineRL/offlinerl_tmp/.aim/models/93e273375b9044f3a963a8de/policy.pt,1714366760,,True,1,2024-04-29_12-59-20,30958.053303718567,30958.053303718567,215101,common-baxtdaij,10.244.3.38,30958.053303718567,1,"33_lagrange_thresh=2,min_q_version=2,min_q_weight=5,seed=210",,6,0.0001,cql,256,0.0003,False,cuda,0.99,False,SafetyHalfCheetah-cql,1.0,256,2,2,,1000,2,5,10,18,40000,0.75,1,210,0.005,1000,,low,99,SafetyHalfCheetah,1.0,min,True,False,2,5,2,210,"[-1, 2, 5, 10]","[2, 3]","[5, 10]",cql,SafetyHalfCheetah-cql,210,SafetyHalfCheetah,SafetyHalfCheetah-cql,cql,SafetyHalfCheetah,210,discrete,"[0.0001, 0.0003]",discrete,"[-1, 2, 5, 10]",discrete,"[2, 3]",discrete,"[5, 10]",discrete,"['max', 'none']"
0f807_00034,1677.8685069356625,112.68455227692762,1000.0,0.0,1447.9423828125,8.848684310913086,8.862322807312012,0.03930312767624855,1.5611833333969116,/home/ubuntu/yi/offlinerl/OfflineRL/offlinerl_tmp/.aim/models/85f20226351a47fdb9442516/policy.pt,1714366925,,True,1,2024-04-29_13-02-05,30975.190526008606,30975.190526008606,215878,common-baxtdaij,10.244.3.38,30975.190526008606,1,"34_lagrange_thresh=5,min_q_version=2,min_q_weight=5,seed=210",,6,0.0001,cql,256,0.0003,False,cuda,0.99,False,SafetyHalfCheetah-cql,1.0,256,5,2,,1000,2,5,10,18,40000,0.75,1,210,0.005,1000,,low,99,SafetyHalfCheetah,1.0,min,True,False,2,5,5,210,"[-1, 2, 5, 10]","[2, 3]","[5, 10]",cql,SafetyHalfCheetah-cql,210,SafetyHalfCheetah,SafetyHalfCheetah-cql,cql,SafetyHalfCheetah,210,discrete,"[0.0001, 0.0003]",discrete,"[-1, 2, 5, 10]",discrete,"[2, 3]",discrete,"[5, 10]",discrete,"['max', 'none']"
0f807_00035,1582.2171098810643,193.0211356001568,1000.0,0.0,365.164306640625,1.5793718099594116,1.2326873540878296,-0.10636940598487854,0.5584977269172668,/home/ubuntu/yi/offlinerl/OfflineRL/offlinerl_tmp/.aim/models/e9542621555c453192c8235d/policy.pt,1714370182,,True,1,2024-04-29_13-56-22,30620.979140520096,30620.979140520096,225580,common-baxtdaij,10.244.3.38,30620.979140520096,1,"35_lagrange_thresh=10,min_q_version=2,min_q_weight=5,seed=210",,6,0.0001,cql,256,0.0003,False,cuda,0.99,False,SafetyHalfCheetah-cql,1.0,256,10,2,,1000,2,5,10,18,40000,0.75,1,210,0.005,1000,,low,99,SafetyHalfCheetah,1.0,min,True,False,2,5,10,210,"[-1, 2, 5, 10]","[2, 3]","[5, 10]",cql,SafetyHalfCheetah-cql,210,SafetyHalfCheetah,SafetyHalfCheetah-cql,cql,SafetyHalfCheetah,210,discrete,"[0.0001, 0.0003]",discrete,"[-1, 2, 5, 10]",discrete,"[2, 3]",discrete,"[5, 10]",discrete,"['max', 'none']"
0f807_00036,1397.0756946872132,336.3739040503009,1000.0,0.0,17687.34765625,3239.757080078125,3475.81298828125,0.007774144411087036,19.798542022705078,/home/ubuntu/yi/offlinerl/OfflineRL/offlinerl_tmp/.aim/models/016b25ca923b40519b223bae/policy.pt,1714384869,,True,1,2024-04-29_18-01-09,26506.87065052986,26506.87065052986,276210,common-baxtdaij,10.244.3.38,26506.87065052986,1,"36_lagrange_thresh=-1,min_q_version=3,min_q_weight=5,seed=210",,6,0.0001,cql,256,0.0003,False,cuda,0.99,False,SafetyHalfCheetah-cql,1.0,256,-1,2,,1000,3,5,10,18,40000,0.75,1,210,0.005,1000,,low,99,SafetyHalfCheetah,1.0,min,True,False,3,5,-1,210,"[-1, 2, 5, 10]","[2, 3]","[5, 10]",cql,SafetyHalfCheetah-cql,210,SafetyHalfCheetah,SafetyHalfCheetah-cql,cql,SafetyHalfCheetah,210,discrete,"[0.0001, 0.0003]",discrete,"[-1, 2, 5, 10]",discrete,"[2, 3]",discrete,"[5, 10]",discrete,"['max', 'none']"
0f807_00037,-11703.513814892767,7969.227537216328,1000.0,0.0,-76.52671813964844,0.5428317189216614,0.5649833679199219,0.011781193315982819,0.2836726903915405,/home/ubuntu/yi/offlinerl/OfflineRL/offlinerl_tmp/.aim/models/0b1e7b88fa714a9cb22b2ed3/policy.pt,1714389875,,True,1,2024-04-29_19-24-35,29368.990808725357,29368.990808725357,280654,common-baxtdaij,10.244.3.38,29368.990808725357,1,"37_lagrange_thresh=2,min_q_version=3,min_q_weight=5,seed=210",,6,0.0001,cql,256,0.0003,False,cuda,0.99,False,SafetyHalfCheetah-cql,1.0,256,2,2,,1000,3,5,10,18,40000,0.75,1,210,0.005,1000,,low,99,SafetyHalfCheetah,1.0,min,True,False,3,5,2,210,"[-1, 2, 5, 10]","[2, 3]","[5, 10]",cql,SafetyHalfCheetah-cql,210,SafetyHalfCheetah,SafetyHalfCheetah-cql,cql,SafetyHalfCheetah,210,discrete,"[0.0001, 0.0003]",discrete,"[-1, 2, 5, 10]",discrete,"[2, 3]",discrete,"[5, 10]",discrete,"['max', 'none']"
0f807_00038,-12961.406849647165,5267.606528407944,1000.0,0.0,-137.33282470703125,0.6011589169502258,0.6709610223770142,0.16272185742855072,0.22506187856197357,/home/ubuntu/yi/offlinerl/OfflineRL/offlinerl_tmp/.aim/models/063c582c95294270a9bd3ae0/policy.pt,1714390688,,True,1,2024-04-29_19-38-08,29453.10361814499,29453.10361814499,281333,common-baxtdaij,10.244.3.38,29453.10361814499,1,"38_lagrange_thresh=5,min_q_version=3,min_q_weight=5,seed=210",,6,0.0001,cql,256,0.0003,False,cuda,0.99,False,SafetyHalfCheetah-cql,1.0,256,5,2,,1000,3,5,10,18,40000,0.75,1,210,0.005,1000,,low,99,SafetyHalfCheetah,1.0,min,True,False,3,5,5,210,"[-1, 2, 5, 10]","[2, 3]","[5, 10]",cql,SafetyHalfCheetah-cql,210,SafetyHalfCheetah,SafetyHalfCheetah-cql,cql,SafetyHalfCheetah,210,discrete,"[0.0001, 0.0003]",discrete,"[-1, 2, 5, 10]",discrete,"[2, 3]",discrete,"[5, 10]",discrete,"['max', 'none']"
0f807_00039,-1023.7371167290871,1617.6938314247502,1000.0,0.0,-174.00193786621094,0.7256534099578857,0.6255798935890198,0.20567089319229126,0.28156334161758423,/home/ubuntu/yi/offlinerl/OfflineRL/offlinerl_tmp/.aim/models/ae900b0d192d445d88534c54/policy.pt,1714396336,,True,1,2024-04-29_21-12-16,29572.459707260132,29572.459707260132,282722,common-baxtdaij,10.244.3.38,29572.459707260132,1,"39_lagrange_thresh=10,min_q_version=3,min_q_weight=5,seed=210",,6,0.0001,cql,256,0.0003,False,cuda,0.99,False,SafetyHalfCheetah-cql,1.0,256,10,2,,1000,3,5,10,18,40000,0.75,1,210,0.005,1000,,low,99,SafetyHalfCheetah,1.0,min,True,False,3,5,10,210,"[-1, 2, 5, 10]","[2, 3]","[5, 10]",cql,SafetyHalfCheetah-cql,210,SafetyHalfCheetah,SafetyHalfCheetah-cql,cql,SafetyHalfCheetah,210,discrete,"[0.0001, 0.0003]",discrete,"[-1, 2, 5, 10]",discrete,"[2, 3]",discrete,"[5, 10]",discrete,"['max', 'none']"
0f807_00040,1630.1286704099466,103.501854904715,1000.0,0.0,2637.49951171875,25.925321578979492,32.80171203613281,0.036457426846027374,2.684032440185547,/home/ubuntu/yi/offlinerl/OfflineRL/offlinerl_tmp/.aim/models/e8df821848dd4546b80481c2/policy.pt,1714393501,,True,1,2024-04-29_20-25-01,26571.606112957,26571.606112957,283081,common-baxtdaij,10.244.3.38,26571.606112957,1,"40_lagrange_thresh=-1,min_q_version=2,min_q_weight=10,seed=210",,6,0.0001,cql,256,0.0003,False,cuda,0.99,False,SafetyHalfCheetah-cql,1.0,256,-1,2,,1000,2,10,10,18,40000,0.75,1,210,0.005,1000,,low,99,SafetyHalfCheetah,1.0,min,True,False,2,10,-1,210,"[-1, 2, 5, 10]","[2, 3]","[5, 10]",cql,SafetyHalfCheetah-cql,210,SafetyHalfCheetah,SafetyHalfCheetah-cql,cql,SafetyHalfCheetah,210,discrete,"[0.0001, 0.0003]",discrete,"[-1, 2, 5, 10]",discrete,"[2, 3]",discrete,"[5, 10]",discrete,"['max', 'none']"
0f807_00041,1711.5238037057454,53.65007771390522,1000.0,0.0,71592.578125,-776495.1875,-1119378.25,0.4037891924381256,11.166529655456543,/home/ubuntu/yi/offlinerl/OfflineRL/offlinerl_tmp/.aim/models/db16b4f378c444d2b0382ee6/policy.pt,1714399585,,True,1,2024-04-29_22-06-25,29398.858948946,29398.858948946,284220,common-baxtdaij,10.244.3.38,29398.858948946,1,"41_lagrange_thresh=2,min_q_version=2,min_q_weight=10,seed=210",,6,0.0001,cql,256,0.0003,False,cuda,0.99,False,SafetyHalfCheetah-cql,1.0,256,2,2,,1000,2,10,10,18,40000,0.75,1,210,0.005,1000,,low,99,SafetyHalfCheetah,1.0,min,True,False,2,10,2,210,"[-1, 2, 5, 10]","[2, 3]","[5, 10]",cql,SafetyHalfCheetah-cql,210,SafetyHalfCheetah,SafetyHalfCheetah-cql,cql,SafetyHalfCheetah,210,discrete,"[0.0001, 0.0003]",discrete,"[-1, 2, 5, 10]",discrete,"[2, 3]",discrete,"[5, 10]",discrete,"['max', 'none']"
0f807_00042,1705.7228041839567,92.16911024679344,1000.0,0.0,45832.71875,-4523667.5,-4398848.5,0.4045272767543793,10.935380935668945,/home/ubuntu/yi/offlinerl/OfflineRL/offlinerl_tmp/.aim/models/f046b85f71f249bba0bf5a21/policy.pt,1714413976,,True,1,2024-04-30_02-06-16,29102.649283647537,29102.649283647537,287945,common-baxtdaij,10.244.3.38,29102.649283647537,1,"42_lagrange_thresh=5,min_q_version=2,min_q_weight=10,seed=210",,6,0.0001,cql,256,0.0003,False,cuda,0.99,False,SafetyHalfCheetah-cql,1.0,256,5,2,,1000,2,10,10,18,40000,0.75,1,210,0.005,1000,,low,99,SafetyHalfCheetah,1.0,min,True,False,2,10,5,210,"[-1, 2, 5, 10]","[2, 3]","[5, 10]",cql,SafetyHalfCheetah-cql,210,SafetyHalfCheetah,SafetyHalfCheetah-cql,cql,SafetyHalfCheetah,210,discrete,"[0.0001, 0.0003]",discrete,"[-1, 2, 5, 10]",discrete,"[2, 3]",discrete,"[5, 10]",discrete,"['max', 'none']"
0f807_00043,1653.2000524674793,84.4978556872146,1000.0,0.0,1102.31884765625,4.7267069816589355,4.10272741317749,0.02386963926255703,1.2225112915039062,/home/ubuntu/yi/offlinerl/OfflineRL/offlinerl_tmp/.aim/models/ecd88fe3b72a43498988f308/policy.pt,1714417624,,True,1,2024-04-30_03-07-04,27744.94587445259,27744.94587445259,289113,common-baxtdaij,10.244.3.38,27744.94587445259,1,"43_lagrange_thresh=10,min_q_version=2,min_q_weight=10,seed=210",,6,0.0001,cql,256,0.0003,False,cuda,0.99,False,SafetyHalfCheetah-cql,1.0,256,10,2,,1000,2,10,10,18,40000,0.75,1,210,0.005,1000,,low,99,SafetyHalfCheetah,1.0,min,True,False,2,10,10,210,"[-1, 2, 5, 10]","[2, 3]","[5, 10]",cql,SafetyHalfCheetah-cql,210,SafetyHalfCheetah,SafetyHalfCheetah-cql,cql,SafetyHalfCheetah,210,discrete,"[0.0001, 0.0003]",discrete,"[-1, 2, 5, 10]",discrete,"[2, 3]",discrete,"[5, 10]",discrete,"['max', 'none']"
0f807_00044,546.1858967105275,1063.181467054774,1000.0,0.0,31686.40234375,6596.8896484375,6729.5966796875,0.4853852689266205,33.63298416137695,/home/ubuntu/yi/offlinerl/OfflineRL/offlinerl_tmp/.aim/models/e71ad887f1d44fc4ab3c84aa/policy.pt,1714416532,,True,1,2024-04-30_02-48-52,25839.45378470421,25839.45378470421,289689,common-baxtdaij,10.244.3.38,25839.45378470421,1,"44_lagrange_thresh=-1,min_q_version=3,min_q_weight=10,seed=210",,6,0.0001,cql,256,0.0003,False,cuda,0.99,False,SafetyHalfCheetah-cql,1.0,256,-1,2,,1000,3,10,10,18,40000,0.75,1,210,0.005,1000,,low,99,SafetyHalfCheetah,1.0,min,True,False,3,10,-1,210,"[-1, 2, 5, 10]","[2, 3]","[5, 10]",cql,SafetyHalfCheetah-cql,210,SafetyHalfCheetah,SafetyHalfCheetah-cql,cql,SafetyHalfCheetah,210,discrete,"[0.0001, 0.0003]",discrete,"[-1, 2, 5, 10]",discrete,"[2, 3]",discrete,"[5, 10]",discrete,"['max', 'none']"
0f807_00045,-24155.90109170159,5021.243974817866,1000.0,0.0,-86.17384338378906,0.4375012218952179,0.41480907797813416,0.08810332417488098,0.2469748556613922,/home/ubuntu/yi/offlinerl/OfflineRL/offlinerl_tmp/.aim/models/2304cf2e166143979dbe986f/policy.pt,1714423472,,True,1,2024-04-30_04-44-32,29966.02643752098,29966.02643752098,290613,common-baxtdaij,10.244.3.38,29966.02643752098,1,"45_lagrange_thresh=2,min_q_version=3,min_q_weight=10,seed=210",,6,0.0001,cql,256,0.0003,False,cuda,0.99,False,SafetyHalfCheetah-cql,1.0,256,2,2,,1000,3,10,10,18,40000,0.75,1,210,0.005,1000,,low,99,SafetyHalfCheetah,1.0,min,True,False,3,10,2,210,"[-1, 2, 5, 10]","[2, 3]","[5, 10]",cql,SafetyHalfCheetah-cql,210,SafetyHalfCheetah,SafetyHalfCheetah-cql,cql,SafetyHalfCheetah,210,discrete,"[0.0001, 0.0003]",discrete,"[-1, 2, 5, 10]",discrete,"[2, 3]",discrete,"[5, 10]",discrete,"['max', 'none']"
0f807_00046,-15363.868179092167,9485.528980454466,1000.0,0.0,-86.58396911621094,0.8276827931404114,0.7790950536727905,-0.2332209199666977,0.27009129524230957,/home/ubuntu/yi/offlinerl/OfflineRL/offlinerl_tmp/.aim/models/0573922fa78d436db7446387/policy.pt,1714425488,,True,1,2024-04-30_05-18-08,29146.920519590378,29146.920519590378,291431,common-baxtdaij,10.244.3.38,29146.920519590378,1,"46_lagrange_thresh=5,min_q_version=3,min_q_weight=10,seed=210",,6,0.0001,cql,256,0.0003,False,cuda,0.99,False,SafetyHalfCheetah-cql,1.0,256,5,2,,1000,3,10,10,18,40000,0.75,1,210,0.005,1000,,low,99,SafetyHalfCheetah,1.0,min,True,False,3,10,5,210,"[-1, 2, 5, 10]","[2, 3]","[5, 10]",cql,SafetyHalfCheetah-cql,210,SafetyHalfCheetah,SafetyHalfCheetah-cql,cql,SafetyHalfCheetah,210,discrete,"[0.0001, 0.0003]",discrete,"[-1, 2, 5, 10]",discrete,"[2, 3]",discrete,"[5, 10]",discrete,"['max', 'none']"
0f807_00047,-16753.906543275298,4345.128701067508,1000.0,0.0,-110.65383911132812,1.4938334226608276,1.3857849836349487,-0.03939550369977951,0.2561739981174469,/home/ubuntu/yi/offlinerl/OfflineRL/offlinerl_tmp/.aim/models/76834f1dba3b4b37b9e35b05/policy.pt,1714427454,,True,1,2024-04-30_05-50-54,27864.173120975494,27864.173120975494,292678,common-baxtdaij,10.244.3.38,27864.173120975494,1,"47_lagrange_thresh=10,min_q_version=3,min_q_weight=10,seed=210",,6,0.0001,cql,256,0.0003,False,cuda,0.99,False,SafetyHalfCheetah-cql,1.0,256,10,2,,1000,3,10,10,18,40000,0.75,1,210,0.005,1000,,low,99,SafetyHalfCheetah,1.0,min,True,False,3,10,10,210,"[-1, 2, 5, 10]","[2, 3]","[5, 10]",cql,SafetyHalfCheetah-cql,210,SafetyHalfCheetah,SafetyHalfCheetah-cql,cql,SafetyHalfCheetah,210,discrete,"[0.0001, 0.0003]",discrete,"[-1, 2, 5, 10]",discrete,"[2, 3]",discrete,"[5, 10]",discrete,"['max', 'none']"
