trial_id,Reward_Mean_Env,Reward_Std_Env,Length_Mean_Env,Length_Std_Env,loss/actor,loss/critic1,loss/critic2,loss/alpha,alpha,model_path,timestamp,checkpoint_dir_name,done,training_iteration,date,time_this_iter_s,time_total_s,pid,hostname,node_ip,time_since_restore,iterations_since_restore,experiment_tag,hparams/act_shape,hparams/action_shape,hparams/actor_lr,hparams/algo_name,hparams/alpha_lr,hparams/alpha,hparams/cql_alpha_lr,hparams/cql_weight,hparams/critic_lr,hparams/deterministic_backup,hparams/device,hparams/discount,hparams/dynamics_hidden_dims,hparams/dynamics_path,hparams/dynamics_save_path,hparams/dynamics_weight_decay,hparams/eval_episodes,hparams/exp_name,hparams/hidden_dims,hparams/horizon,hparams/lagrange_threshold,hparams/learnable_alpha,hparams/logvar_loss_coef,hparams/max_action,hparams/max_epochs_since_update,hparams/max_epoch,hparams/max_q_backup,hparams/model_retain_epochs,hparams/normalize_obs,hparams/num_repeat_actions,hparams/obs_shape,hparams/policy_batch_size,hparams/policy_scaler,hparams/real_data_ratio,hparams/rho_s,hparams/rollout_batch_size,hparams/rollout_freq,hparams/seed,hparams/soft_target_tau,hparams/steps_per_epoch,hparams/target_entropy,hparams/task_data_type,hparams/task_train_num,hparams/task,hparams/temperatue,hparams/trainsition_clip,hparams/transition_batch_size,hparams/transition_init_num,hparams/transition_lr,hparams/transition_max_epochs,hparams/transition_scaler,hparams/transition_select_num,hparams/uniform_rollout,hparams/val_frequency,hparams/val_ratio,hparams/with_lagrange,config/horizon,config/cql_weight,config/rho_s,config/seed,hparams/grid_tune/cql_weight,hparams/grid_tune/horizon,hparams/grid_tune/rho_s,hparams/kwargs/algo_name,hparams/kwargs/dynamics_path,hparams/kwargs/exp_name,hparams/kwargs/seed,hparams/kwargs/task,config/kwargs/exp_name,config/kwargs/algo_name,config/kwargs/task,config/kwargs/dynamics_path,config/kwargs/seed,hparams/params_tune/buffer_size/type,hparams/params_tune/buffer_size/value,hparams/params_tune/horzion/type,hparams/params_tune/horzion/value,hparams/params_tune/lam/type,hparams/params_tune/lam/value,hparams/params_tune/learnable_alpha/type,hparams/params_tune/learnable_alpha/value,hparams/params_tune/real_data_ratio/type,hparams/params_tune/real_data_ratio/value
0ab81_00000,71.10928815887682,116.58198488200016,112.894,37.50739612396467,-87.13263702392578,12.858158111572266,12.527854919433594,0.0006182491779327393,1.113051414489746,/home/ubuntu/yi/offlinerl/OfflineRL/offlinerl_tmp/.aim/models/87c6220066144534a9b9422d/policy.pt,1713579463,,True,1,2024-04-20_10-17-43,18519.546021699905,18519.546021699905,425949,common-baxtdaij,10.244.3.38,18519.546021699905,1,"0_cql_weight=2.5000,horizon=1,rho_s=model,seed=7",,[2],0.0001,combo,0.0001,0.2,0.0003,2.5,0.0003,True,cuda,0.99,"[200, 200, 200, 200]",/home/ubuntu/yi/offlinerl/OfflineRL/offlinerl_tmp/.aim/dynamics_model/61ec0857d36e4692b9730f26/dynamics_model.pt,,"[2.5e-05, 5e-05, 7.5e-05, 7.5e-05, 0.0001]",10,RocketRecovery-combo,"[256, 256, 256]",1,10.0,True,0.01,,5,1000,False,5,False,10,[7],256,False,0.5,model,50000.0,1000,7,0.005,1000,,low,99,RocketRecovery,1.0,False,256,7,0.001,,True,5,False,10,0.2,False,1,2.5,model,7,"[2.5, 3.5, 5]","[1, 5]","['model', 'mix']",combo,/home/ubuntu/yi/offlinerl/OfflineRL/offlinerl_tmp/.aim/dynamics_model/61ec0857d36e4692b9730f26/dynamics_model.pt,RocketRecovery-combo,7,RocketRecovery,RocketRecovery-combo,combo,RocketRecovery,/home/ubuntu/yi/offlinerl/OfflineRL/offlinerl_tmp/.aim/dynamics_model/61ec0857d36e4692b9730f26/dynamics_model.pt,7,discrete,"[1000000.0, 2000000.0]",discrete,"[1, 2, 5]",continuous,"[0.1, 10]",discrete,"[True, False]",discrete,"[0.05, 0.1, 0.2]"
0ab81_00001,104.51927194872219,98.68652200307028,115.953,46.45865679289491,23.155052185058594,-4.018951416015625,-4.916717529296875,0.003491368144750595,1.5912599563598633,/home/ubuntu/yi/offlinerl/OfflineRL/offlinerl_tmp/.aim/models/e5ac1de52aa4466d8ee919fa/policy.pt,1713579414,,True,1,2024-04-20_10-16-54,18470.15511584282,18470.15511584282,425950,common-baxtdaij,10.244.3.38,18470.15511584282,1,"1_cql_weight=3.5000,horizon=1,rho_s=model,seed=7",,[2],0.0001,combo,0.0001,0.2,0.0003,3.5,0.0003,True,cuda,0.99,"[200, 200, 200, 200]",/home/ubuntu/yi/offlinerl/OfflineRL/offlinerl_tmp/.aim/dynamics_model/61ec0857d36e4692b9730f26/dynamics_model.pt,,"[2.5e-05, 5e-05, 7.5e-05, 7.5e-05, 0.0001]",10,RocketRecovery-combo,"[256, 256, 256]",1,10.0,True,0.01,,5,1000,False,5,False,10,[7],256,False,0.5,model,50000.0,1000,7,0.005,1000,,low,99,RocketRecovery,1.0,False,256,7,0.001,,True,5,False,10,0.2,False,1,3.5,model,7,"[2.5, 3.5, 5]","[1, 5]","['model', 'mix']",combo,/home/ubuntu/yi/offlinerl/OfflineRL/offlinerl_tmp/.aim/dynamics_model/61ec0857d36e4692b9730f26/dynamics_model.pt,RocketRecovery-combo,7,RocketRecovery,RocketRecovery-combo,combo,RocketRecovery,/home/ubuntu/yi/offlinerl/OfflineRL/offlinerl_tmp/.aim/dynamics_model/61ec0857d36e4692b9730f26/dynamics_model.pt,7,discrete,"[1000000.0, 2000000.0]",discrete,"[1, 2, 5]",continuous,"[0.1, 10]",discrete,"[True, False]",discrete,"[0.05, 0.1, 0.2]"
0ab81_00002,108.10625075064786,100.12893538487552,115.643,54.03837109869246,83.12147521972656,-34.022926330566406,-34.280372619628906,0.004535667598247528,2.175116539001465,/home/ubuntu/yi/offlinerl/OfflineRL/offlinerl_tmp/.aim/models/37243beead7a487ea344d218/policy.pt,1713579262,,True,1,2024-04-20_10-14-22,18318.26323723793,18318.26323723793,425951,common-baxtdaij,10.244.3.38,18318.26323723793,1,"2_cql_weight=5,horizon=1,rho_s=model,seed=7",,[2],0.0001,combo,0.0001,0.2,0.0003,5.0,0.0003,True,cuda,0.99,"[200, 200, 200, 200]",/home/ubuntu/yi/offlinerl/OfflineRL/offlinerl_tmp/.aim/dynamics_model/61ec0857d36e4692b9730f26/dynamics_model.pt,,"[2.5e-05, 5e-05, 7.5e-05, 7.5e-05, 0.0001]",10,RocketRecovery-combo,"[256, 256, 256]",1,10.0,True,0.01,,5,1000,False,5,False,10,[7],256,False,0.5,model,50000.0,1000,7,0.005,1000,,low,99,RocketRecovery,1.0,False,256,7,0.001,,True,5,False,10,0.2,False,1,5.0,model,7,"[2.5, 3.5, 5]","[1, 5]","['model', 'mix']",combo,/home/ubuntu/yi/offlinerl/OfflineRL/offlinerl_tmp/.aim/dynamics_model/61ec0857d36e4692b9730f26/dynamics_model.pt,RocketRecovery-combo,7,RocketRecovery,RocketRecovery-combo,combo,RocketRecovery,/home/ubuntu/yi/offlinerl/OfflineRL/offlinerl_tmp/.aim/dynamics_model/61ec0857d36e4692b9730f26/dynamics_model.pt,7,discrete,"[1000000.0, 2000000.0]",discrete,"[1, 2, 5]",continuous,"[0.1, 10]",discrete,"[True, False]",discrete,"[0.05, 0.1, 0.2]"
0ab81_00003,-247.3195870148195,58.1145836562502,94.904,37.08100300693065,-214.03692626953125,386.322265625,413.4919738769531,-1.4084980487823486,0.1211060956120491,/home/ubuntu/yi/offlinerl/OfflineRL/offlinerl_tmp/.aim/models/5878af89b3b944b6a42a0764/policy.pt,1713579964,,True,1,2024-04-20_10-26-04,19020.717710018158,19020.717710018158,425952,common-baxtdaij,10.244.3.38,19020.717710018158,1,"3_cql_weight=2.5000,horizon=5,rho_s=model,seed=7",,[2],0.0001,combo,0.0001,0.2,0.0003,2.5,0.0003,True,cuda,0.99,"[200, 200, 200, 200]",/home/ubuntu/yi/offlinerl/OfflineRL/offlinerl_tmp/.aim/dynamics_model/61ec0857d36e4692b9730f26/dynamics_model.pt,,"[2.5e-05, 5e-05, 7.5e-05, 7.5e-05, 0.0001]",10,RocketRecovery-combo,"[256, 256, 256]",5,10.0,True,0.01,,5,1000,False,5,False,10,[7],256,False,0.5,model,50000.0,1000,7,0.005,1000,,low,99,RocketRecovery,1.0,False,256,7,0.001,,True,5,False,10,0.2,False,5,2.5,model,7,"[2.5, 3.5, 5]","[1, 5]","['model', 'mix']",combo,/home/ubuntu/yi/offlinerl/OfflineRL/offlinerl_tmp/.aim/dynamics_model/61ec0857d36e4692b9730f26/dynamics_model.pt,RocketRecovery-combo,7,RocketRecovery,RocketRecovery-combo,combo,RocketRecovery,/home/ubuntu/yi/offlinerl/OfflineRL/offlinerl_tmp/.aim/dynamics_model/61ec0857d36e4692b9730f26/dynamics_model.pt,7,discrete,"[1000000.0, 2000000.0]",discrete,"[1, 2, 5]",continuous,"[0.1, 10]",discrete,"[True, False]",discrete,"[0.05, 0.1, 0.2]"
0ab81_00004,-249.39427345863916,67.19990756191407,84.875,25.131760284548314,-331.195068359375,689.2266845703125,609.6004028320312,-0.147709459066391,3.6928622722625732,/home/ubuntu/yi/offlinerl/OfflineRL/offlinerl_tmp/.aim/models/4badb1dcf9e34da58a31e916/policy.pt,1713579974,,True,1,2024-04-20_10-26-14,19030.407513856888,19030.407513856888,425953,common-baxtdaij,10.244.3.38,19030.407513856888,1,"4_cql_weight=3.5000,horizon=5,rho_s=model,seed=7",,[2],0.0001,combo,0.0001,0.2,0.0003,3.5,0.0003,True,cuda,0.99,"[200, 200, 200, 200]",/home/ubuntu/yi/offlinerl/OfflineRL/offlinerl_tmp/.aim/dynamics_model/61ec0857d36e4692b9730f26/dynamics_model.pt,,"[2.5e-05, 5e-05, 7.5e-05, 7.5e-05, 0.0001]",10,RocketRecovery-combo,"[256, 256, 256]",5,10.0,True,0.01,,5,1000,False,5,False,10,[7],256,False,0.5,model,50000.0,1000,7,0.005,1000,,low,99,RocketRecovery,1.0,False,256,7,0.001,,True,5,False,10,0.2,False,5,3.5,model,7,"[2.5, 3.5, 5]","[1, 5]","['model', 'mix']",combo,/home/ubuntu/yi/offlinerl/OfflineRL/offlinerl_tmp/.aim/dynamics_model/61ec0857d36e4692b9730f26/dynamics_model.pt,RocketRecovery-combo,7,RocketRecovery,RocketRecovery-combo,combo,RocketRecovery,/home/ubuntu/yi/offlinerl/OfflineRL/offlinerl_tmp/.aim/dynamics_model/61ec0857d36e4692b9730f26/dynamics_model.pt,7,discrete,"[1000000.0, 2000000.0]",discrete,"[1, 2, 5]",continuous,"[0.1, 10]",discrete,"[True, False]",discrete,"[0.05, 0.1, 0.2]"
0ab81_00005,91.3093681307612,107.82104029755178,110.814,33.6428804355394,281.2166442871094,145.50082397460938,89.09771728515625,0.07998369634151459,3.10032057762146,/home/ubuntu/yi/offlinerl/OfflineRL/offlinerl_tmp/.aim/models/c5b1aa67153542c3888dcd34/policy.pt,1713579988,,True,1,2024-04-20_10-26-28,19044.616647958755,19044.616647958755,425954,common-baxtdaij,10.244.3.38,19044.616647958755,1,"5_cql_weight=5,horizon=5,rho_s=model,seed=7",,[2],0.0001,combo,0.0001,0.2,0.0003,5.0,0.0003,True,cuda,0.99,"[200, 200, 200, 200]",/home/ubuntu/yi/offlinerl/OfflineRL/offlinerl_tmp/.aim/dynamics_model/61ec0857d36e4692b9730f26/dynamics_model.pt,,"[2.5e-05, 5e-05, 7.5e-05, 7.5e-05, 0.0001]",10,RocketRecovery-combo,"[256, 256, 256]",5,10.0,True,0.01,,5,1000,False,5,False,10,[7],256,False,0.5,model,50000.0,1000,7,0.005,1000,,low,99,RocketRecovery,1.0,False,256,7,0.001,,True,5,False,10,0.2,False,5,5.0,model,7,"[2.5, 3.5, 5]","[1, 5]","['model', 'mix']",combo,/home/ubuntu/yi/offlinerl/OfflineRL/offlinerl_tmp/.aim/dynamics_model/61ec0857d36e4692b9730f26/dynamics_model.pt,RocketRecovery-combo,7,RocketRecovery,RocketRecovery-combo,combo,RocketRecovery,/home/ubuntu/yi/offlinerl/OfflineRL/offlinerl_tmp/.aim/dynamics_model/61ec0857d36e4692b9730f26/dynamics_model.pt,7,discrete,"[1000000.0, 2000000.0]",discrete,"[1, 2, 5]",continuous,"[0.1, 10]",discrete,"[True, False]",discrete,"[0.05, 0.1, 0.2]"
0ab81_00006,54.97290940165333,125.53480240951616,116.65,52.132039093056775,-33.36623001098633,32.176918029785156,26.66822052001953,0.00026935990899801254,1.066898226737976,/home/ubuntu/yi/offlinerl/OfflineRL/offlinerl_tmp/.aim/models/e9421925066045549e794ef0/policy.pt,1713598937,,True,1,2024-04-20_15-42-17,19670.540461540222,19670.540461540222,434811,common-baxtdaij,10.244.3.38,19670.540461540222,1,"6_cql_weight=2.5000,horizon=1,rho_s=mix,seed=7",,[2],0.0001,combo,0.0001,0.2,0.0003,2.5,0.0003,True,cuda,0.99,"[200, 200, 200, 200]",/home/ubuntu/yi/offlinerl/OfflineRL/offlinerl_tmp/.aim/dynamics_model/61ec0857d36e4692b9730f26/dynamics_model.pt,,"[2.5e-05, 5e-05, 7.5e-05, 7.5e-05, 0.0001]",10,RocketRecovery-combo,"[256, 256, 256]",1,10.0,True,0.01,,5,1000,False,5,False,10,[7],256,False,0.5,mix,50000.0,1000,7,0.005,1000,,low,99,RocketRecovery,1.0,False,256,7,0.001,,True,5,False,10,0.2,False,1,2.5,mix,7,"[2.5, 3.5, 5]","[1, 5]","['model', 'mix']",combo,/home/ubuntu/yi/offlinerl/OfflineRL/offlinerl_tmp/.aim/dynamics_model/61ec0857d36e4692b9730f26/dynamics_model.pt,RocketRecovery-combo,7,RocketRecovery,RocketRecovery-combo,combo,RocketRecovery,/home/ubuntu/yi/offlinerl/OfflineRL/offlinerl_tmp/.aim/dynamics_model/61ec0857d36e4692b9730f26/dynamics_model.pt,7,discrete,"[1000000.0, 2000000.0]",discrete,"[1, 2, 5]",continuous,"[0.1, 10]",discrete,"[True, False]",discrete,"[0.05, 0.1, 0.2]"
0ab81_00007,101.09494522561971,99.57865141826558,110.114,44.79987727661762,6.060420036315918,16.421884536743164,14.64365005493164,-0.0029771216213703156,1.5831232070922852,/home/ubuntu/yi/offlinerl/OfflineRL/offlinerl_tmp/.aim/models/1678461d4a7345c58218a69e/policy.pt,1713599192,,True,1,2024-04-20_15-46-32,19773.449414014816,19773.449414014816,435167,common-baxtdaij,10.244.3.38,19773.449414014816,1,"7_cql_weight=3.5000,horizon=1,rho_s=mix,seed=7",,[2],0.0001,combo,0.0001,0.2,0.0003,3.5,0.0003,True,cuda,0.99,"[200, 200, 200, 200]",/home/ubuntu/yi/offlinerl/OfflineRL/offlinerl_tmp/.aim/dynamics_model/61ec0857d36e4692b9730f26/dynamics_model.pt,,"[2.5e-05, 5e-05, 7.5e-05, 7.5e-05, 0.0001]",10,RocketRecovery-combo,"[256, 256, 256]",1,10.0,True,0.01,,5,1000,False,5,False,10,[7],256,False,0.5,mix,50000.0,1000,7,0.005,1000,,low,99,RocketRecovery,1.0,False,256,7,0.001,,True,5,False,10,0.2,False,1,3.5,mix,7,"[2.5, 3.5, 5]","[1, 5]","['model', 'mix']",combo,/home/ubuntu/yi/offlinerl/OfflineRL/offlinerl_tmp/.aim/dynamics_model/61ec0857d36e4692b9730f26/dynamics_model.pt,RocketRecovery-combo,7,RocketRecovery,RocketRecovery-combo,combo,RocketRecovery,/home/ubuntu/yi/offlinerl/OfflineRL/offlinerl_tmp/.aim/dynamics_model/61ec0857d36e4692b9730f26/dynamics_model.pt,7,discrete,"[1000000.0, 2000000.0]",discrete,"[1, 2, 5]",continuous,"[0.1, 10]",discrete,"[True, False]",discrete,"[0.05, 0.1, 0.2]"
0ab81_00008,109.16200444621965,98.04606379474923,113.256,46.10007010840656,78.52290344238281,3.099090576171875,2.52471923828125,0.026099542155861855,2.11606764793396,/home/ubuntu/yi/offlinerl/OfflineRL/offlinerl_tmp/.aim/models/d3998f690fb045ae80084c7a/policy.pt,1713599144,,True,1,2024-04-20_15-45-44,19676.54887533188,19676.54887533188,435522,common-baxtdaij,10.244.3.38,19676.54887533188,1,"8_cql_weight=5,horizon=1,rho_s=mix,seed=7",,[2],0.0001,combo,0.0001,0.2,0.0003,5.0,0.0003,True,cuda,0.99,"[200, 200, 200, 200]",/home/ubuntu/yi/offlinerl/OfflineRL/offlinerl_tmp/.aim/dynamics_model/61ec0857d36e4692b9730f26/dynamics_model.pt,,"[2.5e-05, 5e-05, 7.5e-05, 7.5e-05, 0.0001]",10,RocketRecovery-combo,"[256, 256, 256]",1,10.0,True,0.01,,5,1000,False,5,False,10,[7],256,False,0.5,mix,50000.0,1000,7,0.005,1000,,low,99,RocketRecovery,1.0,False,256,7,0.001,,True,5,False,10,0.2,False,1,5.0,mix,7,"[2.5, 3.5, 5]","[1, 5]","['model', 'mix']",combo,/home/ubuntu/yi/offlinerl/OfflineRL/offlinerl_tmp/.aim/dynamics_model/61ec0857d36e4692b9730f26/dynamics_model.pt,RocketRecovery-combo,7,RocketRecovery,RocketRecovery-combo,combo,RocketRecovery,/home/ubuntu/yi/offlinerl/OfflineRL/offlinerl_tmp/.aim/dynamics_model/61ec0857d36e4692b9730f26/dynamics_model.pt,7,discrete,"[1000000.0, 2000000.0]",discrete,"[1, 2, 5]",continuous,"[0.1, 10]",discrete,"[True, False]",discrete,"[0.05, 0.1, 0.2]"
0ab81_00009,-264.52521669777946,71.45640850421736,89.935,34.31639222004551,-320.6076354980469,525.6827392578125,513.3206176757812,0.0038461685180664062,1.6758637428283691,/home/ubuntu/yi/offlinerl/OfflineRL/offlinerl_tmp/.aim/models/ddd94f2863474fefb7e0e69d/policy.pt,1713600276,,True,1,2024-04-20_16-04-36,20307.086183547974,20307.086183547974,435988,common-baxtdaij,10.244.3.38,20307.086183547974,1,"9_cql_weight=2.5000,horizon=5,rho_s=mix,seed=7",,[2],0.0001,combo,0.0001,0.2,0.0003,2.5,0.0003,True,cuda,0.99,"[200, 200, 200, 200]",/home/ubuntu/yi/offlinerl/OfflineRL/offlinerl_tmp/.aim/dynamics_model/61ec0857d36e4692b9730f26/dynamics_model.pt,,"[2.5e-05, 5e-05, 7.5e-05, 7.5e-05, 0.0001]",10,RocketRecovery-combo,"[256, 256, 256]",5,10.0,True,0.01,,5,1000,False,5,False,10,[7],256,False,0.5,mix,50000.0,1000,7,0.005,1000,,low,99,RocketRecovery,1.0,False,256,7,0.001,,True,5,False,10,0.2,False,5,2.5,mix,7,"[2.5, 3.5, 5]","[1, 5]","['model', 'mix']",combo,/home/ubuntu/yi/offlinerl/OfflineRL/offlinerl_tmp/.aim/dynamics_model/61ec0857d36e4692b9730f26/dynamics_model.pt,RocketRecovery-combo,7,RocketRecovery,RocketRecovery-combo,combo,RocketRecovery,/home/ubuntu/yi/offlinerl/OfflineRL/offlinerl_tmp/.aim/dynamics_model/61ec0857d36e4692b9730f26/dynamics_model.pt,7,discrete,"[1000000.0, 2000000.0]",discrete,"[1, 2, 5]",continuous,"[0.1, 10]",discrete,"[True, False]",discrete,"[0.05, 0.1, 0.2]"
0ab81_00010,73.14831585680415,117.70139105714823,131.568,53.36854294432254,29.677982330322266,34.25212860107422,36.54041290283203,-0.19700022041797638,0.3791404366493225,/home/ubuntu/yi/offlinerl/OfflineRL/offlinerl_tmp/.aim/models/f0d385832d494fa58615070d/policy.pt,1713600299,,True,1,2024-04-20_16-04-59,20321.090430498123,20321.090430498123,436342,common-baxtdaij,10.244.3.38,20321.090430498123,1,"10_cql_weight=3.5000,horizon=5,rho_s=mix,seed=7",,[2],0.0001,combo,0.0001,0.2,0.0003,3.5,0.0003,True,cuda,0.99,"[200, 200, 200, 200]",/home/ubuntu/yi/offlinerl/OfflineRL/offlinerl_tmp/.aim/dynamics_model/61ec0857d36e4692b9730f26/dynamics_model.pt,,"[2.5e-05, 5e-05, 7.5e-05, 7.5e-05, 0.0001]",10,RocketRecovery-combo,"[256, 256, 256]",5,10.0,True,0.01,,5,1000,False,5,False,10,[7],256,False,0.5,mix,50000.0,1000,7,0.005,1000,,low,99,RocketRecovery,1.0,False,256,7,0.001,,True,5,False,10,0.2,False,5,3.5,mix,7,"[2.5, 3.5, 5]","[1, 5]","['model', 'mix']",combo,/home/ubuntu/yi/offlinerl/OfflineRL/offlinerl_tmp/.aim/dynamics_model/61ec0857d36e4692b9730f26/dynamics_model.pt,RocketRecovery-combo,7,RocketRecovery,RocketRecovery-combo,combo,RocketRecovery,/home/ubuntu/yi/offlinerl/OfflineRL/offlinerl_tmp/.aim/dynamics_model/61ec0857d36e4692b9730f26/dynamics_model.pt,7,discrete,"[1000000.0, 2000000.0]",discrete,"[1, 2, 5]",continuous,"[0.1, 10]",discrete,"[True, False]",discrete,"[0.05, 0.1, 0.2]"
0ab81_00011,87.33918710152246,111.43164987693969,107.477,36.45873655243692,102.3559799194336,172.92576599121094,136.67147827148438,0.09569261968135834,1.9453321695327759,/home/ubuntu/yi/offlinerl/OfflineRL/offlinerl_tmp/.aim/models/1704dd68be1a4b2f9f54e5bc/policy.pt,1713600275,,True,1,2024-04-20_16-04-35,20282.23925447464,20282.23925447464,436598,common-baxtdaij,10.244.3.38,20282.23925447464,1,"11_cql_weight=5,horizon=5,rho_s=mix,seed=7",,[2],0.0001,combo,0.0001,0.2,0.0003,5.0,0.0003,True,cuda,0.99,"[200, 200, 200, 200]",/home/ubuntu/yi/offlinerl/OfflineRL/offlinerl_tmp/.aim/dynamics_model/61ec0857d36e4692b9730f26/dynamics_model.pt,,"[2.5e-05, 5e-05, 7.5e-05, 7.5e-05, 0.0001]",10,RocketRecovery-combo,"[256, 256, 256]",5,10.0,True,0.01,,5,1000,False,5,False,10,[7],256,False,0.5,mix,50000.0,1000,7,0.005,1000,,low,99,RocketRecovery,1.0,False,256,7,0.001,,True,5,False,10,0.2,False,5,5.0,mix,7,"[2.5, 3.5, 5]","[1, 5]","['model', 'mix']",combo,/home/ubuntu/yi/offlinerl/OfflineRL/offlinerl_tmp/.aim/dynamics_model/61ec0857d36e4692b9730f26/dynamics_model.pt,RocketRecovery-combo,7,RocketRecovery,RocketRecovery-combo,combo,RocketRecovery,/home/ubuntu/yi/offlinerl/OfflineRL/offlinerl_tmp/.aim/dynamics_model/61ec0857d36e4692b9730f26/dynamics_model.pt,7,discrete,"[1000000.0, 2000000.0]",discrete,"[1, 2, 5]",continuous,"[0.1, 10]",discrete,"[True, False]",discrete,"[0.05, 0.1, 0.2]"
0ab81_00012,64.6668328844728,121.07619987895497,112.347,38.91771564467781,-72.29991149902344,20.14429473876953,17.364187240600586,-0.002941570244729519,1.0766900777816772,/home/ubuntu/yi/offlinerl/OfflineRL/offlinerl_tmp/.aim/models/92ecdb750fc6430fb24f01b2/policy.pt,1713617377,,True,1,2024-04-20_20-49-37,18435.622129678726,18435.622129678726,442890,common-baxtdaij,10.244.3.38,18435.622129678726,1,"12_cql_weight=2.5000,horizon=1,rho_s=model,seed=42",,[2],0.0001,combo,0.0001,0.2,0.0003,2.5,0.0003,True,cuda,0.99,"[200, 200, 200, 200]",/home/ubuntu/yi/offlinerl/OfflineRL/offlinerl_tmp/.aim/dynamics_model/61ec0857d36e4692b9730f26/dynamics_model.pt,,"[2.5e-05, 5e-05, 7.5e-05, 7.5e-05, 0.0001]",10,RocketRecovery-combo,"[256, 256, 256]",1,10.0,True,0.01,,5,1000,False,5,False,10,[7],256,False,0.5,model,50000.0,1000,42,0.005,1000,,low,99,RocketRecovery,1.0,False,256,7,0.001,,True,5,False,10,0.2,False,1,2.5,model,42,"[2.5, 3.5, 5]","[1, 5]","['model', 'mix']",combo,/home/ubuntu/yi/offlinerl/OfflineRL/offlinerl_tmp/.aim/dynamics_model/61ec0857d36e4692b9730f26/dynamics_model.pt,RocketRecovery-combo,42,RocketRecovery,RocketRecovery-combo,combo,RocketRecovery,/home/ubuntu/yi/offlinerl/OfflineRL/offlinerl_tmp/.aim/dynamics_model/61ec0857d36e4692b9730f26/dynamics_model.pt,42,discrete,"[1000000.0, 2000000.0]",discrete,"[1, 2, 5]",continuous,"[0.1, 10]",discrete,"[True, False]",discrete,"[0.05, 0.1, 0.2]"
0ab81_00013,103.8003848615447,99.53760607473234,115.432,51.9610370951158,31.94713592529297,39.032798767089844,40.03306579589844,-0.015098005533218384,1.6202704906463623,/home/ubuntu/yi/offlinerl/OfflineRL/offlinerl_tmp/.aim/models/32fa62c513a34c0e9ff06daf/policy.pt,1713617616,,True,1,2024-04-20_20-53-36,18467.346982479095,18467.346982479095,443248,common-baxtdaij,10.244.3.38,18467.346982479095,1,"13_cql_weight=3.5000,horizon=1,rho_s=model,seed=42",,[2],0.0001,combo,0.0001,0.2,0.0003,3.5,0.0003,True,cuda,0.99,"[200, 200, 200, 200]",/home/ubuntu/yi/offlinerl/OfflineRL/offlinerl_tmp/.aim/dynamics_model/61ec0857d36e4692b9730f26/dynamics_model.pt,,"[2.5e-05, 5e-05, 7.5e-05, 7.5e-05, 0.0001]",10,RocketRecovery-combo,"[256, 256, 256]",1,10.0,True,0.01,,5,1000,False,5,False,10,[7],256,False,0.5,model,50000.0,1000,42,0.005,1000,,low,99,RocketRecovery,1.0,False,256,7,0.001,,True,5,False,10,0.2,False,1,3.5,model,42,"[2.5, 3.5, 5]","[1, 5]","['model', 'mix']",combo,/home/ubuntu/yi/offlinerl/OfflineRL/offlinerl_tmp/.aim/dynamics_model/61ec0857d36e4692b9730f26/dynamics_model.pt,RocketRecovery-combo,42,RocketRecovery,RocketRecovery-combo,combo,RocketRecovery,/home/ubuntu/yi/offlinerl/OfflineRL/offlinerl_tmp/.aim/dynamics_model/61ec0857d36e4692b9730f26/dynamics_model.pt,42,discrete,"[1000000.0, 2000000.0]",discrete,"[1, 2, 5]",continuous,"[0.1, 10]",discrete,"[True, False]",discrete,"[0.05, 0.1, 0.2]"
0ab81_00014,109.70600796070136,93.72502417750093,111.916,47.20568762342097,48.34577941894531,147.3115997314453,147.02737426757812,0.00039930641651153564,2.2496254444122314,/home/ubuntu/yi/offlinerl/OfflineRL/offlinerl_tmp/.aim/models/544f7aec9f6945e890ae37ca/policy.pt,1713617742,,True,1,2024-04-20_20-55-42,18545.835092544556,18545.835092544556,443605,common-baxtdaij,10.244.3.38,18545.835092544556,1,"14_cql_weight=5,horizon=1,rho_s=model,seed=42",,[2],0.0001,combo,0.0001,0.2,0.0003,5.0,0.0003,True,cuda,0.99,"[200, 200, 200, 200]",/home/ubuntu/yi/offlinerl/OfflineRL/offlinerl_tmp/.aim/dynamics_model/61ec0857d36e4692b9730f26/dynamics_model.pt,,"[2.5e-05, 5e-05, 7.5e-05, 7.5e-05, 0.0001]",10,RocketRecovery-combo,"[256, 256, 256]",1,10.0,True,0.01,,5,1000,False,5,False,10,[7],256,False,0.5,model,50000.0,1000,42,0.005,1000,,low,99,RocketRecovery,1.0,False,256,7,0.001,,True,5,False,10,0.2,False,1,5.0,model,42,"[2.5, 3.5, 5]","[1, 5]","['model', 'mix']",combo,/home/ubuntu/yi/offlinerl/OfflineRL/offlinerl_tmp/.aim/dynamics_model/61ec0857d36e4692b9730f26/dynamics_model.pt,RocketRecovery-combo,42,RocketRecovery,RocketRecovery-combo,combo,RocketRecovery,/home/ubuntu/yi/offlinerl/OfflineRL/offlinerl_tmp/.aim/dynamics_model/61ec0857d36e4692b9730f26/dynamics_model.pt,42,discrete,"[1000000.0, 2000000.0]",discrete,"[1, 2, 5]",continuous,"[0.1, 10]",discrete,"[True, False]",discrete,"[0.05, 0.1, 0.2]"
0ab81_00015,-339.61066420219,66.42987388925522,83.974,27.12610042007513,-180.02481079101562,144.3170166015625,100.58358764648438,-0.4431886076927185,4.061944007873535,/home/ubuntu/yi/offlinerl/OfflineRL/offlinerl_tmp/.aim/models/6b8192e08669423681f12e73/policy.pt,1713619590,,True,1,2024-04-20_21-26-30,19310.77535676956,19310.77535676956,444082,common-baxtdaij,10.244.3.38,19310.77535676956,1,"15_cql_weight=2.5000,horizon=5,rho_s=model,seed=42",,[2],0.0001,combo,0.0001,0.2,0.0003,2.5,0.0003,True,cuda,0.99,"[200, 200, 200, 200]",/home/ubuntu/yi/offlinerl/OfflineRL/offlinerl_tmp/.aim/dynamics_model/61ec0857d36e4692b9730f26/dynamics_model.pt,,"[2.5e-05, 5e-05, 7.5e-05, 7.5e-05, 0.0001]",10,RocketRecovery-combo,"[256, 256, 256]",5,10.0,True,0.01,,5,1000,False,5,False,10,[7],256,False,0.5,model,50000.0,1000,42,0.005,1000,,low,99,RocketRecovery,1.0,False,256,7,0.001,,True,5,False,10,0.2,False,5,2.5,model,42,"[2.5, 3.5, 5]","[1, 5]","['model', 'mix']",combo,/home/ubuntu/yi/offlinerl/OfflineRL/offlinerl_tmp/.aim/dynamics_model/61ec0857d36e4692b9730f26/dynamics_model.pt,RocketRecovery-combo,42,RocketRecovery,RocketRecovery-combo,combo,RocketRecovery,/home/ubuntu/yi/offlinerl/OfflineRL/offlinerl_tmp/.aim/dynamics_model/61ec0857d36e4692b9730f26/dynamics_model.pt,42,discrete,"[1000000.0, 2000000.0]",discrete,"[1, 2, 5]",continuous,"[0.1, 10]",discrete,"[True, False]",discrete,"[0.05, 0.1, 0.2]"
0ab81_00016,-303.5093299224395,48.62401854325348,77.611,26.40813660597809,-385.47943115234375,324.3615417480469,308.80657958984375,-0.2698395252227783,2.9825046062469482,/home/ubuntu/yi/offlinerl/OfflineRL/offlinerl_tmp/.aim/models/0fba3f15404b4af694f638d7/policy.pt,1713619315,,True,1,2024-04-20_21-21-55,19032.941565036774,19032.941565036774,444244,common-baxtdaij,10.244.3.38,19032.941565036774,1,"16_cql_weight=3.5000,horizon=5,rho_s=model,seed=42",,[2],0.0001,combo,0.0001,0.2,0.0003,3.5,0.0003,True,cuda,0.99,"[200, 200, 200, 200]",/home/ubuntu/yi/offlinerl/OfflineRL/offlinerl_tmp/.aim/dynamics_model/61ec0857d36e4692b9730f26/dynamics_model.pt,,"[2.5e-05, 5e-05, 7.5e-05, 7.5e-05, 0.0001]",10,RocketRecovery-combo,"[256, 256, 256]",5,10.0,True,0.01,,5,1000,False,5,False,10,[7],256,False,0.5,model,50000.0,1000,42,0.005,1000,,low,99,RocketRecovery,1.0,False,256,7,0.001,,True,5,False,10,0.2,False,5,3.5,model,42,"[2.5, 3.5, 5]","[1, 5]","['model', 'mix']",combo,/home/ubuntu/yi/offlinerl/OfflineRL/offlinerl_tmp/.aim/dynamics_model/61ec0857d36e4692b9730f26/dynamics_model.pt,RocketRecovery-combo,42,RocketRecovery,RocketRecovery-combo,combo,RocketRecovery,/home/ubuntu/yi/offlinerl/OfflineRL/offlinerl_tmp/.aim/dynamics_model/61ec0857d36e4692b9730f26/dynamics_model.pt,42,discrete,"[1000000.0, 2000000.0]",discrete,"[1, 2, 5]",continuous,"[0.1, 10]",discrete,"[True, False]",discrete,"[0.05, 0.1, 0.2]"
0ab81_00017,110.45128192821983,99.03988219537979,119.851,45.02975459626668,313.51751708984375,1056.07421875,804.44580078125,0.07079170644283295,3.055760383605957,/home/ubuntu/yi/offlinerl/OfflineRL/offlinerl_tmp/.aim/models/3301ec526e9e41c2b0e3f38a/policy.pt,1713619293,,True,1,2024-04-20_21-21-33,18989.972055196762,18989.972055196762,444686,common-baxtdaij,10.244.3.38,18989.972055196762,1,"17_cql_weight=5,horizon=5,rho_s=model,seed=42",,[2],0.0001,combo,0.0001,0.2,0.0003,5.0,0.0003,True,cuda,0.99,"[200, 200, 200, 200]",/home/ubuntu/yi/offlinerl/OfflineRL/offlinerl_tmp/.aim/dynamics_model/61ec0857d36e4692b9730f26/dynamics_model.pt,,"[2.5e-05, 5e-05, 7.5e-05, 7.5e-05, 0.0001]",10,RocketRecovery-combo,"[256, 256, 256]",5,10.0,True,0.01,,5,1000,False,5,False,10,[7],256,False,0.5,model,50000.0,1000,42,0.005,1000,,low,99,RocketRecovery,1.0,False,256,7,0.001,,True,5,False,10,0.2,False,5,5.0,model,42,"[2.5, 3.5, 5]","[1, 5]","['model', 'mix']",combo,/home/ubuntu/yi/offlinerl/OfflineRL/offlinerl_tmp/.aim/dynamics_model/61ec0857d36e4692b9730f26/dynamics_model.pt,RocketRecovery-combo,42,RocketRecovery,RocketRecovery-combo,combo,RocketRecovery,/home/ubuntu/yi/offlinerl/OfflineRL/offlinerl_tmp/.aim/dynamics_model/61ec0857d36e4692b9730f26/dynamics_model.pt,42,discrete,"[1000000.0, 2000000.0]",discrete,"[1, 2, 5]",continuous,"[0.1, 10]",discrete,"[True, False]",discrete,"[0.05, 0.1, 0.2]"
0ab81_00018,16.989242896273733,123.45059517792468,119.829,43.70006589239884,-172.4451446533203,52.32569885253906,47.842201232910156,-0.008128046989440918,0.931937038898468,/home/ubuntu/yi/offlinerl/OfflineRL/offlinerl_tmp/.aim/models/b3e3d9c87e70479d868c2a72/policy.pt,1713637019,,True,1,2024-04-21_02-16-59,19638.364132642746,19638.364132642746,450843,common-baxtdaij,10.244.3.38,19638.364132642746,1,"18_cql_weight=2.5000,horizon=1,rho_s=mix,seed=42",,[2],0.0001,combo,0.0001,0.2,0.0003,2.5,0.0003,True,cuda,0.99,"[200, 200, 200, 200]",/home/ubuntu/yi/offlinerl/OfflineRL/offlinerl_tmp/.aim/dynamics_model/61ec0857d36e4692b9730f26/dynamics_model.pt,,"[2.5e-05, 5e-05, 7.5e-05, 7.5e-05, 0.0001]",10,RocketRecovery-combo,"[256, 256, 256]",1,10.0,True,0.01,,5,1000,False,5,False,10,[7],256,False,0.5,mix,50000.0,1000,42,0.005,1000,,low,99,RocketRecovery,1.0,False,256,7,0.001,,True,5,False,10,0.2,False,1,2.5,mix,42,"[2.5, 3.5, 5]","[1, 5]","['model', 'mix']",combo,/home/ubuntu/yi/offlinerl/OfflineRL/offlinerl_tmp/.aim/dynamics_model/61ec0857d36e4692b9730f26/dynamics_model.pt,RocketRecovery-combo,42,RocketRecovery,RocketRecovery-combo,combo,RocketRecovery,/home/ubuntu/yi/offlinerl/OfflineRL/offlinerl_tmp/.aim/dynamics_model/61ec0857d36e4692b9730f26/dynamics_model.pt,42,discrete,"[1000000.0, 2000000.0]",discrete,"[1, 2, 5]",continuous,"[0.1, 10]",discrete,"[True, False]",discrete,"[0.05, 0.1, 0.2]"
0ab81_00019,109.56324875392299,101.02425966083645,115.117,49.46397993489808,30.296588897705078,29.329971313476562,30.085302352905273,-0.03712034225463867,1.6352059841156006,/home/ubuntu/yi/offlinerl/OfflineRL/offlinerl_tmp/.aim/models/adb56549bc104fd391042d16/policy.pt,1713637357,,True,1,2024-04-21_02-22-37,19737.365186452866,19737.365186452866,451305,common-baxtdaij,10.244.3.38,19737.365186452866,1,"19_cql_weight=3.5000,horizon=1,rho_s=mix,seed=42",,[2],0.0001,combo,0.0001,0.2,0.0003,3.5,0.0003,True,cuda,0.99,"[200, 200, 200, 200]",/home/ubuntu/yi/offlinerl/OfflineRL/offlinerl_tmp/.aim/dynamics_model/61ec0857d36e4692b9730f26/dynamics_model.pt,,"[2.5e-05, 5e-05, 7.5e-05, 7.5e-05, 0.0001]",10,RocketRecovery-combo,"[256, 256, 256]",1,10.0,True,0.01,,5,1000,False,5,False,10,[7],256,False,0.5,mix,50000.0,1000,42,0.005,1000,,low,99,RocketRecovery,1.0,False,256,7,0.001,,True,5,False,10,0.2,False,1,3.5,mix,42,"[2.5, 3.5, 5]","[1, 5]","['model', 'mix']",combo,/home/ubuntu/yi/offlinerl/OfflineRL/offlinerl_tmp/.aim/dynamics_model/61ec0857d36e4692b9730f26/dynamics_model.pt,RocketRecovery-combo,42,RocketRecovery,RocketRecovery-combo,combo,RocketRecovery,/home/ubuntu/yi/offlinerl/OfflineRL/offlinerl_tmp/.aim/dynamics_model/61ec0857d36e4692b9730f26/dynamics_model.pt,42,discrete,"[1000000.0, 2000000.0]",discrete,"[1, 2, 5]",continuous,"[0.1, 10]",discrete,"[True, False]",discrete,"[0.05, 0.1, 0.2]"
0ab81_00020,112.90921977490652,92.28841456142202,113.736,49.33925722991785,72.55179595947266,44.68634796142578,41.81749725341797,-0.017704147845506668,2.0708391666412354,/home/ubuntu/yi/offlinerl/OfflineRL/offlinerl_tmp/.aim/models/374f1f8693e0411fa6b09343/policy.pt,1713637488,,True,1,2024-04-21_02-24-48,19741.565433740616,19741.565433740616,451661,common-baxtdaij,10.244.3.38,19741.565433740616,1,"20_cql_weight=5,horizon=1,rho_s=mix,seed=42",,[2],0.0001,combo,0.0001,0.2,0.0003,5.0,0.0003,True,cuda,0.99,"[200, 200, 200, 200]",/home/ubuntu/yi/offlinerl/OfflineRL/offlinerl_tmp/.aim/dynamics_model/61ec0857d36e4692b9730f26/dynamics_model.pt,,"[2.5e-05, 5e-05, 7.5e-05, 7.5e-05, 0.0001]",10,RocketRecovery-combo,"[256, 256, 256]",1,10.0,True,0.01,,5,1000,False,5,False,10,[7],256,False,0.5,mix,50000.0,1000,42,0.005,1000,,low,99,RocketRecovery,1.0,False,256,7,0.001,,True,5,False,10,0.2,False,1,5.0,mix,42,"[2.5, 3.5, 5]","[1, 5]","['model', 'mix']",combo,/home/ubuntu/yi/offlinerl/OfflineRL/offlinerl_tmp/.aim/dynamics_model/61ec0857d36e4692b9730f26/dynamics_model.pt,RocketRecovery-combo,42,RocketRecovery,RocketRecovery-combo,combo,RocketRecovery,/home/ubuntu/yi/offlinerl/OfflineRL/offlinerl_tmp/.aim/dynamics_model/61ec0857d36e4692b9730f26/dynamics_model.pt,42,discrete,"[1000000.0, 2000000.0]",discrete,"[1, 2, 5]",continuous,"[0.1, 10]",discrete,"[True, False]",discrete,"[0.05, 0.1, 0.2]"
0ab81_00021,-283.59128757241837,146.59869062577363,113.922,79.23877785529001,-421.5293884277344,370.26324462890625,391.2989501953125,-0.01612723059952259,1.286779522895813,/home/ubuntu/yi/offlinerl/OfflineRL/offlinerl_tmp/.aim/models/0ae4b64c6e014203a50c5fa4/policy.pt,1713639645,,True,1,2024-04-21_03-00-45,20346.872103214264,20346.872103214264,452146,common-baxtdaij,10.244.3.38,20346.872103214264,1,"21_cql_weight=2.5000,horizon=5,rho_s=mix,seed=42",,[2],0.0001,combo,0.0001,0.2,0.0003,2.5,0.0003,True,cuda,0.99,"[200, 200, 200, 200]",/home/ubuntu/yi/offlinerl/OfflineRL/offlinerl_tmp/.aim/dynamics_model/61ec0857d36e4692b9730f26/dynamics_model.pt,,"[2.5e-05, 5e-05, 7.5e-05, 7.5e-05, 0.0001]",10,RocketRecovery-combo,"[256, 256, 256]",5,10.0,True,0.01,,5,1000,False,5,False,10,[7],256,False,0.5,mix,50000.0,1000,42,0.005,1000,,low,99,RocketRecovery,1.0,False,256,7,0.001,,True,5,False,10,0.2,False,5,2.5,mix,42,"[2.5, 3.5, 5]","[1, 5]","['model', 'mix']",combo,/home/ubuntu/yi/offlinerl/OfflineRL/offlinerl_tmp/.aim/dynamics_model/61ec0857d36e4692b9730f26/dynamics_model.pt,RocketRecovery-combo,42,RocketRecovery,RocketRecovery-combo,combo,RocketRecovery,/home/ubuntu/yi/offlinerl/OfflineRL/offlinerl_tmp/.aim/dynamics_model/61ec0857d36e4692b9730f26/dynamics_model.pt,42,discrete,"[1000000.0, 2000000.0]",discrete,"[1, 2, 5]",continuous,"[0.1, 10]",discrete,"[True, False]",discrete,"[0.05, 0.1, 0.2]"
0ab81_00022,-223.80358571630344,86.79038791853979,109.083,46.81568231906911,-165.74978637695312,556.9158325195312,522.0125122070312,-1.3096370697021484,0.07060477882623672,/home/ubuntu/yi/offlinerl/OfflineRL/offlinerl_tmp/.aim/models/671c36a2bd4b430f9e0a13ef/policy.pt,1713639607,,True,1,2024-04-21_03-00-07,20288.363014936447,20288.363014936447,452500,common-baxtdaij,10.244.3.38,20288.363014936447,1,"22_cql_weight=3.5000,horizon=5,rho_s=mix,seed=42",,[2],0.0001,combo,0.0001,0.2,0.0003,3.5,0.0003,True,cuda,0.99,"[200, 200, 200, 200]",/home/ubuntu/yi/offlinerl/OfflineRL/offlinerl_tmp/.aim/dynamics_model/61ec0857d36e4692b9730f26/dynamics_model.pt,,"[2.5e-05, 5e-05, 7.5e-05, 7.5e-05, 0.0001]",10,RocketRecovery-combo,"[256, 256, 256]",5,10.0,True,0.01,,5,1000,False,5,False,10,[7],256,False,0.5,mix,50000.0,1000,42,0.005,1000,,low,99,RocketRecovery,1.0,False,256,7,0.001,,True,5,False,10,0.2,False,5,3.5,mix,42,"[2.5, 3.5, 5]","[1, 5]","['model', 'mix']",combo,/home/ubuntu/yi/offlinerl/OfflineRL/offlinerl_tmp/.aim/dynamics_model/61ec0857d36e4692b9730f26/dynamics_model.pt,RocketRecovery-combo,42,RocketRecovery,RocketRecovery-combo,combo,RocketRecovery,/home/ubuntu/yi/offlinerl/OfflineRL/offlinerl_tmp/.aim/dynamics_model/61ec0857d36e4692b9730f26/dynamics_model.pt,42,discrete,"[1000000.0, 2000000.0]",discrete,"[1, 2, 5]",continuous,"[0.1, 10]",discrete,"[True, False]",discrete,"[0.05, 0.1, 0.2]"
0ab81_00023,-57.70525758534763,165.05564014355562,96.989,26.332392200481898,-17.330219268798828,1735.6419677734375,1599.9453125,0.08448519557714462,2.024686336517334,/home/ubuntu/yi/offlinerl/OfflineRL/offlinerl_tmp/.aim/models/1f19d3b705314eb8a5302fa4/policy.pt,1713640003,,True,1,2024-04-21_03-06-43,20407.55793261528,20407.55793261528,452964,common-baxtdaij,10.244.3.38,20407.55793261528,1,"23_cql_weight=5,horizon=5,rho_s=mix,seed=42",,[2],0.0001,combo,0.0001,0.2,0.0003,5.0,0.0003,True,cuda,0.99,"[200, 200, 200, 200]",/home/ubuntu/yi/offlinerl/OfflineRL/offlinerl_tmp/.aim/dynamics_model/61ec0857d36e4692b9730f26/dynamics_model.pt,,"[2.5e-05, 5e-05, 7.5e-05, 7.5e-05, 0.0001]",10,RocketRecovery-combo,"[256, 256, 256]",5,10.0,True,0.01,,5,1000,False,5,False,10,[7],256,False,0.5,mix,50000.0,1000,42,0.005,1000,,low,99,RocketRecovery,1.0,False,256,7,0.001,,True,5,False,10,0.2,False,5,5.0,mix,42,"[2.5, 3.5, 5]","[1, 5]","['model', 'mix']",combo,/home/ubuntu/yi/offlinerl/OfflineRL/offlinerl_tmp/.aim/dynamics_model/61ec0857d36e4692b9730f26/dynamics_model.pt,RocketRecovery-combo,42,RocketRecovery,RocketRecovery-combo,combo,RocketRecovery,/home/ubuntu/yi/offlinerl/OfflineRL/offlinerl_tmp/.aim/dynamics_model/61ec0857d36e4692b9730f26/dynamics_model.pt,42,discrete,"[1000000.0, 2000000.0]",discrete,"[1, 2, 5]",continuous,"[0.1, 10]",discrete,"[True, False]",discrete,"[0.05, 0.1, 0.2]"
0ab81_00024,83.58200770478324,116.25372913390316,116.986,51.860619009032284,-14.691408157348633,89.6449966430664,102.61971282958984,0.0006959928432479501,1.005795955657959,/home/ubuntu/yi/offlinerl/OfflineRL/offlinerl_tmp/.aim/models/753dd46ba2144bca9ae0867e/policy.pt,1713655737,,True,1,2024-04-21_07-28-57,18713.72960138321,18713.72960138321,458708,common-baxtdaij,10.244.3.38,18713.72960138321,1,"24_cql_weight=2.5000,horizon=1,rho_s=model,seed=210",,[2],0.0001,combo,0.0001,0.2,0.0003,2.5,0.0003,True,cuda,0.99,"[200, 200, 200, 200]",/home/ubuntu/yi/offlinerl/OfflineRL/offlinerl_tmp/.aim/dynamics_model/61ec0857d36e4692b9730f26/dynamics_model.pt,,"[2.5e-05, 5e-05, 7.5e-05, 7.5e-05, 0.0001]",10,RocketRecovery-combo,"[256, 256, 256]",1,10.0,True,0.01,,5,1000,False,5,False,10,[7],256,False,0.5,model,50000.0,1000,210,0.005,1000,,low,99,RocketRecovery,1.0,False,256,7,0.001,,True,5,False,10,0.2,False,1,2.5,model,210,"[2.5, 3.5, 5]","[1, 5]","['model', 'mix']",combo,/home/ubuntu/yi/offlinerl/OfflineRL/offlinerl_tmp/.aim/dynamics_model/61ec0857d36e4692b9730f26/dynamics_model.pt,RocketRecovery-combo,210,RocketRecovery,RocketRecovery-combo,combo,RocketRecovery,/home/ubuntu/yi/offlinerl/OfflineRL/offlinerl_tmp/.aim/dynamics_model/61ec0857d36e4692b9730f26/dynamics_model.pt,210,discrete,"[1000000.0, 2000000.0]",discrete,"[1, 2, 5]",continuous,"[0.1, 10]",discrete,"[True, False]",discrete,"[0.05, 0.1, 0.2]"
0ab81_00025,91.35412921612337,107.82157396450468,108.632,34.662206738752225,-8.780349731445312,117.25885772705078,118.39332580566406,0.04667982831597328,1.3968197107315063,/home/ubuntu/yi/offlinerl/OfflineRL/offlinerl_tmp/.aim/models/e73758e891d941eb8ad08229/policy.pt,1713656000,,True,1,2024-04-21_07-33-20,18638.97175884247,18638.97175884247,459068,common-baxtdaij,10.244.3.38,18638.97175884247,1,"25_cql_weight=3.5000,horizon=1,rho_s=model,seed=210",,[2],0.0001,combo,0.0001,0.2,0.0003,3.5,0.0003,True,cuda,0.99,"[200, 200, 200, 200]",/home/ubuntu/yi/offlinerl/OfflineRL/offlinerl_tmp/.aim/dynamics_model/61ec0857d36e4692b9730f26/dynamics_model.pt,,"[2.5e-05, 5e-05, 7.5e-05, 7.5e-05, 0.0001]",10,RocketRecovery-combo,"[256, 256, 256]",1,10.0,True,0.01,,5,1000,False,5,False,10,[7],256,False,0.5,model,50000.0,1000,210,0.005,1000,,low,99,RocketRecovery,1.0,False,256,7,0.001,,True,5,False,10,0.2,False,1,3.5,model,210,"[2.5, 3.5, 5]","[1, 5]","['model', 'mix']",combo,/home/ubuntu/yi/offlinerl/OfflineRL/offlinerl_tmp/.aim/dynamics_model/61ec0857d36e4692b9730f26/dynamics_model.pt,RocketRecovery-combo,210,RocketRecovery,RocketRecovery-combo,combo,RocketRecovery,/home/ubuntu/yi/offlinerl/OfflineRL/offlinerl_tmp/.aim/dynamics_model/61ec0857d36e4692b9730f26/dynamics_model.pt,210,discrete,"[1000000.0, 2000000.0]",discrete,"[1, 2, 5]",continuous,"[0.1, 10]",discrete,"[True, False]",discrete,"[0.05, 0.1, 0.2]"
0ab81_00026,102.59985174884834,99.37830424936318,115.129,51.22845263132589,82.3953857421875,129.07615661621094,127.27513122558594,0.12539759278297424,2.0280675888061523,/home/ubuntu/yi/offlinerl/OfflineRL/offlinerl_tmp/.aim/models/6fd11291b98046cca95d5632/policy.pt,1713656259,,True,1,2024-04-21_07-37-39,18766.87010025978,18766.87010025978,459424,common-baxtdaij,10.244.3.38,18766.87010025978,1,"26_cql_weight=5,horizon=1,rho_s=model,seed=210",,[2],0.0001,combo,0.0001,0.2,0.0003,5.0,0.0003,True,cuda,0.99,"[200, 200, 200, 200]",/home/ubuntu/yi/offlinerl/OfflineRL/offlinerl_tmp/.aim/dynamics_model/61ec0857d36e4692b9730f26/dynamics_model.pt,,"[2.5e-05, 5e-05, 7.5e-05, 7.5e-05, 0.0001]",10,RocketRecovery-combo,"[256, 256, 256]",1,10.0,True,0.01,,5,1000,False,5,False,10,[7],256,False,0.5,model,50000.0,1000,210,0.005,1000,,low,99,RocketRecovery,1.0,False,256,7,0.001,,True,5,False,10,0.2,False,1,5.0,model,210,"[2.5, 3.5, 5]","[1, 5]","['model', 'mix']",combo,/home/ubuntu/yi/offlinerl/OfflineRL/offlinerl_tmp/.aim/dynamics_model/61ec0857d36e4692b9730f26/dynamics_model.pt,RocketRecovery-combo,210,RocketRecovery,RocketRecovery-combo,combo,RocketRecovery,/home/ubuntu/yi/offlinerl/OfflineRL/offlinerl_tmp/.aim/dynamics_model/61ec0857d36e4692b9730f26/dynamics_model.pt,210,discrete,"[1000000.0, 2000000.0]",discrete,"[1, 2, 5]",continuous,"[0.1, 10]",discrete,"[True, False]",discrete,"[0.05, 0.1, 0.2]"
0ab81_00027,-297.12070226579345,74.45545276786419,75.994,20.835737663927333,-459.5672607421875,293.54327392578125,312.4509582519531,-0.015887243673205376,0.7423572540283203,/home/ubuntu/yi/offlinerl/OfflineRL/offlinerl_tmp/.aim/models/fc2445ad58c14684b18b4559/policy.pt,1713658589,,True,1,2024-04-21_08-16-29,18976.744564294815,18976.744564294815,460440,common-baxtdaij,10.244.3.38,18976.744564294815,1,"27_cql_weight=2.5000,horizon=5,rho_s=model,seed=210",,[2],0.0001,combo,0.0001,0.2,0.0003,2.5,0.0003,True,cuda,0.99,"[200, 200, 200, 200]",/home/ubuntu/yi/offlinerl/OfflineRL/offlinerl_tmp/.aim/dynamics_model/61ec0857d36e4692b9730f26/dynamics_model.pt,,"[2.5e-05, 5e-05, 7.5e-05, 7.5e-05, 0.0001]",10,RocketRecovery-combo,"[256, 256, 256]",5,10.0,True,0.01,,5,1000,False,5,False,10,[7],256,False,0.5,model,50000.0,1000,210,0.005,1000,,low,99,RocketRecovery,1.0,False,256,7,0.001,,True,5,False,10,0.2,False,5,2.5,model,210,"[2.5, 3.5, 5]","[1, 5]","['model', 'mix']",combo,/home/ubuntu/yi/offlinerl/OfflineRL/offlinerl_tmp/.aim/dynamics_model/61ec0857d36e4692b9730f26/dynamics_model.pt,RocketRecovery-combo,210,RocketRecovery,RocketRecovery-combo,combo,RocketRecovery,/home/ubuntu/yi/offlinerl/OfflineRL/offlinerl_tmp/.aim/dynamics_model/61ec0857d36e4692b9730f26/dynamics_model.pt,210,discrete,"[1000000.0, 2000000.0]",discrete,"[1, 2, 5]",continuous,"[0.1, 10]",discrete,"[True, False]",discrete,"[0.05, 0.1, 0.2]"
0ab81_00028,79.25239743387978,114.58739068132104,117.485,42.684889305233064,71.7242202758789,56.63262176513672,39.92578887939453,0.00622097821906209,0.9268760681152344,/home/ubuntu/yi/offlinerl/OfflineRL/offlinerl_tmp/.aim/models/61eccd34e2d648448faaf6d3/policy.pt,1713658746,,True,1,2024-04-21_08-19-06,19097.551770925522,19097.551770925522,460795,common-baxtdaij,10.244.3.38,19097.551770925522,1,"28_cql_weight=3.5000,horizon=5,rho_s=model,seed=210",,[2],0.0001,combo,0.0001,0.2,0.0003,3.5,0.0003,True,cuda,0.99,"[200, 200, 200, 200]",/home/ubuntu/yi/offlinerl/OfflineRL/offlinerl_tmp/.aim/dynamics_model/61ec0857d36e4692b9730f26/dynamics_model.pt,,"[2.5e-05, 5e-05, 7.5e-05, 7.5e-05, 0.0001]",10,RocketRecovery-combo,"[256, 256, 256]",5,10.0,True,0.01,,5,1000,False,5,False,10,[7],256,False,0.5,model,50000.0,1000,210,0.005,1000,,low,99,RocketRecovery,1.0,False,256,7,0.001,,True,5,False,10,0.2,False,5,3.5,model,210,"[2.5, 3.5, 5]","[1, 5]","['model', 'mix']",combo,/home/ubuntu/yi/offlinerl/OfflineRL/offlinerl_tmp/.aim/dynamics_model/61ec0857d36e4692b9730f26/dynamics_model.pt,RocketRecovery-combo,210,RocketRecovery,RocketRecovery-combo,combo,RocketRecovery,/home/ubuntu/yi/offlinerl/OfflineRL/offlinerl_tmp/.aim/dynamics_model/61ec0857d36e4692b9730f26/dynamics_model.pt,210,discrete,"[1000000.0, 2000000.0]",discrete,"[1, 2, 5]",continuous,"[0.1, 10]",discrete,"[True, False]",discrete,"[0.05, 0.1, 0.2]"
0ab81_00029,108.08282969764713,103.51767493901227,115.107,38.6440105449732,317.1473388671875,413.0263671875,377.99267578125,-0.04408479481935501,2.865787982940674,/home/ubuntu/yi/offlinerl/OfflineRL/offlinerl_tmp/.aim/models/ac3d132ff70149369818509d/policy.pt,1713659206,,True,1,2024-04-21_08-26-46,19199.36047887802,19199.36047887802,461155,common-baxtdaij,10.244.3.38,19199.36047887802,1,"29_cql_weight=5,horizon=5,rho_s=model,seed=210",,[2],0.0001,combo,0.0001,0.2,0.0003,5.0,0.0003,True,cuda,0.99,"[200, 200, 200, 200]",/home/ubuntu/yi/offlinerl/OfflineRL/offlinerl_tmp/.aim/dynamics_model/61ec0857d36e4692b9730f26/dynamics_model.pt,,"[2.5e-05, 5e-05, 7.5e-05, 7.5e-05, 0.0001]",10,RocketRecovery-combo,"[256, 256, 256]",5,10.0,True,0.01,,5,1000,False,5,False,10,[7],256,False,0.5,model,50000.0,1000,210,0.005,1000,,low,99,RocketRecovery,1.0,False,256,7,0.001,,True,5,False,10,0.2,False,5,5.0,model,210,"[2.5, 3.5, 5]","[1, 5]","['model', 'mix']",combo,/home/ubuntu/yi/offlinerl/OfflineRL/offlinerl_tmp/.aim/dynamics_model/61ec0857d36e4692b9730f26/dynamics_model.pt,RocketRecovery-combo,210,RocketRecovery,RocketRecovery-combo,combo,RocketRecovery,/home/ubuntu/yi/offlinerl/OfflineRL/offlinerl_tmp/.aim/dynamics_model/61ec0857d36e4692b9730f26/dynamics_model.pt,210,discrete,"[1000000.0, 2000000.0]",discrete,"[1, 2, 5]",continuous,"[0.1, 10]",discrete,"[True, False]",discrete,"[0.05, 0.1, 0.2]"
0ab81_00030,-31.63203229979891,144.46012721066774,109.15,34.37704902983966,-62.012908935546875,70.19742584228516,69.08447265625,-0.08919546008110046,0.6531750559806824,/home/ubuntu/yi/offlinerl/OfflineRL/offlinerl_tmp/.aim/models/eec3a3d3a0d14e76867f4bf6/policy.pt,1713675077,,True,1,2024-04-21_12-51-17,19336.126491308212,19336.126491308212,466766,common-baxtdaij,10.244.3.38,19336.126491308212,1,"30_cql_weight=2.5000,horizon=1,rho_s=mix,seed=210",,[2],0.0001,combo,0.0001,0.2,0.0003,2.5,0.0003,True,cuda,0.99,"[200, 200, 200, 200]",/home/ubuntu/yi/offlinerl/OfflineRL/offlinerl_tmp/.aim/dynamics_model/61ec0857d36e4692b9730f26/dynamics_model.pt,,"[2.5e-05, 5e-05, 7.5e-05, 7.5e-05, 0.0001]",10,RocketRecovery-combo,"[256, 256, 256]",1,10.0,True,0.01,,5,1000,False,5,False,10,[7],256,False,0.5,mix,50000.0,1000,210,0.005,1000,,low,99,RocketRecovery,1.0,False,256,7,0.001,,True,5,False,10,0.2,False,1,2.5,mix,210,"[2.5, 3.5, 5]","[1, 5]","['model', 'mix']",combo,/home/ubuntu/yi/offlinerl/OfflineRL/offlinerl_tmp/.aim/dynamics_model/61ec0857d36e4692b9730f26/dynamics_model.pt,RocketRecovery-combo,210,RocketRecovery,RocketRecovery-combo,combo,RocketRecovery,/home/ubuntu/yi/offlinerl/OfflineRL/offlinerl_tmp/.aim/dynamics_model/61ec0857d36e4692b9730f26/dynamics_model.pt,210,discrete,"[1000000.0, 2000000.0]",discrete,"[1, 2, 5]",continuous,"[0.1, 10]",discrete,"[True, False]",discrete,"[0.05, 0.1, 0.2]"
0ab81_00031,85.5740816504322,116.55717706620777,112.897,47.02582685078488,2.8046047687530518,87.92372131347656,84.54057312011719,0.05800884962081909,1.4650384187698364,/home/ubuntu/yi/offlinerl/OfflineRL/offlinerl_tmp/.aim/models/3ba4473db9da458da3b23235/policy.pt,1713675673,,True,1,2024-04-21_13-01-13,19667.901880264282,19667.901880264282,467124,common-baxtdaij,10.244.3.38,19667.901880264282,1,"31_cql_weight=3.5000,horizon=1,rho_s=mix,seed=210",,[2],0.0001,combo,0.0001,0.2,0.0003,3.5,0.0003,True,cuda,0.99,"[200, 200, 200, 200]",/home/ubuntu/yi/offlinerl/OfflineRL/offlinerl_tmp/.aim/dynamics_model/61ec0857d36e4692b9730f26/dynamics_model.pt,,"[2.5e-05, 5e-05, 7.5e-05, 7.5e-05, 0.0001]",10,RocketRecovery-combo,"[256, 256, 256]",1,10.0,True,0.01,,5,1000,False,5,False,10,[7],256,False,0.5,mix,50000.0,1000,210,0.005,1000,,low,99,RocketRecovery,1.0,False,256,7,0.001,,True,5,False,10,0.2,False,1,3.5,mix,210,"[2.5, 3.5, 5]","[1, 5]","['model', 'mix']",combo,/home/ubuntu/yi/offlinerl/OfflineRL/offlinerl_tmp/.aim/dynamics_model/61ec0857d36e4692b9730f26/dynamics_model.pt,RocketRecovery-combo,210,RocketRecovery,RocketRecovery-combo,combo,RocketRecovery,/home/ubuntu/yi/offlinerl/OfflineRL/offlinerl_tmp/.aim/dynamics_model/61ec0857d36e4692b9730f26/dynamics_model.pt,210,discrete,"[1000000.0, 2000000.0]",discrete,"[1, 2, 5]",continuous,"[0.1, 10]",discrete,"[True, False]",discrete,"[0.05, 0.1, 0.2]"
0ab81_00032,80.47619702635986,111.79537839704683,109.372,46.27113156169838,113.54475402832031,124.05943298339844,116.228271484375,-5.6859105825424194e-05,0.5221527814865112,/home/ubuntu/yi/offlinerl/OfflineRL/offlinerl_tmp/.aim/models/a1295a33986343e6a20461cb/policy.pt,1713675747,,True,1,2024-04-21_13-02-27,19482.700308561325,19482.700308561325,467483,common-baxtdaij,10.244.3.38,19482.700308561325,1,"32_cql_weight=5,horizon=1,rho_s=mix,seed=210",,[2],0.0001,combo,0.0001,0.2,0.0003,5.0,0.0003,True,cuda,0.99,"[200, 200, 200, 200]",/home/ubuntu/yi/offlinerl/OfflineRL/offlinerl_tmp/.aim/dynamics_model/61ec0857d36e4692b9730f26/dynamics_model.pt,,"[2.5e-05, 5e-05, 7.5e-05, 7.5e-05, 0.0001]",10,RocketRecovery-combo,"[256, 256, 256]",1,10.0,True,0.01,,5,1000,False,5,False,10,[7],256,False,0.5,mix,50000.0,1000,210,0.005,1000,,low,99,RocketRecovery,1.0,False,256,7,0.001,,True,5,False,10,0.2,False,1,5.0,mix,210,"[2.5, 3.5, 5]","[1, 5]","['model', 'mix']",combo,/home/ubuntu/yi/offlinerl/OfflineRL/offlinerl_tmp/.aim/dynamics_model/61ec0857d36e4692b9730f26/dynamics_model.pt,RocketRecovery-combo,210,RocketRecovery,RocketRecovery-combo,combo,RocketRecovery,/home/ubuntu/yi/offlinerl/OfflineRL/offlinerl_tmp/.aim/dynamics_model/61ec0857d36e4692b9730f26/dynamics_model.pt,210,discrete,"[1000000.0, 2000000.0]",discrete,"[1, 2, 5]",continuous,"[0.1, 10]",discrete,"[True, False]",discrete,"[0.05, 0.1, 0.2]"
0ab81_00033,-287.92319387672654,53.52918343604238,78.687,26.48065390053652,-379.6614990234375,338.57696533203125,338.24884033203125,-0.17124924063682556,1.5261340141296387,/home/ubuntu/yi/offlinerl/OfflineRL/offlinerl_tmp/.aim/models/72e2c87e29884027990916ac/policy.pt,1713678063,,True,1,2024-04-21_13-41-03,19470.85937523842,19470.85937523842,468502,common-baxtdaij,10.244.3.38,19470.85937523842,1,"33_cql_weight=2.5000,horizon=5,rho_s=mix,seed=210",,[2],0.0001,combo,0.0001,0.2,0.0003,2.5,0.0003,True,cuda,0.99,"[200, 200, 200, 200]",/home/ubuntu/yi/offlinerl/OfflineRL/offlinerl_tmp/.aim/dynamics_model/61ec0857d36e4692b9730f26/dynamics_model.pt,,"[2.5e-05, 5e-05, 7.5e-05, 7.5e-05, 0.0001]",10,RocketRecovery-combo,"[256, 256, 256]",5,10.0,True,0.01,,5,1000,False,5,False,10,[7],256,False,0.5,mix,50000.0,1000,210,0.005,1000,,low,99,RocketRecovery,1.0,False,256,7,0.001,,True,5,False,10,0.2,False,5,2.5,mix,210,"[2.5, 3.5, 5]","[1, 5]","['model', 'mix']",combo,/home/ubuntu/yi/offlinerl/OfflineRL/offlinerl_tmp/.aim/dynamics_model/61ec0857d36e4692b9730f26/dynamics_model.pt,RocketRecovery-combo,210,RocketRecovery,RocketRecovery-combo,combo,RocketRecovery,/home/ubuntu/yi/offlinerl/OfflineRL/offlinerl_tmp/.aim/dynamics_model/61ec0857d36e4692b9730f26/dynamics_model.pt,210,discrete,"[1000000.0, 2000000.0]",discrete,"[1, 2, 5]",continuous,"[0.1, 10]",discrete,"[True, False]",discrete,"[0.05, 0.1, 0.2]"
0ab81_00034,86.51335816650186,115.89162815754767,127.614,50.72607814526962,24.073379516601562,64.66157531738281,62.122642517089844,-0.00992526300251484,0.38150614500045776,/home/ubuntu/yi/offlinerl/OfflineRL/offlinerl_tmp/.aim/models/a229dedf090e4964b959c7cb/policy.pt,1713678141,,True,1,2024-04-21_13-42-21,19390.702900886536,19390.702900886536,468859,common-baxtdaij,10.244.3.38,19390.702900886536,1,"34_cql_weight=3.5000,horizon=5,rho_s=mix,seed=210",,[2],0.0001,combo,0.0001,0.2,0.0003,3.5,0.0003,True,cuda,0.99,"[200, 200, 200, 200]",/home/ubuntu/yi/offlinerl/OfflineRL/offlinerl_tmp/.aim/dynamics_model/61ec0857d36e4692b9730f26/dynamics_model.pt,,"[2.5e-05, 5e-05, 7.5e-05, 7.5e-05, 0.0001]",10,RocketRecovery-combo,"[256, 256, 256]",5,10.0,True,0.01,,5,1000,False,5,False,10,[7],256,False,0.5,mix,50000.0,1000,210,0.005,1000,,low,99,RocketRecovery,1.0,False,256,7,0.001,,True,5,False,10,0.2,False,5,3.5,mix,210,"[2.5, 3.5, 5]","[1, 5]","['model', 'mix']",combo,/home/ubuntu/yi/offlinerl/OfflineRL/offlinerl_tmp/.aim/dynamics_model/61ec0857d36e4692b9730f26/dynamics_model.pt,RocketRecovery-combo,210,RocketRecovery,RocketRecovery-combo,combo,RocketRecovery,/home/ubuntu/yi/offlinerl/OfflineRL/offlinerl_tmp/.aim/dynamics_model/61ec0857d36e4692b9730f26/dynamics_model.pt,210,discrete,"[1000000.0, 2000000.0]",discrete,"[1, 2, 5]",continuous,"[0.1, 10]",discrete,"[True, False]",discrete,"[0.05, 0.1, 0.2]"
0ab81_00035,-66.0193134111939,129.9227821751509,96.505,41.5208137564764,48.87826156616211,173.96754455566406,161.7861785888672,0.0022762510925531387,0.684524655342102,/home/ubuntu/yi/offlinerl/OfflineRL/offlinerl_tmp/.aim/models/46429d8957524955b2033c54/policy.pt,1713678131,,True,1,2024-04-21_13-42-11,18920.935186624527,18920.935186624527,469223,common-baxtdaij,10.244.3.38,18920.935186624527,1,"35_cql_weight=5,horizon=5,rho_s=mix,seed=210",,[2],0.0001,combo,0.0001,0.2,0.0003,5.0,0.0003,True,cuda,0.99,"[200, 200, 200, 200]",/home/ubuntu/yi/offlinerl/OfflineRL/offlinerl_tmp/.aim/dynamics_model/61ec0857d36e4692b9730f26/dynamics_model.pt,,"[2.5e-05, 5e-05, 7.5e-05, 7.5e-05, 0.0001]",10,RocketRecovery-combo,"[256, 256, 256]",5,10.0,True,0.01,,5,1000,False,5,False,10,[7],256,False,0.5,mix,50000.0,1000,210,0.005,1000,,low,99,RocketRecovery,1.0,False,256,7,0.001,,True,5,False,10,0.2,False,5,5.0,mix,210,"[2.5, 3.5, 5]","[1, 5]","['model', 'mix']",combo,/home/ubuntu/yi/offlinerl/OfflineRL/offlinerl_tmp/.aim/dynamics_model/61ec0857d36e4692b9730f26/dynamics_model.pt,RocketRecovery-combo,210,RocketRecovery,RocketRecovery-combo,combo,RocketRecovery,/home/ubuntu/yi/offlinerl/OfflineRL/offlinerl_tmp/.aim/dynamics_model/61ec0857d36e4692b9730f26/dynamics_model.pt,210,discrete,"[1000000.0, 2000000.0]",discrete,"[1, 2, 5]",continuous,"[0.1, 10]",discrete,"[True, False]",discrete,"[0.05, 0.1, 0.2]"
