trial_id,Reward_Mean_Env,Reward_Std_Env,Length_Mean_Env,Length_Std_Env,actor_loss,critic1_loss,critic2_loss,alpha_loss,vae_loss,alpha,model_path,timestamp,checkpoint_dir_name,done,training_iteration,date,time_this_iter_s,time_total_s,pid,hostname,node_ip,time_since_restore,iterations_since_restore,experiment_tag,hparams/act_shape,hparams/action_shape,hparams/actor_features,hparams/actor_layers,hparams/actor_lr,hparams/algo_name,hparams/alpha_lr,hparams/alpha,hparams/auto_alpha,hparams/batch_size,hparams/critic_lr,hparams/device,hparams/eval_episodes,hparams/exp_name,hparams/gamma,hparams/lam,hparams/max_action,hparams/max_epoch,hparams/num_sampled_actions,hparams/obs_shape,hparams/seed,hparams/soft_target_tau,hparams/steps_per_epoch,hparams/target_entropy,hparams/task_data_type,hparams/task_train_num,hparams/task,hparams/vae_features,hparams/vae_layers,hparams/vae_lr,hparams/value_features,hparams/value_layers,config/lam,config/auto_alpha,config/seed,hparams/grid_tune/auto_alpha,hparams/grid_tune/lam,hparams/kwargs/algo_name,hparams/kwargs/exp_name,hparams/kwargs/seed,hparams/kwargs/task,config/kwargs/exp_name,config/kwargs/algo_name,config/kwargs/task,config/kwargs/seed,hparams/params_tune/lam/type,hparams/params_tune/lam/value
bd6c7_00000,40.12325351965428,389.85178479878095,1000.0,0.0,1658449.625,116236232.0,124422672.0,-835.803955078125,1.1019595861434937,1.0,/home/ubuntu/yi/offlinerl/OfflineRL/offlinerl_tmp/.aim/models/d10df95896e54a56833d9288/policy.pt,1713115331,,True,1,2024-04-15_01-22-11,19232.590329885483,19232.590329885483,3445335,common-ts1resyc,10.244.12.190,19232.590329885483,1,"0_auto_alpha=True,lam=0.3000,seed=7",,1,400,2,0.0003,mcq,0.0003,0.2,True,256,0.0003,cuda,100,Pipeline-mcq,0.99,0.3,,1000,10,52,7,0.005,1000,,low,99,Pipeline,750,2,0.001,400,2,0.3,True,7,"[True, False]","[0.3, 0.4, 0.5, 0.6, 0.7, 0.8, 0.9, 0.95]",mcq,Pipeline-mcq,7,Pipeline,Pipeline-mcq,mcq,Pipeline,7,continuous,"[0.3, 0.95]"
bd6c7_00001,266.7751283198595,337.88513585875074,1000.0,0.0,1894630.5,230092528.0,228582064.0,0.0,1.1019595861434937,0.2,/home/ubuntu/yi/offlinerl/OfflineRL/offlinerl_tmp/.aim/models/921e3cf4adfd43e892ca6b2a/policy.pt,1713114920,,True,1,2024-04-15_01-15-20,18822.029376745224,18822.029376745224,3445432,common-ts1resyc,10.244.12.190,18822.029376745224,1,"1_auto_alpha=False,lam=0.3000,seed=7",,1,400,2,0.0003,mcq,0.0003,0.2,False,256,0.0003,cuda,100,Pipeline-mcq,0.99,0.3,,1000,10,52,7,0.005,1000,,low,99,Pipeline,750,2,0.001,400,2,0.3,False,7,"[True, False]","[0.3, 0.4, 0.5, 0.6, 0.7, 0.8, 0.9, 0.95]",mcq,Pipeline-mcq,7,Pipeline,Pipeline-mcq,mcq,Pipeline,7,continuous,"[0.3, 0.95]"
bd6c7_00002,-70.15793592905999,244.36409605307273,1000.0,0.0,3100270.25,820338816.0,807766656.0,-785.1533813476562,1.1019595861434937,1.0,/home/ubuntu/yi/offlinerl/OfflineRL/offlinerl_tmp/.aim/models/634a75a5fa7641eeb790ac3b/policy.pt,1713115356,,True,1,2024-04-15_01-22-36,19257.94685292244,19257.94685292244,3445433,common-ts1resyc,10.244.12.190,19257.94685292244,1,"2_auto_alpha=True,lam=0.4000,seed=7",,1,400,2,0.0003,mcq,0.0003,0.2,True,256,0.0003,cuda,100,Pipeline-mcq,0.99,0.4,,1000,10,52,7,0.005,1000,,low,99,Pipeline,750,2,0.001,400,2,0.4,True,7,"[True, False]","[0.3, 0.4, 0.5, 0.6, 0.7, 0.8, 0.9, 0.95]",mcq,Pipeline-mcq,7,Pipeline,Pipeline-mcq,mcq,Pipeline,7,continuous,"[0.3, 0.95]"
bd6c7_00003,-1176.1698485428094,524.6493861236843,1000.0,0.0,2356603.0,476635648.0,503706880.0,0.0,1.1019595861434937,0.2,/home/ubuntu/yi/offlinerl/OfflineRL/offlinerl_tmp/.aim/models/6b9124ff1d6f48bdb65c7155/policy.pt,1713115138,,True,1,2024-04-15_01-18-58,19039.614360809326,19039.614360809326,3445434,common-ts1resyc,10.244.12.190,19039.614360809326,1,"3_auto_alpha=False,lam=0.4000,seed=7",,1,400,2,0.0003,mcq,0.0003,0.2,False,256,0.0003,cuda,100,Pipeline-mcq,0.99,0.4,,1000,10,52,7,0.005,1000,,low,99,Pipeline,750,2,0.001,400,2,0.4,False,7,"[True, False]","[0.3, 0.4, 0.5, 0.6, 0.7, 0.8, 0.9, 0.95]",mcq,Pipeline-mcq,7,Pipeline,Pipeline-mcq,mcq,Pipeline,7,continuous,"[0.3, 0.95]"
bd6c7_00004,-518.0042845619917,816.0220740949568,1000.0,0.0,3793227.75,1629840128.0,1661455360.0,-808.6773681640625,1.1019595861434937,1.0,/home/ubuntu/yi/offlinerl/OfflineRL/offlinerl_tmp/.aim/models/03b0159959914f4c83983340/policy.pt,1713115308,,True,1,2024-04-15_01-21-48,19209.826108694077,19209.826108694077,3445435,common-ts1resyc,10.244.12.190,19209.826108694077,1,"4_auto_alpha=True,lam=0.5000,seed=7",,1,400,2,0.0003,mcq,0.0003,0.2,True,256,0.0003,cuda,100,Pipeline-mcq,0.99,0.5,,1000,10,52,7,0.005,1000,,low,99,Pipeline,750,2,0.001,400,2,0.5,True,7,"[True, False]","[0.3, 0.4, 0.5, 0.6, 0.7, 0.8, 0.9, 0.95]",mcq,Pipeline-mcq,7,Pipeline,Pipeline-mcq,mcq,Pipeline,7,continuous,"[0.3, 0.95]"
bd6c7_00005,242.60589817762374,310.32125910117264,1000.0,0.0,4533859.5,2349376000.0,2315478784.0,0.0,1.1019595861434937,0.2,/home/ubuntu/yi/offlinerl/OfflineRL/offlinerl_tmp/.aim/models/8e2a6fece48a441190bacdad/policy.pt,1713115126,,True,1,2024-04-15_01-18-46,19027.78918862343,19027.78918862343,3445436,common-ts1resyc,10.244.12.190,19027.78918862343,1,"5_auto_alpha=False,lam=0.5000,seed=7",,1,400,2,0.0003,mcq,0.0003,0.2,False,256,0.0003,cuda,100,Pipeline-mcq,0.99,0.5,,1000,10,52,7,0.005,1000,,low,99,Pipeline,750,2,0.001,400,2,0.5,False,7,"[True, False]","[0.3, 0.4, 0.5, 0.6, 0.7, 0.8, 0.9, 0.95]",mcq,Pipeline-mcq,7,Pipeline,Pipeline-mcq,mcq,Pipeline,7,continuous,"[0.3, 0.95]"
bd6c7_00006,117.74355248570443,283.6279190156831,1000.0,0.0,1502313.0,405371840.0,397297824.0,-765.4371337890625,1.1019595861434937,1.0,/home/ubuntu/yi/offlinerl/OfflineRL/offlinerl_tmp/.aim/models/4f12798d32ad4604bcac195f/policy.pt,1713134141,,True,1,2024-04-15_06-35-41,19216.1991314888,19216.1991314888,3455874,common-ts1resyc,10.244.12.190,19216.1991314888,1,"6_auto_alpha=True,lam=0.6000,seed=7",,1,400,2,0.0003,mcq,0.0003,0.2,True,256,0.0003,cuda,100,Pipeline-mcq,0.99,0.6,,1000,10,52,7,0.005,1000,,low,99,Pipeline,750,2,0.001,400,2,0.6,True,7,"[True, False]","[0.3, 0.4, 0.5, 0.6, 0.7, 0.8, 0.9, 0.95]",mcq,Pipeline-mcq,7,Pipeline,Pipeline-mcq,mcq,Pipeline,7,continuous,"[0.3, 0.95]"
bd6c7_00007,-1673.0448264137506,690.2860990160121,1000.0,0.0,440641.4375,34453400.0,35580632.0,0.0,1.1019595861434937,0.2,/home/ubuntu/yi/offlinerl/OfflineRL/offlinerl_tmp/.aim/models/4362d40bf24245aaae93e74d/policy.pt,1713134067,,True,1,2024-04-15_06-34-27,18936.541500091553,18936.541500091553,3456336,common-ts1resyc,10.244.12.190,18936.541500091553,1,"7_auto_alpha=False,lam=0.6000,seed=7",,1,400,2,0.0003,mcq,0.0003,0.2,False,256,0.0003,cuda,100,Pipeline-mcq,0.99,0.6,,1000,10,52,7,0.005,1000,,low,99,Pipeline,750,2,0.001,400,2,0.6,False,7,"[True, False]","[0.3, 0.4, 0.5, 0.6, 0.7, 0.8, 0.9, 0.95]",mcq,Pipeline-mcq,7,Pipeline,Pipeline-mcq,mcq,Pipeline,7,continuous,"[0.3, 0.95]"
bd6c7_00008,-208.3470433872938,687.4137956670368,1000.0,0.0,785172.5,183180000.0,181004560.0,-801.317626953125,1.1019595861434937,1.0,/home/ubuntu/yi/offlinerl/OfflineRL/offlinerl_tmp/.aim/models/93bbb3253c094a3b925d7a04/policy.pt,1713134408,,True,1,2024-04-15_06-40-08,19266.051332473755,19266.051332473755,3456587,common-ts1resyc,10.244.12.190,19266.051332473755,1,"8_auto_alpha=True,lam=0.7000,seed=7",,1,400,2,0.0003,mcq,0.0003,0.2,True,256,0.0003,cuda,100,Pipeline-mcq,0.99,0.7,,1000,10,52,7,0.005,1000,,low,99,Pipeline,750,2,0.001,400,2,0.7,True,7,"[True, False]","[0.3, 0.4, 0.5, 0.6, 0.7, 0.8, 0.9, 0.95]",mcq,Pipeline-mcq,7,Pipeline,Pipeline-mcq,mcq,Pipeline,7,continuous,"[0.3, 0.95]"
bd6c7_00009,307.9553835923672,158.78594490065998,1000.0,0.0,479353.53125,53943760.0,54341188.0,0.0,1.1019595861434937,0.2,/home/ubuntu/yi/offlinerl/OfflineRL/offlinerl_tmp/.aim/models/a3e2019315b14c5c81677a92/policy.pt,1713134213,,True,1,2024-04-15_06-36-53,18900.21366262436,18900.21366262436,3457049,common-ts1resyc,10.244.12.190,18900.21366262436,1,"9_auto_alpha=False,lam=0.7000,seed=7",,1,400,2,0.0003,mcq,0.0003,0.2,False,256,0.0003,cuda,100,Pipeline-mcq,0.99,0.7,,1000,10,52,7,0.005,1000,,low,99,Pipeline,750,2,0.001,400,2,0.7,False,7,"[True, False]","[0.3, 0.4, 0.5, 0.6, 0.7, 0.8, 0.9, 0.95]",mcq,Pipeline-mcq,7,Pipeline,Pipeline-mcq,mcq,Pipeline,7,continuous,"[0.3, 0.95]"
bd6c7_00010,-434.28172871208193,914.7928580737447,1000.0,0.0,51026.546875,1243205.125,1243736.5,-240.435791015625,1.1019595861434937,1.0,/home/ubuntu/yi/offlinerl/OfflineRL/offlinerl_tmp/.aim/models/29eb757d84c1434c8c8d1672/policy.pt,1713134521,,True,1,2024-04-15_06-42-01,19186.06680226326,19186.06680226326,3457405,common-ts1resyc,10.244.12.190,19186.06680226326,1,"10_auto_alpha=True,lam=0.8000,seed=7",,1,400,2,0.0003,mcq,0.0003,0.2,True,256,0.0003,cuda,100,Pipeline-mcq,0.99,0.8,,1000,10,52,7,0.005,1000,,low,99,Pipeline,750,2,0.001,400,2,0.8,True,7,"[True, False]","[0.3, 0.4, 0.5, 0.6, 0.7, 0.8, 0.9, 0.95]",mcq,Pipeline-mcq,7,Pipeline,Pipeline-mcq,mcq,Pipeline,7,continuous,"[0.3, 0.95]"
bd6c7_00011,-542.9340221283436,583.0634871717498,1000.0,0.0,183283.484375,16227549.0,16535846.0,0.0,1.1019595861434937,0.2,/home/ubuntu/yi/offlinerl/OfflineRL/offlinerl_tmp/.aim/models/91d138ffd8d24f1c9afffd23/policy.pt,1713134311,,True,1,2024-04-15_06-38-31,18950.249230384827,18950.249230384827,3457659,common-ts1resyc,10.244.12.190,18950.249230384827,1,"11_auto_alpha=False,lam=0.8000,seed=7",,1,400,2,0.0003,mcq,0.0003,0.2,False,256,0.0003,cuda,100,Pipeline-mcq,0.99,0.8,,1000,10,52,7,0.005,1000,,low,99,Pipeline,750,2,0.001,400,2,0.8,False,7,"[True, False]","[0.3, 0.4, 0.5, 0.6, 0.7, 0.8, 0.9, 0.95]",mcq,Pipeline-mcq,7,Pipeline,Pipeline-mcq,mcq,Pipeline,7,continuous,"[0.3, 0.95]"
bd6c7_00012,44.22152739083767,212.22798857132338,1000.0,0.0,4803.71435546875,33820.9921875,33269.57421875,-90.67413330078125,1.1019595861434937,1.0,/home/ubuntu/yi/offlinerl/OfflineRL/offlinerl_tmp/.aim/models/20b3b19399e44dc9b09ac6d3/policy.pt,1713153407,,True,1,2024-04-15_11-56-47,19335.976298570633,19335.976298570633,3463958,common-ts1resyc,10.244.12.190,19335.976298570633,1,"12_auto_alpha=True,lam=0.9000,seed=7",,1,400,2,0.0003,mcq,0.0003,0.2,True,256,0.0003,cuda,100,Pipeline-mcq,0.99,0.9,,1000,10,52,7,0.005,1000,,low,99,Pipeline,750,2,0.001,400,2,0.9,True,7,"[True, False]","[0.3, 0.4, 0.5, 0.6, 0.7, 0.8, 0.9, 0.95]",mcq,Pipeline-mcq,7,Pipeline,Pipeline-mcq,mcq,Pipeline,7,continuous,"[0.3, 0.95]"
bd6c7_00013,303.6253331490755,271.60535598762993,1000.0,0.0,1604.456298828125,4413.28369140625,4480.0615234375,0.0,1.1019595861434937,0.2,/home/ubuntu/yi/offlinerl/OfflineRL/offlinerl_tmp/.aim/models/91d68c1062a542e593a99d5e/policy.pt,1713152892,,True,1,2024-04-15_11-48-12,18747.55392074585,18747.55392074585,3464315,common-ts1resyc,10.244.12.190,18747.55392074585,1,"13_auto_alpha=False,lam=0.9000,seed=7",,1,400,2,0.0003,mcq,0.0003,0.2,False,256,0.0003,cuda,100,Pipeline-mcq,0.99,0.9,,1000,10,52,7,0.005,1000,,low,99,Pipeline,750,2,0.001,400,2,0.9,False,7,"[True, False]","[0.3, 0.4, 0.5, 0.6, 0.7, 0.8, 0.9, 0.95]",mcq,Pipeline-mcq,7,Pipeline,Pipeline-mcq,mcq,Pipeline,7,continuous,"[0.3, 0.95]"
bd6c7_00014,107.70463859868049,399.84350268311545,1000.0,0.0,683979072.0,336838380224512.0,347086138638336.0,-606.4248046875,1.1019595861434937,1.0,/home/ubuntu/yi/offlinerl/OfflineRL/offlinerl_tmp/.aim/models/ed7bb46bc39847d48e38ef9c/policy.pt,1713153353,,True,1,2024-04-15_11-55-53,19136.89861726761,19136.89861726761,3464671,common-ts1resyc,10.244.12.190,19136.89861726761,1,"14_auto_alpha=True,lam=0.9500,seed=7",,1,400,2,0.0003,mcq,0.0003,0.2,True,256,0.0003,cuda,100,Pipeline-mcq,0.99,0.95,,1000,10,52,7,0.005,1000,,low,99,Pipeline,750,2,0.001,400,2,0.95,True,7,"[True, False]","[0.3, 0.4, 0.5, 0.6, 0.7, 0.8, 0.9, 0.95]",mcq,Pipeline-mcq,7,Pipeline,Pipeline-mcq,mcq,Pipeline,7,continuous,"[0.3, 0.95]"
bd6c7_00015,-6.062966508746147,384.62051645021336,1000.0,0.0,-10.662363052368164,0.7609540224075317,0.6045398712158203,0.0,1.1019595861434937,0.2,/home/ubuntu/yi/offlinerl/OfflineRL/offlinerl_tmp/.aim/models/e0967c3537e94cb0baa42453/policy.pt,1713153284,,True,1,2024-04-15_11-54-44,18969.566672086716,18969.566672086716,3465031,common-ts1resyc,10.244.12.190,18969.566672086716,1,"15_auto_alpha=False,lam=0.9500,seed=7",,1,400,2,0.0003,mcq,0.0003,0.2,False,256,0.0003,cuda,100,Pipeline-mcq,0.99,0.95,,1000,10,52,7,0.005,1000,,low,99,Pipeline,750,2,0.001,400,2,0.95,False,7,"[True, False]","[0.3, 0.4, 0.5, 0.6, 0.7, 0.8, 0.9, 0.95]",mcq,Pipeline-mcq,7,Pipeline,Pipeline-mcq,mcq,Pipeline,7,continuous,"[0.3, 0.95]"
bd6c7_00016,-651.3717311125994,583.8987453376724,1000.0,0.0,3870105.0,738346944.0,719774272.0,-935.2506103515625,1.0437250137329102,1.0,/home/ubuntu/yi/offlinerl/OfflineRL/offlinerl_tmp/.aim/models/8f844f8826874f6c8eafbb2d/policy.pt,1713153753,,True,1,2024-04-15_12-02-33,19340.33405995369,19340.33405995369,3465388,common-ts1resyc,10.244.12.190,19340.33405995369,1,"16_auto_alpha=True,lam=0.3000,seed=42",,1,400,2,0.0003,mcq,0.0003,0.2,True,256,0.0003,cuda,100,Pipeline-mcq,0.99,0.3,,1000,10,52,42,0.005,1000,,low,99,Pipeline,750,2,0.001,400,2,0.3,True,42,"[True, False]","[0.3, 0.4, 0.5, 0.6, 0.7, 0.8, 0.9, 0.95]",mcq,Pipeline-mcq,42,Pipeline,Pipeline-mcq,mcq,Pipeline,42,continuous,"[0.3, 0.95]"
bd6c7_00017,208.69937051427365,380.87154839798376,1000.0,0.0,1348504.0,127750536.0,127824632.0,0.0,1.0437250137329102,0.2,/home/ubuntu/yi/offlinerl/OfflineRL/offlinerl_tmp/.aim/models/3bc55a5d8e8c460b87325fe5/policy.pt,1713153287,,True,1,2024-04-15_11-54-47,18762.654987096786,18762.654987096786,3465744,common-ts1resyc,10.244.12.190,18762.654987096786,1,"17_auto_alpha=False,lam=0.3000,seed=42",,1,400,2,0.0003,mcq,0.0003,0.2,False,256,0.0003,cuda,100,Pipeline-mcq,0.99,0.3,,1000,10,52,42,0.005,1000,,low,99,Pipeline,750,2,0.001,400,2,0.3,False,42,"[True, False]","[0.3, 0.4, 0.5, 0.6, 0.7, 0.8, 0.9, 0.95]",mcq,Pipeline-mcq,42,Pipeline,Pipeline-mcq,mcq,Pipeline,42,continuous,"[0.3, 0.95]"
bd6c7_00018,-152.00186126279831,278.8848765179667,1000.0,0.0,541544.5,26926658.0,26889470.0,-817.5107421875,1.0437250137329102,1.0,/home/ubuntu/yi/offlinerl/OfflineRL/offlinerl_tmp/.aim/models/d3527531764e4cd2be2daa6a/policy.pt,1713172207,,True,1,2024-04-15_17-10-07,19310.78425359726,19310.78425359726,3472036,common-ts1resyc,10.244.12.190,19310.78425359726,1,"18_auto_alpha=True,lam=0.4000,seed=42",,1,400,2,0.0003,mcq,0.0003,0.2,True,256,0.0003,cuda,100,Pipeline-mcq,0.99,0.4,,1000,10,52,42,0.005,1000,,low,99,Pipeline,750,2,0.001,400,2,0.4,True,42,"[True, False]","[0.3, 0.4, 0.5, 0.6, 0.7, 0.8, 0.9, 0.95]",mcq,Pipeline-mcq,42,Pipeline,Pipeline-mcq,mcq,Pipeline,42,continuous,"[0.3, 0.95]"
bd6c7_00019,-137.05568566679955,573.2661526081475,1000.0,0.0,732472.0,49073360.0,49389552.0,0.0,1.0437250137329102,0.2,/home/ubuntu/yi/offlinerl/OfflineRL/offlinerl_tmp/.aim/models/d6867b100fc24035b93d8442/policy.pt,1713172202,,True,1,2024-04-15_17-10-02,18913.713394641876,18913.713394641876,3472501,common-ts1resyc,10.244.12.190,18913.713394641876,1,"19_auto_alpha=False,lam=0.4000,seed=42",,1,400,2,0.0003,mcq,0.0003,0.2,False,256,0.0003,cuda,100,Pipeline-mcq,0.99,0.4,,1000,10,52,42,0.005,1000,,low,99,Pipeline,750,2,0.001,400,2,0.4,False,42,"[True, False]","[0.3, 0.4, 0.5, 0.6, 0.7, 0.8, 0.9, 0.95]",mcq,Pipeline-mcq,42,Pipeline,Pipeline-mcq,mcq,Pipeline,42,continuous,"[0.3, 0.95]"
bd6c7_00020,-1940.7406326426267,658.2828923990079,1000.0,0.0,547290.875,35935836.0,36560832.0,-767.437255859375,1.0437250137329102,1.0,/home/ubuntu/yi/offlinerl/OfflineRL/offlinerl_tmp/.aim/models/3de63d2fcd104a889b942238/policy.pt,1713172498,,True,1,2024-04-15_17-14-58,19206.527946710587,19206.527946710587,3472703,common-ts1resyc,10.244.12.190,19206.527946710587,1,"20_auto_alpha=True,lam=0.5000,seed=42",,1,400,2,0.0003,mcq,0.0003,0.2,True,256,0.0003,cuda,100,Pipeline-mcq,0.99,0.5,,1000,10,52,42,0.005,1000,,low,99,Pipeline,750,2,0.001,400,2,0.5,True,42,"[True, False]","[0.3, 0.4, 0.5, 0.6, 0.7, 0.8, 0.9, 0.95]",mcq,Pipeline-mcq,42,Pipeline,Pipeline-mcq,mcq,Pipeline,42,continuous,"[0.3, 0.95]"
bd6c7_00021,-2080.992716585159,395.9505105008966,1000.0,0.0,271168.0625,7796905.0,7820312.0,0.0,1.0437250137329102,0.2,/home/ubuntu/yi/offlinerl/OfflineRL/offlinerl_tmp/.aim/models/41ddda75f8aa4a2792e9c7c2/policy.pt,1713172279,,True,1,2024-04-15_17-11-19,18921.425519943237,18921.425519943237,3473111,common-ts1resyc,10.244.12.190,18921.425519943237,1,"21_auto_alpha=False,lam=0.5000,seed=42",,1,400,2,0.0003,mcq,0.0003,0.2,False,256,0.0003,cuda,100,Pipeline-mcq,0.99,0.5,,1000,10,52,42,0.005,1000,,low,99,Pipeline,750,2,0.001,400,2,0.5,False,42,"[True, False]","[0.3, 0.4, 0.5, 0.6, 0.7, 0.8, 0.9, 0.95]",mcq,Pipeline-mcq,42,Pipeline,Pipeline-mcq,mcq,Pipeline,42,continuous,"[0.3, 0.95]"
bd6c7_00022,-742.2169037539959,775.0248991698386,1000.0,0.0,353843.25,38040904.0,38965352.0,-288.5224609375,1.0437250137329102,1.0,/home/ubuntu/yi/offlinerl/OfflineRL/offlinerl_tmp/.aim/models/ece00c42468a435db4e91c8d/policy.pt,1713172757,,True,1,2024-04-15_17-19-17,19345.557485580444,19345.557485580444,3473467,common-ts1resyc,10.244.12.190,19345.557485580444,1,"22_auto_alpha=True,lam=0.6000,seed=42",,1,400,2,0.0003,mcq,0.0003,0.2,True,256,0.0003,cuda,100,Pipeline-mcq,0.99,0.6,,1000,10,52,42,0.005,1000,,low,99,Pipeline,750,2,0.001,400,2,0.6,True,42,"[True, False]","[0.3, 0.4, 0.5, 0.6, 0.7, 0.8, 0.9, 0.95]",mcq,Pipeline-mcq,42,Pipeline,Pipeline-mcq,mcq,Pipeline,42,continuous,"[0.3, 0.95]"
bd6c7_00023,-299.7768522863388,836.4622559595231,1000.0,0.0,224490.546875,10279613.0,10208068.0,0.0,1.0437250137329102,0.2,/home/ubuntu/yi/offlinerl/OfflineRL/offlinerl_tmp/.aim/models/0cc94272047b4621a55e87b4/policy.pt,1713172708,,True,1,2024-04-15_17-18-28,18951.10609316826,18951.10609316826,3473828,common-ts1resyc,10.244.12.190,18951.10609316826,1,"23_auto_alpha=False,lam=0.6000,seed=42",,1,400,2,0.0003,mcq,0.0003,0.2,False,256,0.0003,cuda,100,Pipeline-mcq,0.99,0.6,,1000,10,52,42,0.005,1000,,low,99,Pipeline,750,2,0.001,400,2,0.6,False,42,"[True, False]","[0.3, 0.4, 0.5, 0.6, 0.7, 0.8, 0.9, 0.95]",mcq,Pipeline-mcq,42,Pipeline,Pipeline-mcq,mcq,Pipeline,42,continuous,"[0.3, 0.95]"
bd6c7_00024,-45.10454080975056,292.0551459948897,1000.0,0.0,-18.150348663330078,1.8988357782363892,2.1020667552948,0.8567615747451782,1.0437250137329102,0.0016931646969169378,/home/ubuntu/yi/offlinerl/OfflineRL/offlinerl_tmp/.aim/models/27d48a0da3434d57a114d4cd/policy.pt,1713191541,,True,1,2024-04-15_22-32-21,19334.56367611885,19334.56367611885,3480380,common-ts1resyc,10.244.12.190,19334.56367611885,1,"24_auto_alpha=True,lam=0.7000,seed=42",,1,400,2,0.0003,mcq,0.0003,0.2,True,256,0.0003,cuda,100,Pipeline-mcq,0.99,0.7,,1000,10,52,42,0.005,1000,,low,99,Pipeline,750,2,0.001,400,2,0.7,True,42,"[True, False]","[0.3, 0.4, 0.5, 0.6, 0.7, 0.8, 0.9, 0.95]",mcq,Pipeline-mcq,42,Pipeline,Pipeline-mcq,mcq,Pipeline,42,continuous,"[0.3, 0.95]"
bd6c7_00025,-38.251033703684804,410.3096770501761,1000.0,0.0,571603.375,91907968.0,93558384.0,0.0,1.0437250137329102,0.2,/home/ubuntu/yi/offlinerl/OfflineRL/offlinerl_tmp/.aim/models/d9842e852c854adeab16483e/policy.pt,1713191157,,True,1,2024-04-15_22-25-57,18946.74563908577,18946.74563908577,3480600,common-ts1resyc,10.244.12.190,18946.74563908577,1,"25_auto_alpha=False,lam=0.7000,seed=42",,1,400,2,0.0003,mcq,0.0003,0.2,False,256,0.0003,cuda,100,Pipeline-mcq,0.99,0.7,,1000,10,52,42,0.005,1000,,low,99,Pipeline,750,2,0.001,400,2,0.7,False,42,"[True, False]","[0.3, 0.4, 0.5, 0.6, 0.7, 0.8, 0.9, 0.95]",mcq,Pipeline-mcq,42,Pipeline,Pipeline-mcq,mcq,Pipeline,42,continuous,"[0.3, 0.95]"
bd6c7_00026,-763.4702736959457,414.4522123555572,1000.0,0.0,-171651.703125,47093060.0,61731376.0,-1044.976806640625,1.0437250137329102,1.0,/home/ubuntu/yi/offlinerl/OfflineRL/offlinerl_tmp/.aim/models/9cf0fed4d3874ea6aca23117/policy.pt,1713191479,,True,1,2024-04-15_22-31-19,19196.71789073944,19196.71789073944,3481174,common-ts1resyc,10.244.12.190,19196.71789073944,1,"26_auto_alpha=True,lam=0.8000,seed=42",,1,400,2,0.0003,mcq,0.0003,0.2,True,256,0.0003,cuda,100,Pipeline-mcq,0.99,0.8,,1000,10,52,42,0.005,1000,,low,99,Pipeline,750,2,0.001,400,2,0.8,True,42,"[True, False]","[0.3, 0.4, 0.5, 0.6, 0.7, 0.8, 0.9, 0.95]",mcq,Pipeline-mcq,42,Pipeline,Pipeline-mcq,mcq,Pipeline,42,continuous,"[0.3, 0.95]"
bd6c7_00027,74.7174042698145,250.71860599302414,1000.0,0.0,48236.765625,1027628.8125,1020623.1875,0.0,1.0437250137329102,0.2,/home/ubuntu/yi/offlinerl/OfflineRL/offlinerl_tmp/.aim/models/3edf2efa76de4d39aa374bd6/policy.pt,1713191419,,True,1,2024-04-15_22-30-19,18917.86633682251,18917.86633682251,3482194,common-ts1resyc,10.244.12.190,18917.86633682251,1,"27_auto_alpha=False,lam=0.8000,seed=42",,1,400,2,0.0003,mcq,0.0003,0.2,False,256,0.0003,cuda,100,Pipeline-mcq,0.99,0.8,,1000,10,52,42,0.005,1000,,low,99,Pipeline,750,2,0.001,400,2,0.8,False,42,"[True, False]","[0.3, 0.4, 0.5, 0.6, 0.7, 0.8, 0.9, 0.95]",mcq,Pipeline-mcq,42,Pipeline,Pipeline-mcq,mcq,Pipeline,42,continuous,"[0.3, 0.95]"
bd6c7_00028,85.34771888434886,308.51388488476863,1000.0,0.0,-23.523143768310547,1.7879787683486938,2.2459139823913574,0.2755863666534424,1.0437250137329102,0.0212747510522604,/home/ubuntu/yi/offlinerl/OfflineRL/offlinerl_tmp/.aim/models/8148b839f28546708ba85ac4/policy.pt,1713192043,,True,1,2024-04-15_22-40-43,19330.50384068489,19330.50384068489,3483341,common-ts1resyc,10.244.12.190,19330.50384068489,1,"28_auto_alpha=True,lam=0.9000,seed=42",,1,400,2,0.0003,mcq,0.0003,0.2,True,256,0.0003,cuda,100,Pipeline-mcq,0.99,0.9,,1000,10,52,42,0.005,1000,,low,99,Pipeline,750,2,0.001,400,2,0.9,True,42,"[True, False]","[0.3, 0.4, 0.5, 0.6, 0.7, 0.8, 0.9, 0.95]",mcq,Pipeline-mcq,42,Pipeline,Pipeline-mcq,mcq,Pipeline,42,continuous,"[0.3, 0.95]"
bd6c7_00029,220.33661801338195,210.23822753342523,1000.0,0.0,15300.310546875,263207.1875,265150.5,0.0,1.0437250137329102,0.2,/home/ubuntu/yi/offlinerl/OfflineRL/offlinerl_tmp/.aim/models/469c0f172c0e4692b45bf70b/policy.pt,1713191940,,True,1,2024-04-15_22-39-00,19179.355706691742,19179.355706691742,3483889,common-ts1resyc,10.244.12.190,19179.355706691742,1,"29_auto_alpha=False,lam=0.9000,seed=42",,1,400,2,0.0003,mcq,0.0003,0.2,False,256,0.0003,cuda,100,Pipeline-mcq,0.99,0.9,,1000,10,52,42,0.005,1000,,low,99,Pipeline,750,2,0.001,400,2,0.9,False,42,"[True, False]","[0.3, 0.4, 0.5, 0.6, 0.7, 0.8, 0.9, 0.95]",mcq,Pipeline-mcq,42,Pipeline,Pipeline-mcq,mcq,Pipeline,42,continuous,"[0.3, 0.95]"
bd6c7_00030,287.84445751953126,241.98724020366046,1000.0,0.0,1061.892333984375,2411.17431640625,2374.25341796875,-39.221702575683594,1.0437250137329102,1.0,/home/ubuntu/yi/offlinerl/OfflineRL/offlinerl_tmp/.aim/models/f830a06485a24530a3f951ac/policy.pt,1713210308,,True,1,2024-04-16_03-45-08,19146.27060341835,19146.27060341835,3507026,common-ts1resyc,10.244.12.190,19146.27060341835,1,"30_auto_alpha=True,lam=0.9500,seed=42",,1,400,2,0.0003,mcq,0.0003,0.2,True,256,0.0003,cuda,100,Pipeline-mcq,0.99,0.95,,1000,10,52,42,0.005,1000,,low,99,Pipeline,750,2,0.001,400,2,0.95,True,42,"[True, False]","[0.3, 0.4, 0.5, 0.6, 0.7, 0.8, 0.9, 0.95]",mcq,Pipeline-mcq,42,Pipeline,Pipeline-mcq,mcq,Pipeline,42,continuous,"[0.3, 0.95]"
bd6c7_00031,148.6854183883667,221.95606716913363,1000.0,0.0,403.9161376953125,444.2140197753906,436.521240234375,0.0,1.0437250137329102,0.2,/home/ubuntu/yi/offlinerl/OfflineRL/offlinerl_tmp/.aim/models/95a90b28682148ef9c282509/policy.pt,1713210324,,True,1,2024-04-16_03-45-24,18900.94085931778,18900.94085931778,3507388,common-ts1resyc,10.244.12.190,18900.94085931778,1,"31_auto_alpha=False,lam=0.9500,seed=42",,1,400,2,0.0003,mcq,0.0003,0.2,False,256,0.0003,cuda,100,Pipeline-mcq,0.99,0.95,,1000,10,52,42,0.005,1000,,low,99,Pipeline,750,2,0.001,400,2,0.95,False,42,"[True, False]","[0.3, 0.4, 0.5, 0.6, 0.7, 0.8, 0.9, 0.95]",mcq,Pipeline-mcq,42,Pipeline,Pipeline-mcq,mcq,Pipeline,42,continuous,"[0.3, 0.95]"
bd6c7_00032,-1530.191671387434,381.50196731991934,1000.0,0.0,267682.96875,3584102.5,3378622.0,-781.0064697265625,1.0562071800231934,1.0,/home/ubuntu/yi/offlinerl/OfflineRL/offlinerl_tmp/.aim/models/37f0cf6dc180462486858a7c/policy.pt,1713210743,,True,1,2024-04-16_03-52-23,19259.390540599823,19259.390540599823,3507745,common-ts1resyc,10.244.12.190,19259.390540599823,1,"32_auto_alpha=True,lam=0.3000,seed=210",,1,400,2,0.0003,mcq,0.0003,0.2,True,256,0.0003,cuda,100,Pipeline-mcq,0.99,0.3,,1000,10,52,210,0.005,1000,,low,99,Pipeline,750,2,0.001,400,2,0.3,True,210,"[True, False]","[0.3, 0.4, 0.5, 0.6, 0.7, 0.8, 0.9, 0.95]",mcq,Pipeline-mcq,210,Pipeline,Pipeline-mcq,mcq,Pipeline,210,continuous,"[0.3, 0.95]"
bd6c7_00033,-633.5200122255087,473.021440306898,1000.0,0.0,1717358.0,167558048.0,167002512.0,0.0,1.0562071800231934,0.2,/home/ubuntu/yi/offlinerl/OfflineRL/offlinerl_tmp/.aim/models/085b897aaeb14693a95cbd9d/policy.pt,1713210417,,True,1,2024-04-16_03-46-57,18872.56590795517,18872.56590795517,3508101,common-ts1resyc,10.244.12.190,18872.56590795517,1,"33_auto_alpha=False,lam=0.3000,seed=210",,1,400,2,0.0003,mcq,0.0003,0.2,False,256,0.0003,cuda,100,Pipeline-mcq,0.99,0.3,,1000,10,52,210,0.005,1000,,low,99,Pipeline,750,2,0.001,400,2,0.3,False,210,"[True, False]","[0.3, 0.4, 0.5, 0.6, 0.7, 0.8, 0.9, 0.95]",mcq,Pipeline-mcq,210,Pipeline,Pipeline-mcq,mcq,Pipeline,210,continuous,"[0.3, 0.95]"
bd6c7_00034,-1167.658065673709,647.2818058343412,1000.0,0.0,112812.46875,939975.0,951729.25,-745.2008056640625,1.0562071800231934,1.0,/home/ubuntu/yi/offlinerl/OfflineRL/offlinerl_tmp/.aim/models/3f9c759320044519b5c5b738/policy.pt,1713211238,,True,1,2024-04-16_04-00-38,19294.355548143387,19294.355548143387,3508462,common-ts1resyc,10.244.12.190,19294.355548143387,1,"34_auto_alpha=True,lam=0.4000,seed=210",,1,400,2,0.0003,mcq,0.0003,0.2,True,256,0.0003,cuda,100,Pipeline-mcq,0.99,0.4,,1000,10,52,210,0.005,1000,,low,99,Pipeline,750,2,0.001,400,2,0.4,True,210,"[True, False]","[0.3, 0.4, 0.5, 0.6, 0.7, 0.8, 0.9, 0.95]",mcq,Pipeline-mcq,210,Pipeline,Pipeline-mcq,mcq,Pipeline,210,continuous,"[0.3, 0.95]"
bd6c7_00035,-1273.255487394452,586.7486855009176,1000.0,0.0,820336.125,52053112.0,51907404.0,0.0,1.0562071800231934,0.2,/home/ubuntu/yi/offlinerl/OfflineRL/offlinerl_tmp/.aim/models/8dbf5fb820964e539a6b7697/policy.pt,1713210962,,True,1,2024-04-16_03-56-02,18915.100962162018,18915.100962162018,3508822,common-ts1resyc,10.244.12.190,18915.100962162018,1,"35_auto_alpha=False,lam=0.4000,seed=210",,1,400,2,0.0003,mcq,0.0003,0.2,False,256,0.0003,cuda,100,Pipeline-mcq,0.99,0.4,,1000,10,52,210,0.005,1000,,low,99,Pipeline,750,2,0.001,400,2,0.4,False,210,"[True, False]","[0.3, 0.4, 0.5, 0.6, 0.7, 0.8, 0.9, 0.95]",mcq,Pipeline-mcq,210,Pipeline,Pipeline-mcq,mcq,Pipeline,210,continuous,"[0.3, 0.95]"
bd6c7_00036,-1265.1299787260293,504.73700042605896,1000.0,0.0,1112044.5,179577264.0,173748320.0,-788.6451416015625,1.0562071800231934,1.0,/home/ubuntu/yi/offlinerl/OfflineRL/offlinerl_tmp/.aim/models/027607f1b0d641c2a7b86444/policy.pt,1713229460,,True,1,2024-04-16_09-04-20,19147.85533308983,19147.85533308983,3515214,common-ts1resyc,10.244.12.190,19147.85533308983,1,"36_auto_alpha=True,lam=0.5000,seed=210",,1,400,2,0.0003,mcq,0.0003,0.2,True,256,0.0003,cuda,100,Pipeline-mcq,0.99,0.5,,1000,10,52,210,0.005,1000,,low,99,Pipeline,750,2,0.001,400,2,0.5,True,210,"[True, False]","[0.3, 0.4, 0.5, 0.6, 0.7, 0.8, 0.9, 0.95]",mcq,Pipeline-mcq,210,Pipeline,Pipeline-mcq,mcq,Pipeline,210,continuous,"[0.3, 0.95]"
bd6c7_00037,-110.27369099700451,642.2318370556968,1000.0,0.0,288794.53125,15405915.0,14785489.0,0.0,1.0562071800231934,0.2,/home/ubuntu/yi/offlinerl/OfflineRL/offlinerl_tmp/.aim/models/e94abd37ee54429dab0feae6/policy.pt,1713229114,,True,1,2024-04-16_08-58-34,18785.60015964508,18785.60015964508,3515466,common-ts1resyc,10.244.12.190,18785.60015964508,1,"37_auto_alpha=False,lam=0.5000,seed=210",,1,400,2,0.0003,mcq,0.0003,0.2,False,256,0.0003,cuda,100,Pipeline-mcq,0.99,0.5,,1000,10,52,210,0.005,1000,,low,99,Pipeline,750,2,0.001,400,2,0.5,False,210,"[True, False]","[0.3, 0.4, 0.5, 0.6, 0.7, 0.8, 0.9, 0.95]",mcq,Pipeline-mcq,210,Pipeline,Pipeline-mcq,mcq,Pipeline,210,continuous,"[0.3, 0.95]"
bd6c7_00038,-1214.6860828946828,564.414064284875,1000.0,0.0,630113.5625,73413552.0,72778632.0,-783.475341796875,1.0562071800231934,1.0,/home/ubuntu/yi/offlinerl/OfflineRL/offlinerl_tmp/.aim/models/d25a5318002046938e70e971/policy.pt,1713229722,,True,1,2024-04-16_09-08-42,19300.68299651146,19300.68299651146,3515822,common-ts1resyc,10.244.12.190,19300.68299651146,1,"38_auto_alpha=True,lam=0.6000,seed=210",,1,400,2,0.0003,mcq,0.0003,0.2,True,256,0.0003,cuda,100,Pipeline-mcq,0.99,0.6,,1000,10,52,210,0.005,1000,,low,99,Pipeline,750,2,0.001,400,2,0.6,True,210,"[True, False]","[0.3, 0.4, 0.5, 0.6, 0.7, 0.8, 0.9, 0.95]",mcq,Pipeline-mcq,210,Pipeline,Pipeline-mcq,mcq,Pipeline,210,continuous,"[0.3, 0.95]"
bd6c7_00039,-420.9616287175417,675.8803065236531,1000.0,0.0,253484.203125,13412837.0,13991958.0,0.0,1.0562071800231934,0.2,/home/ubuntu/yi/offlinerl/OfflineRL/offlinerl_tmp/.aim/models/2803d126b811466a93f36713/policy.pt,1713229602,,True,1,2024-04-16_09-06-42,18855.303359746933,18855.303359746933,3516186,common-ts1resyc,10.244.12.190,18855.303359746933,1,"39_auto_alpha=False,lam=0.6000,seed=210",,1,400,2,0.0003,mcq,0.0003,0.2,False,256,0.0003,cuda,100,Pipeline-mcq,0.99,0.6,,1000,10,52,210,0.005,1000,,low,99,Pipeline,750,2,0.001,400,2,0.6,False,210,"[True, False]","[0.3, 0.4, 0.5, 0.6, 0.7, 0.8, 0.9, 0.95]",mcq,Pipeline-mcq,210,Pipeline,Pipeline-mcq,mcq,Pipeline,210,continuous,"[0.3, 0.95]"
bd6c7_00040,281.6559345525503,245.83729356723862,1000.0,0.0,188202.609375,10778889.0,11011204.0,-710.9256591796875,1.0562071800231934,1.0,/home/ubuntu/yi/offlinerl/OfflineRL/offlinerl_tmp/.aim/models/bd6e49dc867f4ca8a8e763db/policy.pt,1713230364,,True,1,2024-04-16_09-19-24,19397.92676782608,19397.92676782608,3516544,common-ts1resyc,10.244.12.190,19397.92676782608,1,"40_auto_alpha=True,lam=0.7000,seed=210",,1,400,2,0.0003,mcq,0.0003,0.2,True,256,0.0003,cuda,100,Pipeline-mcq,0.99,0.7,,1000,10,52,210,0.005,1000,,low,99,Pipeline,750,2,0.001,400,2,0.7,True,210,"[True, False]","[0.3, 0.4, 0.5, 0.6, 0.7, 0.8, 0.9, 0.95]",mcq,Pipeline-mcq,210,Pipeline,Pipeline-mcq,mcq,Pipeline,210,continuous,"[0.3, 0.95]"
bd6c7_00041,133.6741177420616,318.3571574669565,1000.0,0.0,113187.28125,4081072.25,3931592.25,0.0,1.0562071800231934,0.2,/home/ubuntu/yi/offlinerl/OfflineRL/offlinerl_tmp/.aim/models/36411fce7b5b404c9d6f79b0/policy.pt,1713230347,,True,1,2024-04-16_09-19-07,19104.48129940033,19104.48129940033,3516904,common-ts1resyc,10.244.12.190,19104.48129940033,1,"41_auto_alpha=False,lam=0.7000,seed=210",,1,400,2,0.0003,mcq,0.0003,0.2,False,256,0.0003,cuda,100,Pipeline-mcq,0.99,0.7,,1000,10,52,210,0.005,1000,,low,99,Pipeline,750,2,0.001,400,2,0.7,False,210,"[True, False]","[0.3, 0.4, 0.5, 0.6, 0.7, 0.8, 0.9, 0.95]",mcq,Pipeline-mcq,210,Pipeline,Pipeline-mcq,mcq,Pipeline,210,continuous,"[0.3, 0.95]"
bd6c7_00042,334.2567040387392,229.30849037717581,1000.0,0.0,68841.7578125,2455131.0,2416910.25,-370.51580810546875,1.0562071800231934,1.0,/home/ubuntu/yi/offlinerl/OfflineRL/offlinerl_tmp/.aim/models/82f50065ea254eb5b27dfdbd/policy.pt,1713248350,,True,1,2024-04-16_14-19-10,19231.71674466133,19231.71674466133,3524787,common-ts1resyc,10.244.12.190,19231.71674466133,1,"42_auto_alpha=True,lam=0.8000,seed=210",,1,400,2,0.0003,mcq,0.0003,0.2,True,256,0.0003,cuda,100,Pipeline-mcq,0.99,0.8,,1000,10,52,210,0.005,1000,,low,99,Pipeline,750,2,0.001,400,2,0.8,True,210,"[True, False]","[0.3, 0.4, 0.5, 0.6, 0.7, 0.8, 0.9, 0.95]",mcq,Pipeline-mcq,210,Pipeline,Pipeline-mcq,mcq,Pipeline,210,continuous,"[0.3, 0.95]"
bd6c7_00043,-226.72885037219524,358.53054080940564,1000.0,0.0,70774.4140625,2040200.5,1992977.0,0.0,1.0562071800231934,0.2,/home/ubuntu/yi/offlinerl/OfflineRL/offlinerl_tmp/.aim/models/fea0a9426d2a41d1a33eeb15/policy.pt,1713248249,,True,1,2024-04-16_14-17-29,18785.659601688385,18785.659601688385,3525188,common-ts1resyc,10.244.12.190,18785.659601688385,1,"43_auto_alpha=False,lam=0.8000,seed=210",,1,400,2,0.0003,mcq,0.0003,0.2,False,256,0.0003,cuda,100,Pipeline-mcq,0.99,0.8,,1000,10,52,210,0.005,1000,,low,99,Pipeline,750,2,0.001,400,2,0.8,False,210,"[True, False]","[0.3, 0.4, 0.5, 0.6, 0.7, 0.8, 0.9, 0.95]",mcq,Pipeline-mcq,210,Pipeline,Pipeline-mcq,mcq,Pipeline,210,continuous,"[0.3, 0.95]"
bd6c7_00044,-862.8900454267264,357.2176123621335,1000.0,0.0,2860.183349609375,8048.6591796875,8374.1396484375,-47.421226501464844,1.0562071800231934,1.0,/home/ubuntu/yi/offlinerl/OfflineRL/offlinerl_tmp/.aim/models/8b6926b7b5074e589b192ac1/policy.pt,1713248694,,True,1,2024-04-16_14-24-54,19087.769480228424,19087.769480228424,3525566,common-ts1resyc,10.244.12.190,19087.769480228424,1,"44_auto_alpha=True,lam=0.9000,seed=210",,1,400,2,0.0003,mcq,0.0003,0.2,True,256,0.0003,cuda,100,Pipeline-mcq,0.99,0.9,,1000,10,52,210,0.005,1000,,low,99,Pipeline,750,2,0.001,400,2,0.9,True,210,"[True, False]","[0.3, 0.4, 0.5, 0.6, 0.7, 0.8, 0.9, 0.95]",mcq,Pipeline-mcq,210,Pipeline,Pipeline-mcq,mcq,Pipeline,210,continuous,"[0.3, 0.95]"
bd6c7_00045,149.0972115880251,313.2041424682811,1000.0,0.0,5690.779296875,39807.203125,39979.73046875,0.0,1.0562071800231934,0.2,/home/ubuntu/yi/offlinerl/OfflineRL/offlinerl_tmp/.aim/models/30b6e86c0fd4403384ad6ecd/policy.pt,1713248770,,True,1,2024-04-16_14-26-10,19044.21735548973,19044.21735548973,3525935,common-ts1resyc,10.244.12.190,19044.21735548973,1,"45_auto_alpha=False,lam=0.9000,seed=210",,1,400,2,0.0003,mcq,0.0003,0.2,False,256,0.0003,cuda,100,Pipeline-mcq,0.99,0.9,,1000,10,52,210,0.005,1000,,low,99,Pipeline,750,2,0.001,400,2,0.9,False,210,"[True, False]","[0.3, 0.4, 0.5, 0.6, 0.7, 0.8, 0.9, 0.95]",mcq,Pipeline-mcq,210,Pipeline,Pipeline-mcq,mcq,Pipeline,210,continuous,"[0.3, 0.95]"
bd6c7_00046,-142.37074437248708,338.62577681626516,1000.0,0.0,-6.749082565307617,2.460221767425537,2.6796181201934814,-0.1530553698539734,1.0562071800231934,0.05369315668940544,/home/ubuntu/yi/offlinerl/OfflineRL/offlinerl_tmp/.aim/models/33a72dd16df447cab6126311/policy.pt,1713249455,,True,1,2024-04-16_14-37-35,19104.35418200493,19104.35418200493,3526480,common-ts1resyc,10.244.12.190,19104.35418200493,1,"46_auto_alpha=True,lam=0.9500,seed=210",,1,400,2,0.0003,mcq,0.0003,0.2,True,256,0.0003,cuda,100,Pipeline-mcq,0.99,0.95,,1000,10,52,210,0.005,1000,,low,99,Pipeline,750,2,0.001,400,2,0.95,True,210,"[True, False]","[0.3, 0.4, 0.5, 0.6, 0.7, 0.8, 0.9, 0.95]",mcq,Pipeline-mcq,210,Pipeline,Pipeline-mcq,mcq,Pipeline,210,continuous,"[0.3, 0.95]"
bd6c7_00047,112.90550001144409,299.56533553857304,1000.0,0.0,-48.26582336425781,0.34742873907089233,0.3749062120914459,0.0,1.0562071800231934,0.2,/home/ubuntu/yi/offlinerl/OfflineRL/offlinerl_tmp/.aim/models/359e742e3c7745cbb5527443/policy.pt,1713249331,,True,1,2024-04-16_14-35-31,18962.92202758789,18962.92202758789,3526732,common-ts1resyc,10.244.12.190,18962.92202758789,1,"47_auto_alpha=False,lam=0.9500,seed=210",,1,400,2,0.0003,mcq,0.0003,0.2,False,256,0.0003,cuda,100,Pipeline-mcq,0.99,0.95,,1000,10,52,210,0.005,1000,,low,99,Pipeline,750,2,0.001,400,2,0.95,False,210,"[True, False]","[0.3, 0.4, 0.5, 0.6, 0.7, 0.8, 0.9, 0.95]",mcq,Pipeline-mcq,210,Pipeline,Pipeline-mcq,mcq,Pipeline,210,continuous,"[0.3, 0.95]"
