trial_id,Reward_Mean_Env,Reward_Std_Env,Length_Mean_Env,Length_Std_Env,loss/actor,loss/critic1,loss/critic2,loss/alpha,alpha,model_path,timestamp,checkpoint_dir_name,done,training_iteration,date,time_this_iter_s,time_total_s,pid,hostname,node_ip,time_since_restore,iterations_since_restore,experiment_tag,hparams/act_shape,hparams/action_shape,hparams/actor_lr,hparams/aim_path,hparams/algo_name,hparams/alpha_lr,hparams/alpha,hparams/critic_lr,hparams/device,hparams/discount,hparams/dynamics_hidden_dims,hparams/dynamics_path,hparams/dynamics_save_path,hparams/dynamics_weight_decay,hparams/exp_name,hparams/hidden_dims,hparams/horizon,hparams/learnable_alpha,hparams/logvar_loss_coef,hparams/max_action,hparams/max_epochs_since_update,hparams/max_epoch,hparams/model_retain_epochs,hparams/normalize_obs,hparams/obs_shape,hparams/penalty_coef,hparams/policy_batch_size,hparams/policy_scaler,hparams/real_data_ratio,hparams/rollout_batch_size,hparams/rollout_freq,hparams/seed,hparams/soft_target_tau,hparams/steps_per_epoch,hparams/target_entropy,hparams/task_data_type,hparams/task_train_num,hparams/task,hparams/trainsition_clip,hparams/transition_batch_size,hparams/transition_init_num,hparams/transition_lr,hparams/transition_max_epochs,hparams/transition_scaler,hparams/transition_select_num,hparams/uncertainty_mode,hparams/val_ratio,config/horizon,config/penalty_coef,config/uncertainty_mode,config/seed,hparams/grid_tune/horizon,hparams/grid_tune/penalty_coef,hparams/grid_tune/uncertainty_mode,hparams/kwargs/aim_path,hparams/kwargs/algo_name,hparams/kwargs/dynamics_path,hparams/kwargs/exp_name,hparams/kwargs/seed,hparams/kwargs/task,config/kwargs/exp_name,config/kwargs/algo_name,config/kwargs/task,config/kwargs/aim_path,config/kwargs/dynamics_path,config/kwargs/seed,hparams/params_tune/buffer_size/type,hparams/params_tune/buffer_size/value,hparams/params_tune/horzion/type,hparams/params_tune/horzion/value,hparams/params_tune/lam/type,hparams/params_tune/lam/value,hparams/params_tune/learnable_alpha/type,hparams/params_tune/learnable_alpha/value,hparams/params_tune/real_data_ratio/type,hparams/params_tune/real_data_ratio/value
574a2_00000,593.9812163158059,57.40424984873211,100.0,0.0,-482.4163513183594,1.5380884408950806,1.5610783100128174,0.02517819032073021,0.19525104761123657,/home/ubuntu/fortzl/NeoRL2/benchmark/tune_DMSD_domain/.aim/models/5976caabda794aa886863752/policy.pt,1713793817,,True,1,2024-04-22_21-50-17,26585.916677713394,26585.916677713394,352214,common-ddhjpyex,10.244.1.89,26585.916677713394,1,"0_horizon=1,penalty_coef=0.5000,seed=7,uncertainty_mode=aleatoric",,[2],0.0001,/home/ubuntu/fortzl/NeoRL2/benchmark/tune_DMSD_domain,mopo,0.0001,0.2,0.0003,cuda,0.99,"[200, 200, 200, 200]",/home/ubuntu/fortzl/NeoRL2/benchmark/tune_DMSD_domain/.aim/dynamics_model/03e78aa4196440e9a85e6dc8/dynamics_model.pt,,"[2.5e-05, 5e-05, 7.5e-05, 7.5e-05, 0.0001]",DMSD-mopo,"[256, 256]",1,True,0.01,,5,3000,5,False,[6],0.5,256,False,0.05,50000.0,1000,7,0.005,1000,,low,99,DMSD,False,256,7,0.001,,True,5,aleatoric,0.2,1,0.5,aleatoric,7,"[1, 5]","[0.5, 1, 2, 5]","['aleatoric', 'disagreement']",/home/ubuntu/fortzl/NeoRL2/benchmark/tune_DMSD_domain,mopo,/home/ubuntu/fortzl/NeoRL2/benchmark/tune_DMSD_domain/.aim/dynamics_model/03e78aa4196440e9a85e6dc8/dynamics_model.pt,DMSD-mopo,7,DMSD,DMSD-mopo,mopo,DMSD,/home/ubuntu/fortzl/NeoRL2/benchmark/tune_DMSD_domain,/home/ubuntu/fortzl/NeoRL2/benchmark/tune_DMSD_domain/.aim/dynamics_model/03e78aa4196440e9a85e6dc8/dynamics_model.pt,7,discrete,"[1000000.0, 2000000.0]",discrete,"[1, 2, 5]",continuous,"[0.1, 10]",discrete,"[True, False]",discrete,"[0.05, 0.1, 0.2]"
574a2_00001,590.2699617826804,52.93308702852003,100.0,0.0,-497.5218811035156,2.3805696964263916,2.418826103210449,0.11695546656847,0.1413341462612152,/home/ubuntu/fortzl/NeoRL2/benchmark/tune_DMSD_domain/.aim/models/69ccdefda09f4c2780c884ff/policy.pt,1713795003,,True,1,2024-04-22_22-10-03,27772.09957551956,27772.09957551956,352215,common-ddhjpyex,10.244.1.89,27772.09957551956,1,"1_horizon=5,penalty_coef=0.5000,seed=7,uncertainty_mode=aleatoric",,[2],0.0001,/home/ubuntu/fortzl/NeoRL2/benchmark/tune_DMSD_domain,mopo,0.0001,0.2,0.0003,cuda,0.99,"[200, 200, 200, 200]",/home/ubuntu/fortzl/NeoRL2/benchmark/tune_DMSD_domain/.aim/dynamics_model/03e78aa4196440e9a85e6dc8/dynamics_model.pt,,"[2.5e-05, 5e-05, 7.5e-05, 7.5e-05, 0.0001]",DMSD-mopo,"[256, 256]",5,True,0.01,,5,3000,5,False,[6],0.5,256,False,0.05,50000.0,1000,7,0.005,1000,,low,99,DMSD,False,256,7,0.001,,True,5,aleatoric,0.2,5,0.5,aleatoric,7,"[1, 5]","[0.5, 1, 2, 5]","['aleatoric', 'disagreement']",/home/ubuntu/fortzl/NeoRL2/benchmark/tune_DMSD_domain,mopo,/home/ubuntu/fortzl/NeoRL2/benchmark/tune_DMSD_domain/.aim/dynamics_model/03e78aa4196440e9a85e6dc8/dynamics_model.pt,DMSD-mopo,7,DMSD,DMSD-mopo,mopo,DMSD,/home/ubuntu/fortzl/NeoRL2/benchmark/tune_DMSD_domain,/home/ubuntu/fortzl/NeoRL2/benchmark/tune_DMSD_domain/.aim/dynamics_model/03e78aa4196440e9a85e6dc8/dynamics_model.pt,7,discrete,"[1000000.0, 2000000.0]",discrete,"[1, 2, 5]",continuous,"[0.1, 10]",discrete,"[True, False]",discrete,"[0.05, 0.1, 0.2]"
574a2_00002,585.6203766293628,56.69758334104497,100.0,0.0,-439.9839782714844,1.7050073146820068,1.6676908731460571,0.013497743755578995,0.19063885509967804,/home/ubuntu/fortzl/NeoRL2/benchmark/tune_DMSD_domain/.aim/models/ecd092dce0f248759bf0cc99/policy.pt,1713794306,,True,1,2024-04-22_21-58-26,27075.44692015648,27075.44692015648,352216,common-ddhjpyex,10.244.1.89,27075.44692015648,1,"2_horizon=1,penalty_coef=1,seed=7,uncertainty_mode=aleatoric",,[2],0.0001,/home/ubuntu/fortzl/NeoRL2/benchmark/tune_DMSD_domain,mopo,0.0001,0.2,0.0003,cuda,0.99,"[200, 200, 200, 200]",/home/ubuntu/fortzl/NeoRL2/benchmark/tune_DMSD_domain/.aim/dynamics_model/03e78aa4196440e9a85e6dc8/dynamics_model.pt,,"[2.5e-05, 5e-05, 7.5e-05, 7.5e-05, 0.0001]",DMSD-mopo,"[256, 256]",1,True,0.01,,5,3000,5,False,[6],1.0,256,False,0.05,50000.0,1000,7,0.005,1000,,low,99,DMSD,False,256,7,0.001,,True,5,aleatoric,0.2,1,1.0,aleatoric,7,"[1, 5]","[0.5, 1, 2, 5]","['aleatoric', 'disagreement']",/home/ubuntu/fortzl/NeoRL2/benchmark/tune_DMSD_domain,mopo,/home/ubuntu/fortzl/NeoRL2/benchmark/tune_DMSD_domain/.aim/dynamics_model/03e78aa4196440e9a85e6dc8/dynamics_model.pt,DMSD-mopo,7,DMSD,DMSD-mopo,mopo,DMSD,/home/ubuntu/fortzl/NeoRL2/benchmark/tune_DMSD_domain,/home/ubuntu/fortzl/NeoRL2/benchmark/tune_DMSD_domain/.aim/dynamics_model/03e78aa4196440e9a85e6dc8/dynamics_model.pt,7,discrete,"[1000000.0, 2000000.0]",discrete,"[1, 2, 5]",continuous,"[0.1, 10]",discrete,"[True, False]",discrete,"[0.05, 0.1, 0.2]"
574a2_00003,584.2932407773488,56.89742608957103,100.0,0.0,-453.4974670410156,2.5816047191619873,2.533147096633911,0.20089776813983917,0.13501666486263275,/home/ubuntu/fortzl/NeoRL2/benchmark/tune_DMSD_domain/.aim/models/996c12952937414c92aabbe5/policy.pt,1713795424,,True,1,2024-04-22_22-17-04,28192.97715973854,28192.97715973854,352260,common-ddhjpyex,10.244.1.89,28192.97715973854,1,"3_horizon=5,penalty_coef=1,seed=7,uncertainty_mode=aleatoric",,[2],0.0001,/home/ubuntu/fortzl/NeoRL2/benchmark/tune_DMSD_domain,mopo,0.0001,0.2,0.0003,cuda,0.99,"[200, 200, 200, 200]",/home/ubuntu/fortzl/NeoRL2/benchmark/tune_DMSD_domain/.aim/dynamics_model/03e78aa4196440e9a85e6dc8/dynamics_model.pt,,"[2.5e-05, 5e-05, 7.5e-05, 7.5e-05, 0.0001]",DMSD-mopo,"[256, 256]",5,True,0.01,,5,3000,5,False,[6],1.0,256,False,0.05,50000.0,1000,7,0.005,1000,,low,99,DMSD,False,256,7,0.001,,True,5,aleatoric,0.2,5,1.0,aleatoric,7,"[1, 5]","[0.5, 1, 2, 5]","['aleatoric', 'disagreement']",/home/ubuntu/fortzl/NeoRL2/benchmark/tune_DMSD_domain,mopo,/home/ubuntu/fortzl/NeoRL2/benchmark/tune_DMSD_domain/.aim/dynamics_model/03e78aa4196440e9a85e6dc8/dynamics_model.pt,DMSD-mopo,7,DMSD,DMSD-mopo,mopo,DMSD,/home/ubuntu/fortzl/NeoRL2/benchmark/tune_DMSD_domain,/home/ubuntu/fortzl/NeoRL2/benchmark/tune_DMSD_domain/.aim/dynamics_model/03e78aa4196440e9a85e6dc8/dynamics_model.pt,7,discrete,"[1000000.0, 2000000.0]",discrete,"[1, 2, 5]",continuous,"[0.1, 10]",discrete,"[True, False]",discrete,"[0.05, 0.1, 0.2]"
574a2_00004,565.6740968913781,56.86070163923636,100.0,0.0,-361.009521484375,2.396104335784912,2.433946132659912,-0.07710383087396622,0.17514291405677795,/home/ubuntu/fortzl/NeoRL2/benchmark/tune_DMSD_domain/.aim/models/483825db15204a3ab29db7a0/policy.pt,1713794067,,True,1,2024-04-22_21-54-27,26836.37680196762,26836.37680196762,352266,common-ddhjpyex,10.244.1.89,26836.37680196762,1,"4_horizon=1,penalty_coef=2,seed=7,uncertainty_mode=aleatoric",,[2],0.0001,/home/ubuntu/fortzl/NeoRL2/benchmark/tune_DMSD_domain,mopo,0.0001,0.2,0.0003,cuda,0.99,"[200, 200, 200, 200]",/home/ubuntu/fortzl/NeoRL2/benchmark/tune_DMSD_domain/.aim/dynamics_model/03e78aa4196440e9a85e6dc8/dynamics_model.pt,,"[2.5e-05, 5e-05, 7.5e-05, 7.5e-05, 0.0001]",DMSD-mopo,"[256, 256]",1,True,0.01,,5,3000,5,False,[6],2.0,256,False,0.05,50000.0,1000,7,0.005,1000,,low,99,DMSD,False,256,7,0.001,,True,5,aleatoric,0.2,1,2.0,aleatoric,7,"[1, 5]","[0.5, 1, 2, 5]","['aleatoric', 'disagreement']",/home/ubuntu/fortzl/NeoRL2/benchmark/tune_DMSD_domain,mopo,/home/ubuntu/fortzl/NeoRL2/benchmark/tune_DMSD_domain/.aim/dynamics_model/03e78aa4196440e9a85e6dc8/dynamics_model.pt,DMSD-mopo,7,DMSD,DMSD-mopo,mopo,DMSD,/home/ubuntu/fortzl/NeoRL2/benchmark/tune_DMSD_domain,/home/ubuntu/fortzl/NeoRL2/benchmark/tune_DMSD_domain/.aim/dynamics_model/03e78aa4196440e9a85e6dc8/dynamics_model.pt,7,discrete,"[1000000.0, 2000000.0]",discrete,"[1, 2, 5]",continuous,"[0.1, 10]",discrete,"[True, False]",discrete,"[0.05, 0.1, 0.2]"
574a2_00005,557.2778807749671,59.47543141150196,100.0,0.0,-375.7596740722656,2.5969443321228027,2.5735340118408203,0.18247410655021667,0.1520160287618637,/home/ubuntu/fortzl/NeoRL2/benchmark/tune_DMSD_domain/.aim/models/44df9d5fdeb1403694d5909c/policy.pt,1713795487,,True,1,2024-04-22_22-18-07,28255.644649505615,28255.644649505615,352315,common-ddhjpyex,10.244.1.89,28255.644649505615,1,"5_horizon=5,penalty_coef=2,seed=7,uncertainty_mode=aleatoric",,[2],0.0001,/home/ubuntu/fortzl/NeoRL2/benchmark/tune_DMSD_domain,mopo,0.0001,0.2,0.0003,cuda,0.99,"[200, 200, 200, 200]",/home/ubuntu/fortzl/NeoRL2/benchmark/tune_DMSD_domain/.aim/dynamics_model/03e78aa4196440e9a85e6dc8/dynamics_model.pt,,"[2.5e-05, 5e-05, 7.5e-05, 7.5e-05, 0.0001]",DMSD-mopo,"[256, 256]",5,True,0.01,,5,3000,5,False,[6],2.0,256,False,0.05,50000.0,1000,7,0.005,1000,,low,99,DMSD,False,256,7,0.001,,True,5,aleatoric,0.2,5,2.0,aleatoric,7,"[1, 5]","[0.5, 1, 2, 5]","['aleatoric', 'disagreement']",/home/ubuntu/fortzl/NeoRL2/benchmark/tune_DMSD_domain,mopo,/home/ubuntu/fortzl/NeoRL2/benchmark/tune_DMSD_domain/.aim/dynamics_model/03e78aa4196440e9a85e6dc8/dynamics_model.pt,DMSD-mopo,7,DMSD,DMSD-mopo,mopo,DMSD,/home/ubuntu/fortzl/NeoRL2/benchmark/tune_DMSD_domain,/home/ubuntu/fortzl/NeoRL2/benchmark/tune_DMSD_domain/.aim/dynamics_model/03e78aa4196440e9a85e6dc8/dynamics_model.pt,7,discrete,"[1000000.0, 2000000.0]",discrete,"[1, 2, 5]",continuous,"[0.1, 10]",discrete,"[True, False]",discrete,"[0.05, 0.1, 0.2]"
574a2_00006,498.0227694508322,49.501132432347376,100.0,0.0,-179.93994140625,7.048762798309326,7.031359672546387,-0.061901722103357315,0.19668278098106384,/home/ubuntu/fortzl/NeoRL2/benchmark/tune_DMSD_domain/.aim/models/d9e3ad66fd9a4029a003f427/policy.pt,1713820021,,True,1,2024-04-23_05-07-01,26199.612877845764,26199.612877845764,380377,common-ddhjpyex,10.244.1.89,26199.612877845764,1,"6_horizon=1,penalty_coef=5,seed=7,uncertainty_mode=aleatoric",,[2],0.0001,/home/ubuntu/fortzl/NeoRL2/benchmark/tune_DMSD_domain,mopo,0.0001,0.2,0.0003,cuda,0.99,"[200, 200, 200, 200]",/home/ubuntu/fortzl/NeoRL2/benchmark/tune_DMSD_domain/.aim/dynamics_model/03e78aa4196440e9a85e6dc8/dynamics_model.pt,,"[2.5e-05, 5e-05, 7.5e-05, 7.5e-05, 0.0001]",DMSD-mopo,"[256, 256]",1,True,0.01,,5,3000,5,False,[6],5.0,256,False,0.05,50000.0,1000,7,0.005,1000,,low,99,DMSD,False,256,7,0.001,,True,5,aleatoric,0.2,1,5.0,aleatoric,7,"[1, 5]","[0.5, 1, 2, 5]","['aleatoric', 'disagreement']",/home/ubuntu/fortzl/NeoRL2/benchmark/tune_DMSD_domain,mopo,/home/ubuntu/fortzl/NeoRL2/benchmark/tune_DMSD_domain/.aim/dynamics_model/03e78aa4196440e9a85e6dc8/dynamics_model.pt,DMSD-mopo,7,DMSD,DMSD-mopo,mopo,DMSD,/home/ubuntu/fortzl/NeoRL2/benchmark/tune_DMSD_domain,/home/ubuntu/fortzl/NeoRL2/benchmark/tune_DMSD_domain/.aim/dynamics_model/03e78aa4196440e9a85e6dc8/dynamics_model.pt,7,discrete,"[1000000.0, 2000000.0]",discrete,"[1, 2, 5]",continuous,"[0.1, 10]",discrete,"[True, False]",discrete,"[0.05, 0.1, 0.2]"
574a2_00007,499.4065407823317,53.12125310184158,100.0,0.0,-207.07737731933594,5.335888862609863,5.447403907775879,0.12600809335708618,0.1799875646829605,/home/ubuntu/fortzl/NeoRL2/benchmark/tune_DMSD_domain/.aim/models/94a4575bf98745e0ad0f9a60/policy.pt,1713821324,,True,1,2024-04-23_05-28-44,27253.308999300003,27253.308999300003,380851,common-ddhjpyex,10.244.1.89,27253.308999300003,1,"7_horizon=5,penalty_coef=5,seed=7,uncertainty_mode=aleatoric",,[2],0.0001,/home/ubuntu/fortzl/NeoRL2/benchmark/tune_DMSD_domain,mopo,0.0001,0.2,0.0003,cuda,0.99,"[200, 200, 200, 200]",/home/ubuntu/fortzl/NeoRL2/benchmark/tune_DMSD_domain/.aim/dynamics_model/03e78aa4196440e9a85e6dc8/dynamics_model.pt,,"[2.5e-05, 5e-05, 7.5e-05, 7.5e-05, 0.0001]",DMSD-mopo,"[256, 256]",5,True,0.01,,5,3000,5,False,[6],5.0,256,False,0.05,50000.0,1000,7,0.005,1000,,low,99,DMSD,False,256,7,0.001,,True,5,aleatoric,0.2,5,5.0,aleatoric,7,"[1, 5]","[0.5, 1, 2, 5]","['aleatoric', 'disagreement']",/home/ubuntu/fortzl/NeoRL2/benchmark/tune_DMSD_domain,mopo,/home/ubuntu/fortzl/NeoRL2/benchmark/tune_DMSD_domain/.aim/dynamics_model/03e78aa4196440e9a85e6dc8/dynamics_model.pt,DMSD-mopo,7,DMSD,DMSD-mopo,mopo,DMSD,/home/ubuntu/fortzl/NeoRL2/benchmark/tune_DMSD_domain,/home/ubuntu/fortzl/NeoRL2/benchmark/tune_DMSD_domain/.aim/dynamics_model/03e78aa4196440e9a85e6dc8/dynamics_model.pt,7,discrete,"[1000000.0, 2000000.0]",discrete,"[1, 2, 5]",continuous,"[0.1, 10]",discrete,"[True, False]",discrete,"[0.05, 0.1, 0.2]"
574a2_00008,595.9721438600384,62.43005034219079,100.0,0.0,-483.7460021972656,1.2840325832366943,1.3028578758239746,0.13398638367652893,0.18721355497837067,/home/ubuntu/fortzl/NeoRL2/benchmark/tune_DMSD_domain/.aim/models/6b589d086bbe4e2ea3da1121/policy.pt,1713821142,,True,1,2024-04-23_05-25-42,26832.164526939392,26832.164526939392,381221,common-ddhjpyex,10.244.1.89,26832.164526939392,1,"8_horizon=1,penalty_coef=0.5000,seed=42,uncertainty_mode=aleatoric",,[2],0.0001,/home/ubuntu/fortzl/NeoRL2/benchmark/tune_DMSD_domain,mopo,0.0001,0.2,0.0003,cuda,0.99,"[200, 200, 200, 200]",/home/ubuntu/fortzl/NeoRL2/benchmark/tune_DMSD_domain/.aim/dynamics_model/03e78aa4196440e9a85e6dc8/dynamics_model.pt,,"[2.5e-05, 5e-05, 7.5e-05, 7.5e-05, 0.0001]",DMSD-mopo,"[256, 256]",1,True,0.01,,5,3000,5,False,[6],0.5,256,False,0.05,50000.0,1000,42,0.005,1000,,low,99,DMSD,False,256,7,0.001,,True,5,aleatoric,0.2,1,0.5,aleatoric,42,"[1, 5]","[0.5, 1, 2, 5]","['aleatoric', 'disagreement']",/home/ubuntu/fortzl/NeoRL2/benchmark/tune_DMSD_domain,mopo,/home/ubuntu/fortzl/NeoRL2/benchmark/tune_DMSD_domain/.aim/dynamics_model/03e78aa4196440e9a85e6dc8/dynamics_model.pt,DMSD-mopo,42,DMSD,DMSD-mopo,mopo,DMSD,/home/ubuntu/fortzl/NeoRL2/benchmark/tune_DMSD_domain,/home/ubuntu/fortzl/NeoRL2/benchmark/tune_DMSD_domain/.aim/dynamics_model/03e78aa4196440e9a85e6dc8/dynamics_model.pt,42,discrete,"[1000000.0, 2000000.0]",discrete,"[1, 2, 5]",continuous,"[0.1, 10]",discrete,"[True, False]",discrete,"[0.05, 0.1, 0.2]"
574a2_00009,590.7522595007875,54.17393470881577,100.0,0.0,-498.2622375488281,1.8826048374176025,1.9097323417663574,0.12175256013870239,0.13844922184944153,/home/ubuntu/fortzl/NeoRL2/benchmark/tune_DMSD_domain/.aim/models/7e43eac99a3c41ca8111a2ea/policy.pt,1713822306,,True,1,2024-04-23_05-45-06,27298.41751432419,27298.41751432419,382053,common-ddhjpyex,10.244.1.89,27298.41751432419,1,"9_horizon=5,penalty_coef=0.5000,seed=42,uncertainty_mode=aleatoric",,[2],0.0001,/home/ubuntu/fortzl/NeoRL2/benchmark/tune_DMSD_domain,mopo,0.0001,0.2,0.0003,cuda,0.99,"[200, 200, 200, 200]",/home/ubuntu/fortzl/NeoRL2/benchmark/tune_DMSD_domain/.aim/dynamics_model/03e78aa4196440e9a85e6dc8/dynamics_model.pt,,"[2.5e-05, 5e-05, 7.5e-05, 7.5e-05, 0.0001]",DMSD-mopo,"[256, 256]",5,True,0.01,,5,3000,5,False,[6],0.5,256,False,0.05,50000.0,1000,42,0.005,1000,,low,99,DMSD,False,256,7,0.001,,True,5,aleatoric,0.2,5,0.5,aleatoric,42,"[1, 5]","[0.5, 1, 2, 5]","['aleatoric', 'disagreement']",/home/ubuntu/fortzl/NeoRL2/benchmark/tune_DMSD_domain,mopo,/home/ubuntu/fortzl/NeoRL2/benchmark/tune_DMSD_domain/.aim/dynamics_model/03e78aa4196440e9a85e6dc8/dynamics_model.pt,DMSD-mopo,42,DMSD,DMSD-mopo,mopo,DMSD,/home/ubuntu/fortzl/NeoRL2/benchmark/tune_DMSD_domain,/home/ubuntu/fortzl/NeoRL2/benchmark/tune_DMSD_domain/.aim/dynamics_model/03e78aa4196440e9a85e6dc8/dynamics_model.pt,42,discrete,"[1000000.0, 2000000.0]",discrete,"[1, 2, 5]",continuous,"[0.1, 10]",discrete,"[True, False]",discrete,"[0.05, 0.1, 0.2]"
574a2_00010,578.1612926050518,57.83528093821376,100.0,0.0,-441.2898254394531,1.566791296005249,1.5356346368789673,0.1446395218372345,0.18165768682956696,/home/ubuntu/fortzl/NeoRL2/benchmark/tune_DMSD_domain/.aim/models/b043827aa15543b38d1e2625/policy.pt,1713822167,,True,1,2024-04-23_05-42-47,26738.683018684387,26738.683018684387,382556,common-ddhjpyex,10.244.1.89,26738.683018684387,1,"10_horizon=1,penalty_coef=1,seed=42,uncertainty_mode=aleatoric",,[2],0.0001,/home/ubuntu/fortzl/NeoRL2/benchmark/tune_DMSD_domain,mopo,0.0001,0.2,0.0003,cuda,0.99,"[200, 200, 200, 200]",/home/ubuntu/fortzl/NeoRL2/benchmark/tune_DMSD_domain/.aim/dynamics_model/03e78aa4196440e9a85e6dc8/dynamics_model.pt,,"[2.5e-05, 5e-05, 7.5e-05, 7.5e-05, 0.0001]",DMSD-mopo,"[256, 256]",1,True,0.01,,5,3000,5,False,[6],1.0,256,False,0.05,50000.0,1000,42,0.005,1000,,low,99,DMSD,False,256,7,0.001,,True,5,aleatoric,0.2,1,1.0,aleatoric,42,"[1, 5]","[0.5, 1, 2, 5]","['aleatoric', 'disagreement']",/home/ubuntu/fortzl/NeoRL2/benchmark/tune_DMSD_domain,mopo,/home/ubuntu/fortzl/NeoRL2/benchmark/tune_DMSD_domain/.aim/dynamics_model/03e78aa4196440e9a85e6dc8/dynamics_model.pt,DMSD-mopo,42,DMSD,DMSD-mopo,mopo,DMSD,/home/ubuntu/fortzl/NeoRL2/benchmark/tune_DMSD_domain,/home/ubuntu/fortzl/NeoRL2/benchmark/tune_DMSD_domain/.aim/dynamics_model/03e78aa4196440e9a85e6dc8/dynamics_model.pt,42,discrete,"[1000000.0, 2000000.0]",discrete,"[1, 2, 5]",continuous,"[0.1, 10]",discrete,"[True, False]",discrete,"[0.05, 0.1, 0.2]"
574a2_00011,577.2780392959006,52.51688078191367,100.0,0.0,-454.98504638671875,2.596621036529541,2.5917789936065674,0.05272303521633148,0.13076643645763397,/home/ubuntu/fortzl/NeoRL2/benchmark/tune_DMSD_domain/.aim/models/bb9c81b24bdb446fbe564d2d/policy.pt,1713823322,,True,1,2024-04-23_06-02-02,27831.60494208336,27831.60494208336,382911,common-ddhjpyex,10.244.1.89,27831.60494208336,1,"11_horizon=5,penalty_coef=1,seed=42,uncertainty_mode=aleatoric",,[2],0.0001,/home/ubuntu/fortzl/NeoRL2/benchmark/tune_DMSD_domain,mopo,0.0001,0.2,0.0003,cuda,0.99,"[200, 200, 200, 200]",/home/ubuntu/fortzl/NeoRL2/benchmark/tune_DMSD_domain/.aim/dynamics_model/03e78aa4196440e9a85e6dc8/dynamics_model.pt,,"[2.5e-05, 5e-05, 7.5e-05, 7.5e-05, 0.0001]",DMSD-mopo,"[256, 256]",5,True,0.01,,5,3000,5,False,[6],1.0,256,False,0.05,50000.0,1000,42,0.005,1000,,low,99,DMSD,False,256,7,0.001,,True,5,aleatoric,0.2,5,1.0,aleatoric,42,"[1, 5]","[0.5, 1, 2, 5]","['aleatoric', 'disagreement']",/home/ubuntu/fortzl/NeoRL2/benchmark/tune_DMSD_domain,mopo,/home/ubuntu/fortzl/NeoRL2/benchmark/tune_DMSD_domain/.aim/dynamics_model/03e78aa4196440e9a85e6dc8/dynamics_model.pt,DMSD-mopo,42,DMSD,DMSD-mopo,mopo,DMSD,/home/ubuntu/fortzl/NeoRL2/benchmark/tune_DMSD_domain,/home/ubuntu/fortzl/NeoRL2/benchmark/tune_DMSD_domain/.aim/dynamics_model/03e78aa4196440e9a85e6dc8/dynamics_model.pt,42,discrete,"[1000000.0, 2000000.0]",discrete,"[1, 2, 5]",continuous,"[0.1, 10]",discrete,"[True, False]",discrete,"[0.05, 0.1, 0.2]"
574a2_00012,567.9276674153683,61.45466844659063,100.0,0.0,-360.2584228515625,2.164057731628418,2.1820855140686035,0.23192816972732544,0.17928829789161682,/home/ubuntu/fortzl/NeoRL2/benchmark/tune_DMSD_domain/.aim/models/c8e68b7352f443029b814004/policy.pt,1713846574,,True,1,2024-04-23_12-29-34,26549.451162815094,26549.451162815094,402373,common-ddhjpyex,10.244.1.89,26549.451162815094,1,"12_horizon=1,penalty_coef=2,seed=42,uncertainty_mode=aleatoric",,[2],0.0001,/home/ubuntu/fortzl/NeoRL2/benchmark/tune_DMSD_domain,mopo,0.0001,0.2,0.0003,cuda,0.99,"[200, 200, 200, 200]",/home/ubuntu/fortzl/NeoRL2/benchmark/tune_DMSD_domain/.aim/dynamics_model/03e78aa4196440e9a85e6dc8/dynamics_model.pt,,"[2.5e-05, 5e-05, 7.5e-05, 7.5e-05, 0.0001]",DMSD-mopo,"[256, 256]",1,True,0.01,,5,3000,5,False,[6],2.0,256,False,0.05,50000.0,1000,42,0.005,1000,,low,99,DMSD,False,256,7,0.001,,True,5,aleatoric,0.2,1,2.0,aleatoric,42,"[1, 5]","[0.5, 1, 2, 5]","['aleatoric', 'disagreement']",/home/ubuntu/fortzl/NeoRL2/benchmark/tune_DMSD_domain,mopo,/home/ubuntu/fortzl/NeoRL2/benchmark/tune_DMSD_domain/.aim/dynamics_model/03e78aa4196440e9a85e6dc8/dynamics_model.pt,DMSD-mopo,42,DMSD,DMSD-mopo,mopo,DMSD,/home/ubuntu/fortzl/NeoRL2/benchmark/tune_DMSD_domain,/home/ubuntu/fortzl/NeoRL2/benchmark/tune_DMSD_domain/.aim/dynamics_model/03e78aa4196440e9a85e6dc8/dynamics_model.pt,42,discrete,"[1000000.0, 2000000.0]",discrete,"[1, 2, 5]",continuous,"[0.1, 10]",discrete,"[True, False]",discrete,"[0.05, 0.1, 0.2]"
574a2_00013,553.7058598066545,57.540989222819256,100.0,0.0,-378.6397705078125,2.8057947158813477,2.762507915496826,0.10241562128067017,0.1400248259305954,/home/ubuntu/fortzl/NeoRL2/benchmark/tune_DMSD_domain/.aim/models/6fff5702c1df42729c1a8f18/policy.pt,1713849041,,True,1,2024-04-23_13-10-41,27893.6171605587,27893.6171605587,403370,common-ddhjpyex,10.244.1.89,27893.6171605587,1,"13_horizon=5,penalty_coef=2,seed=42,uncertainty_mode=aleatoric",,[2],0.0001,/home/ubuntu/fortzl/NeoRL2/benchmark/tune_DMSD_domain,mopo,0.0001,0.2,0.0003,cuda,0.99,"[200, 200, 200, 200]",/home/ubuntu/fortzl/NeoRL2/benchmark/tune_DMSD_domain/.aim/dynamics_model/03e78aa4196440e9a85e6dc8/dynamics_model.pt,,"[2.5e-05, 5e-05, 7.5e-05, 7.5e-05, 0.0001]",DMSD-mopo,"[256, 256]",5,True,0.01,,5,3000,5,False,[6],2.0,256,False,0.05,50000.0,1000,42,0.005,1000,,low,99,DMSD,False,256,7,0.001,,True,5,aleatoric,0.2,5,2.0,aleatoric,42,"[1, 5]","[0.5, 1, 2, 5]","['aleatoric', 'disagreement']",/home/ubuntu/fortzl/NeoRL2/benchmark/tune_DMSD_domain,mopo,/home/ubuntu/fortzl/NeoRL2/benchmark/tune_DMSD_domain/.aim/dynamics_model/03e78aa4196440e9a85e6dc8/dynamics_model.pt,DMSD-mopo,42,DMSD,DMSD-mopo,mopo,DMSD,/home/ubuntu/fortzl/NeoRL2/benchmark/tune_DMSD_domain,/home/ubuntu/fortzl/NeoRL2/benchmark/tune_DMSD_domain/.aim/dynamics_model/03e78aa4196440e9a85e6dc8/dynamics_model.pt,42,discrete,"[1000000.0, 2000000.0]",discrete,"[1, 2, 5]",continuous,"[0.1, 10]",discrete,"[True, False]",discrete,"[0.05, 0.1, 0.2]"
574a2_00014,507.5377294270755,52.72199147090578,100.0,0.0,-174.91575622558594,10.163169860839844,10.307709693908691,0.057132281363010406,0.22194616496562958,/home/ubuntu/fortzl/NeoRL2/benchmark/tune_DMSD_domain/.aim/models/ea438580f717444bb562a570/policy.pt,1713847664,,True,1,2024-04-23_12-47-44,26335.679118156433,26335.679118156433,403834,common-ddhjpyex,10.244.1.89,26335.679118156433,1,"14_horizon=1,penalty_coef=5,seed=42,uncertainty_mode=aleatoric",,[2],0.0001,/home/ubuntu/fortzl/NeoRL2/benchmark/tune_DMSD_domain,mopo,0.0001,0.2,0.0003,cuda,0.99,"[200, 200, 200, 200]",/home/ubuntu/fortzl/NeoRL2/benchmark/tune_DMSD_domain/.aim/dynamics_model/03e78aa4196440e9a85e6dc8/dynamics_model.pt,,"[2.5e-05, 5e-05, 7.5e-05, 7.5e-05, 0.0001]",DMSD-mopo,"[256, 256]",1,True,0.01,,5,3000,5,False,[6],5.0,256,False,0.05,50000.0,1000,42,0.005,1000,,low,99,DMSD,False,256,7,0.001,,True,5,aleatoric,0.2,1,5.0,aleatoric,42,"[1, 5]","[0.5, 1, 2, 5]","['aleatoric', 'disagreement']",/home/ubuntu/fortzl/NeoRL2/benchmark/tune_DMSD_domain,mopo,/home/ubuntu/fortzl/NeoRL2/benchmark/tune_DMSD_domain/.aim/dynamics_model/03e78aa4196440e9a85e6dc8/dynamics_model.pt,DMSD-mopo,42,DMSD,DMSD-mopo,mopo,DMSD,/home/ubuntu/fortzl/NeoRL2/benchmark/tune_DMSD_domain,/home/ubuntu/fortzl/NeoRL2/benchmark/tune_DMSD_domain/.aim/dynamics_model/03e78aa4196440e9a85e6dc8/dynamics_model.pt,42,discrete,"[1000000.0, 2000000.0]",discrete,"[1, 2, 5]",continuous,"[0.1, 10]",discrete,"[True, False]",discrete,"[0.05, 0.1, 0.2]"
574a2_00015,502.1544804802304,52.79741314286767,100.0,0.0,-210.70745849609375,6.277543067932129,6.53187894821167,0.07418106496334076,0.147533118724823,/home/ubuntu/fortzl/NeoRL2/benchmark/tune_DMSD_domain/.aim/models/705794902a6d4ac4bdec2b32/policy.pt,1713849938,,True,1,2024-04-23_13-25-38,27767.256006717682,27767.256006717682,404619,common-ddhjpyex,10.244.1.89,27767.256006717682,1,"15_horizon=5,penalty_coef=5,seed=42,uncertainty_mode=aleatoric",,[2],0.0001,/home/ubuntu/fortzl/NeoRL2/benchmark/tune_DMSD_domain,mopo,0.0001,0.2,0.0003,cuda,0.99,"[200, 200, 200, 200]",/home/ubuntu/fortzl/NeoRL2/benchmark/tune_DMSD_domain/.aim/dynamics_model/03e78aa4196440e9a85e6dc8/dynamics_model.pt,,"[2.5e-05, 5e-05, 7.5e-05, 7.5e-05, 0.0001]",DMSD-mopo,"[256, 256]",5,True,0.01,,5,3000,5,False,[6],5.0,256,False,0.05,50000.0,1000,42,0.005,1000,,low,99,DMSD,False,256,7,0.001,,True,5,aleatoric,0.2,5,5.0,aleatoric,42,"[1, 5]","[0.5, 1, 2, 5]","['aleatoric', 'disagreement']",/home/ubuntu/fortzl/NeoRL2/benchmark/tune_DMSD_domain,mopo,/home/ubuntu/fortzl/NeoRL2/benchmark/tune_DMSD_domain/.aim/dynamics_model/03e78aa4196440e9a85e6dc8/dynamics_model.pt,DMSD-mopo,42,DMSD,DMSD-mopo,mopo,DMSD,/home/ubuntu/fortzl/NeoRL2/benchmark/tune_DMSD_domain,/home/ubuntu/fortzl/NeoRL2/benchmark/tune_DMSD_domain/.aim/dynamics_model/03e78aa4196440e9a85e6dc8/dynamics_model.pt,42,discrete,"[1000000.0, 2000000.0]",discrete,"[1, 2, 5]",continuous,"[0.1, 10]",discrete,"[True, False]",discrete,"[0.05, 0.1, 0.2]"
574a2_00016,589.3454269869518,59.14824703181384,100.0,0.0,-483.4422302246094,1.758765459060669,1.749964952468872,0.14063645899295807,0.1843542456626892,/home/ubuntu/fortzl/NeoRL2/benchmark/tune_DMSD_domain/.aim/models/d6a1c161d8dd4935860fdce3/policy.pt,1713848778,,True,1,2024-04-23_13-06-18,26468.547771453857,26468.547771453857,405084,common-ddhjpyex,10.244.1.89,26468.547771453857,1,"16_horizon=1,penalty_coef=0.5000,seed=210,uncertainty_mode=aleatoric",,[2],0.0001,/home/ubuntu/fortzl/NeoRL2/benchmark/tune_DMSD_domain,mopo,0.0001,0.2,0.0003,cuda,0.99,"[200, 200, 200, 200]",/home/ubuntu/fortzl/NeoRL2/benchmark/tune_DMSD_domain/.aim/dynamics_model/03e78aa4196440e9a85e6dc8/dynamics_model.pt,,"[2.5e-05, 5e-05, 7.5e-05, 7.5e-05, 0.0001]",DMSD-mopo,"[256, 256]",1,True,0.01,,5,3000,5,False,[6],0.5,256,False,0.05,50000.0,1000,210,0.005,1000,,low,99,DMSD,False,256,7,0.001,,True,5,aleatoric,0.2,1,0.5,aleatoric,210,"[1, 5]","[0.5, 1, 2, 5]","['aleatoric', 'disagreement']",/home/ubuntu/fortzl/NeoRL2/benchmark/tune_DMSD_domain,mopo,/home/ubuntu/fortzl/NeoRL2/benchmark/tune_DMSD_domain/.aim/dynamics_model/03e78aa4196440e9a85e6dc8/dynamics_model.pt,DMSD-mopo,210,DMSD,DMSD-mopo,mopo,DMSD,/home/ubuntu/fortzl/NeoRL2/benchmark/tune_DMSD_domain,/home/ubuntu/fortzl/NeoRL2/benchmark/tune_DMSD_domain/.aim/dynamics_model/03e78aa4196440e9a85e6dc8/dynamics_model.pt,210,discrete,"[1000000.0, 2000000.0]",discrete,"[1, 2, 5]",continuous,"[0.1, 10]",discrete,"[True, False]",discrete,"[0.05, 0.1, 0.2]"
574a2_00017,588.7173443222158,51.33894521531629,100.0,0.0,-497.7129211425781,2.076450824737549,2.0629539489746094,0.32301265001296997,0.1366838961839676,/home/ubuntu/fortzl/NeoRL2/benchmark/tune_DMSD_domain/.aim/models/3165537b017b40a0b420a896/policy.pt,1713850922,,True,1,2024-04-23_13-42-02,27595.514315843582,27595.514315843582,406081,common-ddhjpyex,10.244.1.89,27595.514315843582,1,"17_horizon=5,penalty_coef=0.5000,seed=210,uncertainty_mode=aleatoric",,[2],0.0001,/home/ubuntu/fortzl/NeoRL2/benchmark/tune_DMSD_domain,mopo,0.0001,0.2,0.0003,cuda,0.99,"[200, 200, 200, 200]",/home/ubuntu/fortzl/NeoRL2/benchmark/tune_DMSD_domain/.aim/dynamics_model/03e78aa4196440e9a85e6dc8/dynamics_model.pt,,"[2.5e-05, 5e-05, 7.5e-05, 7.5e-05, 0.0001]",DMSD-mopo,"[256, 256]",5,True,0.01,,5,3000,5,False,[6],0.5,256,False,0.05,50000.0,1000,210,0.005,1000,,low,99,DMSD,False,256,7,0.001,,True,5,aleatoric,0.2,5,0.5,aleatoric,210,"[1, 5]","[0.5, 1, 2, 5]","['aleatoric', 'disagreement']",/home/ubuntu/fortzl/NeoRL2/benchmark/tune_DMSD_domain,mopo,/home/ubuntu/fortzl/NeoRL2/benchmark/tune_DMSD_domain/.aim/dynamics_model/03e78aa4196440e9a85e6dc8/dynamics_model.pt,DMSD-mopo,210,DMSD,DMSD-mopo,mopo,DMSD,/home/ubuntu/fortzl/NeoRL2/benchmark/tune_DMSD_domain,/home/ubuntu/fortzl/NeoRL2/benchmark/tune_DMSD_domain/.aim/dynamics_model/03e78aa4196440e9a85e6dc8/dynamics_model.pt,210,discrete,"[1000000.0, 2000000.0]",discrete,"[1, 2, 5]",continuous,"[0.1, 10]",discrete,"[True, False]",discrete,"[0.05, 0.1, 0.2]"
574a2_00018,593.9462585680485,61.90037292667717,100.0,0.0,-439.8817443847656,2.0730226039886475,2.090801477432251,0.12131527066230774,0.17870517075061798,/home/ubuntu/fortzl/NeoRL2/benchmark/tune_DMSD_domain/.aim/models/a1756acc5c22481eb2cef7f7/policy.pt,1713872729,,True,1,2024-04-23_19-45-29,26151.235325813293,26151.235325813293,432778,common-ddhjpyex,10.244.1.89,26151.235325813293,1,"18_horizon=1,penalty_coef=1,seed=210,uncertainty_mode=aleatoric",,[2],0.0001,/home/ubuntu/fortzl/NeoRL2/benchmark/tune_DMSD_domain,mopo,0.0001,0.2,0.0003,cuda,0.99,"[200, 200, 200, 200]",/home/ubuntu/fortzl/NeoRL2/benchmark/tune_DMSD_domain/.aim/dynamics_model/03e78aa4196440e9a85e6dc8/dynamics_model.pt,,"[2.5e-05, 5e-05, 7.5e-05, 7.5e-05, 0.0001]",DMSD-mopo,"[256, 256]",1,True,0.01,,5,3000,5,False,[6],1.0,256,False,0.05,50000.0,1000,210,0.005,1000,,low,99,DMSD,False,256,7,0.001,,True,5,aleatoric,0.2,1,1.0,aleatoric,210,"[1, 5]","[0.5, 1, 2, 5]","['aleatoric', 'disagreement']",/home/ubuntu/fortzl/NeoRL2/benchmark/tune_DMSD_domain,mopo,/home/ubuntu/fortzl/NeoRL2/benchmark/tune_DMSD_domain/.aim/dynamics_model/03e78aa4196440e9a85e6dc8/dynamics_model.pt,DMSD-mopo,210,DMSD,DMSD-mopo,mopo,DMSD,/home/ubuntu/fortzl/NeoRL2/benchmark/tune_DMSD_domain,/home/ubuntu/fortzl/NeoRL2/benchmark/tune_DMSD_domain/.aim/dynamics_model/03e78aa4196440e9a85e6dc8/dynamics_model.pt,210,discrete,"[1000000.0, 2000000.0]",discrete,"[1, 2, 5]",continuous,"[0.1, 10]",discrete,"[True, False]",discrete,"[0.05, 0.1, 0.2]"
574a2_00019,585.8410360245537,53.625283719385926,100.0,0.0,-454.8746643066406,2.8812429904937744,2.882422924041748,0.17772257328033447,0.12819018959999084,/home/ubuntu/fortzl/NeoRL2/benchmark/tune_DMSD_domain/.aim/models/d22d9f0ace9c4b66b7caca4d/policy.pt,1713875030,,True,1,2024-04-23_20-23-50,27361.063569784164,27361.063569784164,436691,common-ddhjpyex,10.244.1.89,27361.063569784164,1,"19_horizon=5,penalty_coef=1,seed=210,uncertainty_mode=aleatoric",,[2],0.0001,/home/ubuntu/fortzl/NeoRL2/benchmark/tune_DMSD_domain,mopo,0.0001,0.2,0.0003,cuda,0.99,"[200, 200, 200, 200]",/home/ubuntu/fortzl/NeoRL2/benchmark/tune_DMSD_domain/.aim/dynamics_model/03e78aa4196440e9a85e6dc8/dynamics_model.pt,,"[2.5e-05, 5e-05, 7.5e-05, 7.5e-05, 0.0001]",DMSD-mopo,"[256, 256]",5,True,0.01,,5,3000,5,False,[6],1.0,256,False,0.05,50000.0,1000,210,0.005,1000,,low,99,DMSD,False,256,7,0.001,,True,5,aleatoric,0.2,5,1.0,aleatoric,210,"[1, 5]","[0.5, 1, 2, 5]","['aleatoric', 'disagreement']",/home/ubuntu/fortzl/NeoRL2/benchmark/tune_DMSD_domain,mopo,/home/ubuntu/fortzl/NeoRL2/benchmark/tune_DMSD_domain/.aim/dynamics_model/03e78aa4196440e9a85e6dc8/dynamics_model.pt,DMSD-mopo,210,DMSD,DMSD-mopo,mopo,DMSD,/home/ubuntu/fortzl/NeoRL2/benchmark/tune_DMSD_domain,/home/ubuntu/fortzl/NeoRL2/benchmark/tune_DMSD_domain/.aim/dynamics_model/03e78aa4196440e9a85e6dc8/dynamics_model.pt,210,discrete,"[1000000.0, 2000000.0]",discrete,"[1, 2, 5]",continuous,"[0.1, 10]",discrete,"[True, False]",discrete,"[0.05, 0.1, 0.2]"
574a2_00020,567.535335662554,53.50623512414131,100.0,0.0,-359.8790588378906,3.108069896697998,3.021047353744507,0.18803919851779938,0.17621956765651703,/home/ubuntu/fortzl/NeoRL2/benchmark/tune_DMSD_domain/.aim/models/b0dde5e570854810aee08ada/policy.pt,1713875002,,True,1,2024-04-23_20-23-22,26219.400812387466,26219.400812387466,440681,common-ddhjpyex,10.244.1.89,26219.400812387466,1,"20_horizon=1,penalty_coef=2,seed=210,uncertainty_mode=aleatoric",,[2],0.0001,/home/ubuntu/fortzl/NeoRL2/benchmark/tune_DMSD_domain,mopo,0.0001,0.2,0.0003,cuda,0.99,"[200, 200, 200, 200]",/home/ubuntu/fortzl/NeoRL2/benchmark/tune_DMSD_domain/.aim/dynamics_model/03e78aa4196440e9a85e6dc8/dynamics_model.pt,,"[2.5e-05, 5e-05, 7.5e-05, 7.5e-05, 0.0001]",DMSD-mopo,"[256, 256]",1,True,0.01,,5,3000,5,False,[6],2.0,256,False,0.05,50000.0,1000,210,0.005,1000,,low,99,DMSD,False,256,7,0.001,,True,5,aleatoric,0.2,1,2.0,aleatoric,210,"[1, 5]","[0.5, 1, 2, 5]","['aleatoric', 'disagreement']",/home/ubuntu/fortzl/NeoRL2/benchmark/tune_DMSD_domain,mopo,/home/ubuntu/fortzl/NeoRL2/benchmark/tune_DMSD_domain/.aim/dynamics_model/03e78aa4196440e9a85e6dc8/dynamics_model.pt,DMSD-mopo,210,DMSD,DMSD-mopo,mopo,DMSD,/home/ubuntu/fortzl/NeoRL2/benchmark/tune_DMSD_domain,/home/ubuntu/fortzl/NeoRL2/benchmark/tune_DMSD_domain/.aim/dynamics_model/03e78aa4196440e9a85e6dc8/dynamics_model.pt,210,discrete,"[1000000.0, 2000000.0]",discrete,"[1, 2, 5]",continuous,"[0.1, 10]",discrete,"[True, False]",discrete,"[0.05, 0.1, 0.2]"
574a2_00021,556.1431299397806,62.55492658952883,100.0,0.0,-378.60797119140625,2.7014224529266357,2.743288278579712,0.1641160547733307,0.13556233048439026,/home/ubuntu/fortzl/NeoRL2/benchmark/tune_DMSD_domain/.aim/models/1e3a6764a9514bed913bd4c6/policy.pt,1713876808,,True,1,2024-04-23_20-53-28,27763.379787921906,27763.379787921906,442115,common-ddhjpyex,10.244.1.89,27763.379787921906,1,"21_horizon=5,penalty_coef=2,seed=210,uncertainty_mode=aleatoric",,[2],0.0001,/home/ubuntu/fortzl/NeoRL2/benchmark/tune_DMSD_domain,mopo,0.0001,0.2,0.0003,cuda,0.99,"[200, 200, 200, 200]",/home/ubuntu/fortzl/NeoRL2/benchmark/tune_DMSD_domain/.aim/dynamics_model/03e78aa4196440e9a85e6dc8/dynamics_model.pt,,"[2.5e-05, 5e-05, 7.5e-05, 7.5e-05, 0.0001]",DMSD-mopo,"[256, 256]",5,True,0.01,,5,3000,5,False,[6],2.0,256,False,0.05,50000.0,1000,210,0.005,1000,,low,99,DMSD,False,256,7,0.001,,True,5,aleatoric,0.2,5,2.0,aleatoric,210,"[1, 5]","[0.5, 1, 2, 5]","['aleatoric', 'disagreement']",/home/ubuntu/fortzl/NeoRL2/benchmark/tune_DMSD_domain,mopo,/home/ubuntu/fortzl/NeoRL2/benchmark/tune_DMSD_domain/.aim/dynamics_model/03e78aa4196440e9a85e6dc8/dynamics_model.pt,DMSD-mopo,210,DMSD,DMSD-mopo,mopo,DMSD,/home/ubuntu/fortzl/NeoRL2/benchmark/tune_DMSD_domain,/home/ubuntu/fortzl/NeoRL2/benchmark/tune_DMSD_domain/.aim/dynamics_model/03e78aa4196440e9a85e6dc8/dynamics_model.pt,210,discrete,"[1000000.0, 2000000.0]",discrete,"[1, 2, 5]",continuous,"[0.1, 10]",discrete,"[True, False]",discrete,"[0.05, 0.1, 0.2]"
574a2_00022,503.7742758966871,50.096928132451424,100.0,0.0,-179.2668914794922,9.060600280761719,9.058785438537598,0.006470091640949249,0.1852983832359314,/home/ubuntu/fortzl/NeoRL2/benchmark/tune_DMSD_domain/.aim/models/7ab32974a06b41b6b824073b/policy.pt,1713876539,,True,1,2024-04-23_20-48-59,26596.739277362823,26596.739277362823,445392,common-ddhjpyex,10.244.1.89,26596.739277362823,1,"22_horizon=1,penalty_coef=5,seed=210,uncertainty_mode=aleatoric",,[2],0.0001,/home/ubuntu/fortzl/NeoRL2/benchmark/tune_DMSD_domain,mopo,0.0001,0.2,0.0003,cuda,0.99,"[200, 200, 200, 200]",/home/ubuntu/fortzl/NeoRL2/benchmark/tune_DMSD_domain/.aim/dynamics_model/03e78aa4196440e9a85e6dc8/dynamics_model.pt,,"[2.5e-05, 5e-05, 7.5e-05, 7.5e-05, 0.0001]",DMSD-mopo,"[256, 256]",1,True,0.01,,5,3000,5,False,[6],5.0,256,False,0.05,50000.0,1000,210,0.005,1000,,low,99,DMSD,False,256,7,0.001,,True,5,aleatoric,0.2,1,5.0,aleatoric,210,"[1, 5]","[0.5, 1, 2, 5]","['aleatoric', 'disagreement']",/home/ubuntu/fortzl/NeoRL2/benchmark/tune_DMSD_domain,mopo,/home/ubuntu/fortzl/NeoRL2/benchmark/tune_DMSD_domain/.aim/dynamics_model/03e78aa4196440e9a85e6dc8/dynamics_model.pt,DMSD-mopo,210,DMSD,DMSD-mopo,mopo,DMSD,/home/ubuntu/fortzl/NeoRL2/benchmark/tune_DMSD_domain,/home/ubuntu/fortzl/NeoRL2/benchmark/tune_DMSD_domain/.aim/dynamics_model/03e78aa4196440e9a85e6dc8/dynamics_model.pt,210,discrete,"[1000000.0, 2000000.0]",discrete,"[1, 2, 5]",continuous,"[0.1, 10]",discrete,"[True, False]",discrete,"[0.05, 0.1, 0.2]"
574a2_00023,504.1224383092523,53.851149102606236,100.0,0.0,-208.92494201660156,5.972929000854492,6.094389915466309,0.0424160361289978,0.16312022507190704,/home/ubuntu/fortzl/NeoRL2/benchmark/tune_DMSD_domain/.aim/models/a914f84fabae474193ff763f/policy.pt,1713878343,,True,1,2024-04-23_21-19-03,27417.7333176136,27417.7333176136,449332,common-ddhjpyex,10.244.1.89,27417.7333176136,1,"23_horizon=5,penalty_coef=5,seed=210,uncertainty_mode=aleatoric",,[2],0.0001,/home/ubuntu/fortzl/NeoRL2/benchmark/tune_DMSD_domain,mopo,0.0001,0.2,0.0003,cuda,0.99,"[200, 200, 200, 200]",/home/ubuntu/fortzl/NeoRL2/benchmark/tune_DMSD_domain/.aim/dynamics_model/03e78aa4196440e9a85e6dc8/dynamics_model.pt,,"[2.5e-05, 5e-05, 7.5e-05, 7.5e-05, 0.0001]",DMSD-mopo,"[256, 256]",5,True,0.01,,5,3000,5,False,[6],5.0,256,False,0.05,50000.0,1000,210,0.005,1000,,low,99,DMSD,False,256,7,0.001,,True,5,aleatoric,0.2,5,5.0,aleatoric,210,"[1, 5]","[0.5, 1, 2, 5]","['aleatoric', 'disagreement']",/home/ubuntu/fortzl/NeoRL2/benchmark/tune_DMSD_domain,mopo,/home/ubuntu/fortzl/NeoRL2/benchmark/tune_DMSD_domain/.aim/dynamics_model/03e78aa4196440e9a85e6dc8/dynamics_model.pt,DMSD-mopo,210,DMSD,DMSD-mopo,mopo,DMSD,/home/ubuntu/fortzl/NeoRL2/benchmark/tune_DMSD_domain,/home/ubuntu/fortzl/NeoRL2/benchmark/tune_DMSD_domain/.aim/dynamics_model/03e78aa4196440e9a85e6dc8/dynamics_model.pt,210,discrete,"[1000000.0, 2000000.0]",discrete,"[1, 2, 5]",continuous,"[0.1, 10]",discrete,"[True, False]",discrete,"[0.05, 0.1, 0.2]"
574a2_00024,581.6853235729197,47.71757931912248,100.0,0.0,-528.2393188476562,1.5057090520858765,1.5326265096664429,0.04086074233055115,0.204183891415596,/home/ubuntu/fortzl/NeoRL2/benchmark/tune_DMSD_domain/.aim/models/5c0a99d7ed14416681ef85ef/policy.pt,1713899050,,True,1,2024-04-24_03-04-10,26316.538179159164,26316.538179159164,508188,common-ddhjpyex,10.244.1.89,26316.538179159164,1,"24_horizon=1,penalty_coef=0.5000,seed=7,uncertainty_mode=disagreement",,[2],0.0001,/home/ubuntu/fortzl/NeoRL2/benchmark/tune_DMSD_domain,mopo,0.0001,0.2,0.0003,cuda,0.99,"[200, 200, 200, 200]",/home/ubuntu/fortzl/NeoRL2/benchmark/tune_DMSD_domain/.aim/dynamics_model/03e78aa4196440e9a85e6dc8/dynamics_model.pt,,"[2.5e-05, 5e-05, 7.5e-05, 7.5e-05, 0.0001]",DMSD-mopo,"[256, 256]",1,True,0.01,,5,3000,5,False,[6],0.5,256,False,0.05,50000.0,1000,7,0.005,1000,,low,99,DMSD,False,256,7,0.001,,True,5,disagreement,0.2,1,0.5,disagreement,7,"[1, 5]","[0.5, 1, 2, 5]","['aleatoric', 'disagreement']",/home/ubuntu/fortzl/NeoRL2/benchmark/tune_DMSD_domain,mopo,/home/ubuntu/fortzl/NeoRL2/benchmark/tune_DMSD_domain/.aim/dynamics_model/03e78aa4196440e9a85e6dc8/dynamics_model.pt,DMSD-mopo,7,DMSD,DMSD-mopo,mopo,DMSD,/home/ubuntu/fortzl/NeoRL2/benchmark/tune_DMSD_domain,/home/ubuntu/fortzl/NeoRL2/benchmark/tune_DMSD_domain/.aim/dynamics_model/03e78aa4196440e9a85e6dc8/dynamics_model.pt,7,discrete,"[1000000.0, 2000000.0]",discrete,"[1, 2, 5]",continuous,"[0.1, 10]",discrete,"[True, False]",discrete,"[0.05, 0.1, 0.2]"
574a2_00025,567.7473771977145,47.14410219434675,100.0,0.0,-541.7777709960938,2.4633028507232666,2.438384532928467,0.10970883816480637,0.16172979772090912,/home/ubuntu/fortzl/NeoRL2/benchmark/tune_DMSD_domain/.aim/models/341cfd3dc2364d7db1a1a014/policy.pt,1713902113,,True,1,2024-04-24_03-55-13,27107.333761692047,27107.333761692047,510145,common-ddhjpyex,10.244.1.89,27107.333761692047,1,"25_horizon=5,penalty_coef=0.5000,seed=7,uncertainty_mode=disagreement",,[2],0.0001,/home/ubuntu/fortzl/NeoRL2/benchmark/tune_DMSD_domain,mopo,0.0001,0.2,0.0003,cuda,0.99,"[200, 200, 200, 200]",/home/ubuntu/fortzl/NeoRL2/benchmark/tune_DMSD_domain/.aim/dynamics_model/03e78aa4196440e9a85e6dc8/dynamics_model.pt,,"[2.5e-05, 5e-05, 7.5e-05, 7.5e-05, 0.0001]",DMSD-mopo,"[256, 256]",5,True,0.01,,5,3000,5,False,[6],0.5,256,False,0.05,50000.0,1000,7,0.005,1000,,low,99,DMSD,False,256,7,0.001,,True,5,disagreement,0.2,5,0.5,disagreement,7,"[1, 5]","[0.5, 1, 2, 5]","['aleatoric', 'disagreement']",/home/ubuntu/fortzl/NeoRL2/benchmark/tune_DMSD_domain,mopo,/home/ubuntu/fortzl/NeoRL2/benchmark/tune_DMSD_domain/.aim/dynamics_model/03e78aa4196440e9a85e6dc8/dynamics_model.pt,DMSD-mopo,7,DMSD,DMSD-mopo,mopo,DMSD,/home/ubuntu/fortzl/NeoRL2/benchmark/tune_DMSD_domain,/home/ubuntu/fortzl/NeoRL2/benchmark/tune_DMSD_domain/.aim/dynamics_model/03e78aa4196440e9a85e6dc8/dynamics_model.pt,7,discrete,"[1000000.0, 2000000.0]",discrete,"[1, 2, 5]",continuous,"[0.1, 10]",discrete,"[True, False]",discrete,"[0.05, 0.1, 0.2]"
574a2_00026,581.1250018803263,48.18116450628694,100.0,0.0,-528.2393188476562,1.5057090520858765,1.5326265096664429,0.04086074233055115,0.204183891415596,/home/ubuntu/fortzl/NeoRL2/benchmark/tune_DMSD_domain/.aim/models/d0a22795592544638a0d7cf5/policy.pt,1713901106,,True,1,2024-04-24_03-38-26,26072.295538902283,26072.295538902283,510499,common-ddhjpyex,10.244.1.89,26072.295538902283,1,"26_horizon=1,penalty_coef=1,seed=7,uncertainty_mode=disagreement",,[2],0.0001,/home/ubuntu/fortzl/NeoRL2/benchmark/tune_DMSD_domain,mopo,0.0001,0.2,0.0003,cuda,0.99,"[200, 200, 200, 200]",/home/ubuntu/fortzl/NeoRL2/benchmark/tune_DMSD_domain/.aim/dynamics_model/03e78aa4196440e9a85e6dc8/dynamics_model.pt,,"[2.5e-05, 5e-05, 7.5e-05, 7.5e-05, 0.0001]",DMSD-mopo,"[256, 256]",1,True,0.01,,5,3000,5,False,[6],1.0,256,False,0.05,50000.0,1000,7,0.005,1000,,low,99,DMSD,False,256,7,0.001,,True,5,disagreement,0.2,1,1.0,disagreement,7,"[1, 5]","[0.5, 1, 2, 5]","['aleatoric', 'disagreement']",/home/ubuntu/fortzl/NeoRL2/benchmark/tune_DMSD_domain,mopo,/home/ubuntu/fortzl/NeoRL2/benchmark/tune_DMSD_domain/.aim/dynamics_model/03e78aa4196440e9a85e6dc8/dynamics_model.pt,DMSD-mopo,7,DMSD,DMSD-mopo,mopo,DMSD,/home/ubuntu/fortzl/NeoRL2/benchmark/tune_DMSD_domain,/home/ubuntu/fortzl/NeoRL2/benchmark/tune_DMSD_domain/.aim/dynamics_model/03e78aa4196440e9a85e6dc8/dynamics_model.pt,7,discrete,"[1000000.0, 2000000.0]",discrete,"[1, 2, 5]",continuous,"[0.1, 10]",discrete,"[True, False]",discrete,"[0.05, 0.1, 0.2]"
574a2_00027,570.6863179138201,46.284583368192955,100.0,0.0,-541.7777709960938,2.4633028507232666,2.438384532928467,0.10970883816480637,0.16172979772090912,/home/ubuntu/fortzl/NeoRL2/benchmark/tune_DMSD_domain/.aim/models/2ca2f297c8784804879f39c3/policy.pt,1713904175,,True,1,2024-04-24_04-29-35,27632.060120105743,27632.060120105743,511717,common-ddhjpyex,10.244.1.89,27632.060120105743,1,"27_horizon=5,penalty_coef=1,seed=7,uncertainty_mode=disagreement",,[2],0.0001,/home/ubuntu/fortzl/NeoRL2/benchmark/tune_DMSD_domain,mopo,0.0001,0.2,0.0003,cuda,0.99,"[200, 200, 200, 200]",/home/ubuntu/fortzl/NeoRL2/benchmark/tune_DMSD_domain/.aim/dynamics_model/03e78aa4196440e9a85e6dc8/dynamics_model.pt,,"[2.5e-05, 5e-05, 7.5e-05, 7.5e-05, 0.0001]",DMSD-mopo,"[256, 256]",5,True,0.01,,5,3000,5,False,[6],1.0,256,False,0.05,50000.0,1000,7,0.005,1000,,low,99,DMSD,False,256,7,0.001,,True,5,disagreement,0.2,5,1.0,disagreement,7,"[1, 5]","[0.5, 1, 2, 5]","['aleatoric', 'disagreement']",/home/ubuntu/fortzl/NeoRL2/benchmark/tune_DMSD_domain,mopo,/home/ubuntu/fortzl/NeoRL2/benchmark/tune_DMSD_domain/.aim/dynamics_model/03e78aa4196440e9a85e6dc8/dynamics_model.pt,DMSD-mopo,7,DMSD,DMSD-mopo,mopo,DMSD,/home/ubuntu/fortzl/NeoRL2/benchmark/tune_DMSD_domain,/home/ubuntu/fortzl/NeoRL2/benchmark/tune_DMSD_domain/.aim/dynamics_model/03e78aa4196440e9a85e6dc8/dynamics_model.pt,7,discrete,"[1000000.0, 2000000.0]",discrete,"[1, 2, 5]",continuous,"[0.1, 10]",discrete,"[True, False]",discrete,"[0.05, 0.1, 0.2]"
574a2_00028,579.5152278329017,47.1041103225659,100.0,0.0,-528.2393188476562,1.5057090520858765,1.5326265096664429,0.04086074233055115,0.204183891415596,/home/ubuntu/fortzl/NeoRL2/benchmark/tune_DMSD_domain/.aim/models/7d8fd716309549aaa042d0eb/policy.pt,1713903326,,True,1,2024-04-24_04-15-26,26513.97313284874,26513.97313284874,512283,common-ddhjpyex,10.244.1.89,26513.97313284874,1,"28_horizon=1,penalty_coef=2,seed=7,uncertainty_mode=disagreement",,[2],0.0001,/home/ubuntu/fortzl/NeoRL2/benchmark/tune_DMSD_domain,mopo,0.0001,0.2,0.0003,cuda,0.99,"[200, 200, 200, 200]",/home/ubuntu/fortzl/NeoRL2/benchmark/tune_DMSD_domain/.aim/dynamics_model/03e78aa4196440e9a85e6dc8/dynamics_model.pt,,"[2.5e-05, 5e-05, 7.5e-05, 7.5e-05, 0.0001]",DMSD-mopo,"[256, 256]",1,True,0.01,,5,3000,5,False,[6],2.0,256,False,0.05,50000.0,1000,7,0.005,1000,,low,99,DMSD,False,256,7,0.001,,True,5,disagreement,0.2,1,2.0,disagreement,7,"[1, 5]","[0.5, 1, 2, 5]","['aleatoric', 'disagreement']",/home/ubuntu/fortzl/NeoRL2/benchmark/tune_DMSD_domain,mopo,/home/ubuntu/fortzl/NeoRL2/benchmark/tune_DMSD_domain/.aim/dynamics_model/03e78aa4196440e9a85e6dc8/dynamics_model.pt,DMSD-mopo,7,DMSD,DMSD-mopo,mopo,DMSD,/home/ubuntu/fortzl/NeoRL2/benchmark/tune_DMSD_domain,/home/ubuntu/fortzl/NeoRL2/benchmark/tune_DMSD_domain/.aim/dynamics_model/03e78aa4196440e9a85e6dc8/dynamics_model.pt,7,discrete,"[1000000.0, 2000000.0]",discrete,"[1, 2, 5]",continuous,"[0.1, 10]",discrete,"[True, False]",discrete,"[0.05, 0.1, 0.2]"
574a2_00029,571.4444503164264,46.88827980259986,100.0,0.0,-541.7777709960938,2.4633028507232666,2.438384532928467,0.10970883816480637,0.16172979772090912,/home/ubuntu/fortzl/NeoRL2/benchmark/tune_DMSD_domain/.aim/models/d72459d9d08d4554be317c2a/policy.pt,1713905789,,True,1,2024-04-24_04-56-29,27440.98433995247,27440.98433995247,513459,common-ddhjpyex,10.244.1.89,27440.98433995247,1,"29_horizon=5,penalty_coef=2,seed=7,uncertainty_mode=disagreement",,[2],0.0001,/home/ubuntu/fortzl/NeoRL2/benchmark/tune_DMSD_domain,mopo,0.0001,0.2,0.0003,cuda,0.99,"[200, 200, 200, 200]",/home/ubuntu/fortzl/NeoRL2/benchmark/tune_DMSD_domain/.aim/dynamics_model/03e78aa4196440e9a85e6dc8/dynamics_model.pt,,"[2.5e-05, 5e-05, 7.5e-05, 7.5e-05, 0.0001]",DMSD-mopo,"[256, 256]",5,True,0.01,,5,3000,5,False,[6],2.0,256,False,0.05,50000.0,1000,7,0.005,1000,,low,99,DMSD,False,256,7,0.001,,True,5,disagreement,0.2,5,2.0,disagreement,7,"[1, 5]","[0.5, 1, 2, 5]","['aleatoric', 'disagreement']",/home/ubuntu/fortzl/NeoRL2/benchmark/tune_DMSD_domain,mopo,/home/ubuntu/fortzl/NeoRL2/benchmark/tune_DMSD_domain/.aim/dynamics_model/03e78aa4196440e9a85e6dc8/dynamics_model.pt,DMSD-mopo,7,DMSD,DMSD-mopo,mopo,DMSD,/home/ubuntu/fortzl/NeoRL2/benchmark/tune_DMSD_domain,/home/ubuntu/fortzl/NeoRL2/benchmark/tune_DMSD_domain/.aim/dynamics_model/03e78aa4196440e9a85e6dc8/dynamics_model.pt,7,discrete,"[1000000.0, 2000000.0]",discrete,"[1, 2, 5]",continuous,"[0.1, 10]",discrete,"[True, False]",discrete,"[0.05, 0.1, 0.2]"
574a2_00030,579.3151030339783,46.46835613241193,100.0,0.0,-528.2393188476562,1.5057090520858765,1.5326265096664429,0.04086074233055115,0.204183891415596,/home/ubuntu/fortzl/NeoRL2/benchmark/tune_DMSD_domain/.aim/models/777933632ade429295ba069a/policy.pt,1713925242,,True,1,2024-04-24_10-20-42,26188.280349969864,26188.280349969864,528554,common-ddhjpyex,10.244.1.89,26188.280349969864,1,"30_horizon=1,penalty_coef=5,seed=7,uncertainty_mode=disagreement",,[2],0.0001,/home/ubuntu/fortzl/NeoRL2/benchmark/tune_DMSD_domain,mopo,0.0001,0.2,0.0003,cuda,0.99,"[200, 200, 200, 200]",/home/ubuntu/fortzl/NeoRL2/benchmark/tune_DMSD_domain/.aim/dynamics_model/03e78aa4196440e9a85e6dc8/dynamics_model.pt,,"[2.5e-05, 5e-05, 7.5e-05, 7.5e-05, 0.0001]",DMSD-mopo,"[256, 256]",1,True,0.01,,5,3000,5,False,[6],5.0,256,False,0.05,50000.0,1000,7,0.005,1000,,low,99,DMSD,False,256,7,0.001,,True,5,disagreement,0.2,1,5.0,disagreement,7,"[1, 5]","[0.5, 1, 2, 5]","['aleatoric', 'disagreement']",/home/ubuntu/fortzl/NeoRL2/benchmark/tune_DMSD_domain,mopo,/home/ubuntu/fortzl/NeoRL2/benchmark/tune_DMSD_domain/.aim/dynamics_model/03e78aa4196440e9a85e6dc8/dynamics_model.pt,DMSD-mopo,7,DMSD,DMSD-mopo,mopo,DMSD,/home/ubuntu/fortzl/NeoRL2/benchmark/tune_DMSD_domain,/home/ubuntu/fortzl/NeoRL2/benchmark/tune_DMSD_domain/.aim/dynamics_model/03e78aa4196440e9a85e6dc8/dynamics_model.pt,7,discrete,"[1000000.0, 2000000.0]",discrete,"[1, 2, 5]",continuous,"[0.1, 10]",discrete,"[True, False]",discrete,"[0.05, 0.1, 0.2]"
574a2_00031,571.412831379001,49.90466238906214,100.0,0.0,-541.7777709960938,2.4633028507232666,2.438384532928467,0.10970883816480637,0.16172979772090912,/home/ubuntu/fortzl/NeoRL2/benchmark/tune_DMSD_domain/.aim/models/3c1d265513054e1098409513/policy.pt,1713928211,,True,1,2024-04-24_11-10-11,27100.601185560226,27100.601185560226,530191,common-ddhjpyex,10.244.1.89,27100.601185560226,1,"31_horizon=5,penalty_coef=5,seed=7,uncertainty_mode=disagreement",,[2],0.0001,/home/ubuntu/fortzl/NeoRL2/benchmark/tune_DMSD_domain,mopo,0.0001,0.2,0.0003,cuda,0.99,"[200, 200, 200, 200]",/home/ubuntu/fortzl/NeoRL2/benchmark/tune_DMSD_domain/.aim/dynamics_model/03e78aa4196440e9a85e6dc8/dynamics_model.pt,,"[2.5e-05, 5e-05, 7.5e-05, 7.5e-05, 0.0001]",DMSD-mopo,"[256, 256]",5,True,0.01,,5,3000,5,False,[6],5.0,256,False,0.05,50000.0,1000,7,0.005,1000,,low,99,DMSD,False,256,7,0.001,,True,5,disagreement,0.2,5,5.0,disagreement,7,"[1, 5]","[0.5, 1, 2, 5]","['aleatoric', 'disagreement']",/home/ubuntu/fortzl/NeoRL2/benchmark/tune_DMSD_domain,mopo,/home/ubuntu/fortzl/NeoRL2/benchmark/tune_DMSD_domain/.aim/dynamics_model/03e78aa4196440e9a85e6dc8/dynamics_model.pt,DMSD-mopo,7,DMSD,DMSD-mopo,mopo,DMSD,/home/ubuntu/fortzl/NeoRL2/benchmark/tune_DMSD_domain,/home/ubuntu/fortzl/NeoRL2/benchmark/tune_DMSD_domain/.aim/dynamics_model/03e78aa4196440e9a85e6dc8/dynamics_model.pt,7,discrete,"[1000000.0, 2000000.0]",discrete,"[1, 2, 5]",continuous,"[0.1, 10]",discrete,"[True, False]",discrete,"[0.05, 0.1, 0.2]"
574a2_00032,589.8009615660994,49.66816901623809,100.0,0.0,-527.789306640625,1.230912685394287,1.245377540588379,0.13372531533241272,0.20229153335094452,/home/ubuntu/fortzl/NeoRL2/benchmark/tune_DMSD_domain/.aim/models/07e842932f6146bf8f45f993/policy.pt,1713928148,,True,1,2024-04-24_11-09-08,26031.076768159866,26031.076768159866,531291,common-ddhjpyex,10.244.1.89,26031.076768159866,1,"32_horizon=1,penalty_coef=0.5000,seed=42,uncertainty_mode=disagreement",,[2],0.0001,/home/ubuntu/fortzl/NeoRL2/benchmark/tune_DMSD_domain,mopo,0.0001,0.2,0.0003,cuda,0.99,"[200, 200, 200, 200]",/home/ubuntu/fortzl/NeoRL2/benchmark/tune_DMSD_domain/.aim/dynamics_model/03e78aa4196440e9a85e6dc8/dynamics_model.pt,,"[2.5e-05, 5e-05, 7.5e-05, 7.5e-05, 0.0001]",DMSD-mopo,"[256, 256]",1,True,0.01,,5,3000,5,False,[6],0.5,256,False,0.05,50000.0,1000,42,0.005,1000,,low,99,DMSD,False,256,7,0.001,,True,5,disagreement,0.2,1,0.5,disagreement,42,"[1, 5]","[0.5, 1, 2, 5]","['aleatoric', 'disagreement']",/home/ubuntu/fortzl/NeoRL2/benchmark/tune_DMSD_domain,mopo,/home/ubuntu/fortzl/NeoRL2/benchmark/tune_DMSD_domain/.aim/dynamics_model/03e78aa4196440e9a85e6dc8/dynamics_model.pt,DMSD-mopo,42,DMSD,DMSD-mopo,mopo,DMSD,/home/ubuntu/fortzl/NeoRL2/benchmark/tune_DMSD_domain,/home/ubuntu/fortzl/NeoRL2/benchmark/tune_DMSD_domain/.aim/dynamics_model/03e78aa4196440e9a85e6dc8/dynamics_model.pt,42,discrete,"[1000000.0, 2000000.0]",discrete,"[1, 2, 5]",continuous,"[0.1, 10]",discrete,"[True, False]",discrete,"[0.05, 0.1, 0.2]"
574a2_00033,569.8069709879644,47.992231722149164,100.0,0.0,-542.2711791992188,2.041748285293579,1.9613600969314575,0.1897108405828476,0.16537462174892426,/home/ubuntu/fortzl/NeoRL2/benchmark/tune_DMSD_domain/.aim/models/c8e9c55047c24bf6922b9fb2/policy.pt,1713930921,,True,1,2024-04-24_11-55-21,27590.717614889145,27590.717614889145,532462,common-ddhjpyex,10.244.1.89,27590.717614889145,1,"33_horizon=5,penalty_coef=0.5000,seed=42,uncertainty_mode=disagreement",,[2],0.0001,/home/ubuntu/fortzl/NeoRL2/benchmark/tune_DMSD_domain,mopo,0.0001,0.2,0.0003,cuda,0.99,"[200, 200, 200, 200]",/home/ubuntu/fortzl/NeoRL2/benchmark/tune_DMSD_domain/.aim/dynamics_model/03e78aa4196440e9a85e6dc8/dynamics_model.pt,,"[2.5e-05, 5e-05, 7.5e-05, 7.5e-05, 0.0001]",DMSD-mopo,"[256, 256]",5,True,0.01,,5,3000,5,False,[6],0.5,256,False,0.05,50000.0,1000,42,0.005,1000,,low,99,DMSD,False,256,7,0.001,,True,5,disagreement,0.2,5,0.5,disagreement,42,"[1, 5]","[0.5, 1, 2, 5]","['aleatoric', 'disagreement']",/home/ubuntu/fortzl/NeoRL2/benchmark/tune_DMSD_domain,mopo,/home/ubuntu/fortzl/NeoRL2/benchmark/tune_DMSD_domain/.aim/dynamics_model/03e78aa4196440e9a85e6dc8/dynamics_model.pt,DMSD-mopo,42,DMSD,DMSD-mopo,mopo,DMSD,/home/ubuntu/fortzl/NeoRL2/benchmark/tune_DMSD_domain,/home/ubuntu/fortzl/NeoRL2/benchmark/tune_DMSD_domain/.aim/dynamics_model/03e78aa4196440e9a85e6dc8/dynamics_model.pt,42,discrete,"[1000000.0, 2000000.0]",discrete,"[1, 2, 5]",continuous,"[0.1, 10]",discrete,"[True, False]",discrete,"[0.05, 0.1, 0.2]"
574a2_00034,589.4041306799483,49.84660696950345,100.0,0.0,-527.789306640625,1.230912685394287,1.245377540588379,0.13372531533241272,0.20229153335094452,/home/ubuntu/fortzl/NeoRL2/benchmark/tune_DMSD_domain/.aim/models/f870a495485e4f139eb0c34f/policy.pt,1713930777,,True,1,2024-04-24_11-52-57,26597.66342973709,26597.66342973709,533178,common-ddhjpyex,10.244.1.89,26597.66342973709,1,"34_horizon=1,penalty_coef=1,seed=42,uncertainty_mode=disagreement",,[2],0.0001,/home/ubuntu/fortzl/NeoRL2/benchmark/tune_DMSD_domain,mopo,0.0001,0.2,0.0003,cuda,0.99,"[200, 200, 200, 200]",/home/ubuntu/fortzl/NeoRL2/benchmark/tune_DMSD_domain/.aim/dynamics_model/03e78aa4196440e9a85e6dc8/dynamics_model.pt,,"[2.5e-05, 5e-05, 7.5e-05, 7.5e-05, 0.0001]",DMSD-mopo,"[256, 256]",1,True,0.01,,5,3000,5,False,[6],1.0,256,False,0.05,50000.0,1000,42,0.005,1000,,low,99,DMSD,False,256,7,0.001,,True,5,disagreement,0.2,1,1.0,disagreement,42,"[1, 5]","[0.5, 1, 2, 5]","['aleatoric', 'disagreement']",/home/ubuntu/fortzl/NeoRL2/benchmark/tune_DMSD_domain,mopo,/home/ubuntu/fortzl/NeoRL2/benchmark/tune_DMSD_domain/.aim/dynamics_model/03e78aa4196440e9a85e6dc8/dynamics_model.pt,DMSD-mopo,42,DMSD,DMSD-mopo,mopo,DMSD,/home/ubuntu/fortzl/NeoRL2/benchmark/tune_DMSD_domain,/home/ubuntu/fortzl/NeoRL2/benchmark/tune_DMSD_domain/.aim/dynamics_model/03e78aa4196440e9a85e6dc8/dynamics_model.pt,42,discrete,"[1000000.0, 2000000.0]",discrete,"[1, 2, 5]",continuous,"[0.1, 10]",discrete,"[True, False]",discrete,"[0.05, 0.1, 0.2]"
574a2_00035,573.9520429650747,49.33388215761463,100.0,0.0,-542.2711791992188,2.041748285293579,1.9613600969314575,0.1897108405828476,0.16537462174892426,/home/ubuntu/fortzl/NeoRL2/benchmark/tune_DMSD_domain/.aim/models/e846c55d08be40f7a6f66fc1/policy.pt,1713933421,,True,1,2024-04-24_12-37-01,27628.850394248962,27628.850394248962,534601,common-ddhjpyex,10.244.1.89,27628.850394248962,1,"35_horizon=5,penalty_coef=1,seed=42,uncertainty_mode=disagreement",,[2],0.0001,/home/ubuntu/fortzl/NeoRL2/benchmark/tune_DMSD_domain,mopo,0.0001,0.2,0.0003,cuda,0.99,"[200, 200, 200, 200]",/home/ubuntu/fortzl/NeoRL2/benchmark/tune_DMSD_domain/.aim/dynamics_model/03e78aa4196440e9a85e6dc8/dynamics_model.pt,,"[2.5e-05, 5e-05, 7.5e-05, 7.5e-05, 0.0001]",DMSD-mopo,"[256, 256]",5,True,0.01,,5,3000,5,False,[6],1.0,256,False,0.05,50000.0,1000,42,0.005,1000,,low,99,DMSD,False,256,7,0.001,,True,5,disagreement,0.2,5,1.0,disagreement,42,"[1, 5]","[0.5, 1, 2, 5]","['aleatoric', 'disagreement']",/home/ubuntu/fortzl/NeoRL2/benchmark/tune_DMSD_domain,mopo,/home/ubuntu/fortzl/NeoRL2/benchmark/tune_DMSD_domain/.aim/dynamics_model/03e78aa4196440e9a85e6dc8/dynamics_model.pt,DMSD-mopo,42,DMSD,DMSD-mopo,mopo,DMSD,/home/ubuntu/fortzl/NeoRL2/benchmark/tune_DMSD_domain,/home/ubuntu/fortzl/NeoRL2/benchmark/tune_DMSD_domain/.aim/dynamics_model/03e78aa4196440e9a85e6dc8/dynamics_model.pt,42,discrete,"[1000000.0, 2000000.0]",discrete,"[1, 2, 5]",continuous,"[0.1, 10]",discrete,"[True, False]",discrete,"[0.05, 0.1, 0.2]"
574a2_00036,586.5134721000995,51.049418584818646,100.0,0.0,-527.789306640625,1.230912685394287,1.245377540588379,0.13372531533241272,0.20229153335094452,/home/ubuntu/fortzl/NeoRL2/benchmark/tune_DMSD_domain/.aim/models/896fd61e832441a981ffcadf/policy.pt,1713951509,,True,1,2024-04-24_17-38-29,26262.456087112427,26262.456087112427,548696,common-ddhjpyex,10.244.1.89,26262.456087112427,1,"36_horizon=1,penalty_coef=2,seed=42,uncertainty_mode=disagreement",,[2],0.0001,/home/ubuntu/fortzl/NeoRL2/benchmark/tune_DMSD_domain,mopo,0.0001,0.2,0.0003,cuda,0.99,"[200, 200, 200, 200]",/home/ubuntu/fortzl/NeoRL2/benchmark/tune_DMSD_domain/.aim/dynamics_model/03e78aa4196440e9a85e6dc8/dynamics_model.pt,,"[2.5e-05, 5e-05, 7.5e-05, 7.5e-05, 0.0001]",DMSD-mopo,"[256, 256]",1,True,0.01,,5,3000,5,False,[6],2.0,256,False,0.05,50000.0,1000,42,0.005,1000,,low,99,DMSD,False,256,7,0.001,,True,5,disagreement,0.2,1,2.0,disagreement,42,"[1, 5]","[0.5, 1, 2, 5]","['aleatoric', 'disagreement']",/home/ubuntu/fortzl/NeoRL2/benchmark/tune_DMSD_domain,mopo,/home/ubuntu/fortzl/NeoRL2/benchmark/tune_DMSD_domain/.aim/dynamics_model/03e78aa4196440e9a85e6dc8/dynamics_model.pt,DMSD-mopo,42,DMSD,DMSD-mopo,mopo,DMSD,/home/ubuntu/fortzl/NeoRL2/benchmark/tune_DMSD_domain,/home/ubuntu/fortzl/NeoRL2/benchmark/tune_DMSD_domain/.aim/dynamics_model/03e78aa4196440e9a85e6dc8/dynamics_model.pt,42,discrete,"[1000000.0, 2000000.0]",discrete,"[1, 2, 5]",continuous,"[0.1, 10]",discrete,"[True, False]",discrete,"[0.05, 0.1, 0.2]"
574a2_00037,574.2125745295556,48.04865040586865,100.0,0.0,-542.2711791992188,2.041748285293579,1.9613600969314575,0.1897108405828476,0.16537462174892426,/home/ubuntu/fortzl/NeoRL2/benchmark/tune_DMSD_domain/.aim/models/3befb98adea143e2b492d56c/policy.pt,1713955628,,True,1,2024-04-24_18-47-08,27476.031761407852,27476.031761407852,551180,common-ddhjpyex,10.244.1.89,27476.031761407852,1,"37_horizon=5,penalty_coef=2,seed=42,uncertainty_mode=disagreement",,[2],0.0001,/home/ubuntu/fortzl/NeoRL2/benchmark/tune_DMSD_domain,mopo,0.0001,0.2,0.0003,cuda,0.99,"[200, 200, 200, 200]",/home/ubuntu/fortzl/NeoRL2/benchmark/tune_DMSD_domain/.aim/dynamics_model/03e78aa4196440e9a85e6dc8/dynamics_model.pt,,"[2.5e-05, 5e-05, 7.5e-05, 7.5e-05, 0.0001]",DMSD-mopo,"[256, 256]",5,True,0.01,,5,3000,5,False,[6],2.0,256,False,0.05,50000.0,1000,42,0.005,1000,,low,99,DMSD,False,256,7,0.001,,True,5,disagreement,0.2,5,2.0,disagreement,42,"[1, 5]","[0.5, 1, 2, 5]","['aleatoric', 'disagreement']",/home/ubuntu/fortzl/NeoRL2/benchmark/tune_DMSD_domain,mopo,/home/ubuntu/fortzl/NeoRL2/benchmark/tune_DMSD_domain/.aim/dynamics_model/03e78aa4196440e9a85e6dc8/dynamics_model.pt,DMSD-mopo,42,DMSD,DMSD-mopo,mopo,DMSD,/home/ubuntu/fortzl/NeoRL2/benchmark/tune_DMSD_domain,/home/ubuntu/fortzl/NeoRL2/benchmark/tune_DMSD_domain/.aim/dynamics_model/03e78aa4196440e9a85e6dc8/dynamics_model.pt,42,discrete,"[1000000.0, 2000000.0]",discrete,"[1, 2, 5]",continuous,"[0.1, 10]",discrete,"[True, False]",discrete,"[0.05, 0.1, 0.2]"
574a2_00038,590.3956003423259,50.04418468822052,100.0,0.0,-527.789306640625,1.230912685394287,1.245377540588379,0.13372531533241272,0.20229153335094452,/home/ubuntu/fortzl/NeoRL2/benchmark/tune_DMSD_domain/.aim/models/d85832673772440c9ea298b8/policy.pt,1713954670,,True,1,2024-04-24_18-31-10,26454.975192308426,26454.975192308426,551535,common-ddhjpyex,10.244.1.89,26454.975192308426,1,"38_horizon=1,penalty_coef=5,seed=42,uncertainty_mode=disagreement",,[2],0.0001,/home/ubuntu/fortzl/NeoRL2/benchmark/tune_DMSD_domain,mopo,0.0001,0.2,0.0003,cuda,0.99,"[200, 200, 200, 200]",/home/ubuntu/fortzl/NeoRL2/benchmark/tune_DMSD_domain/.aim/dynamics_model/03e78aa4196440e9a85e6dc8/dynamics_model.pt,,"[2.5e-05, 5e-05, 7.5e-05, 7.5e-05, 0.0001]",DMSD-mopo,"[256, 256]",1,True,0.01,,5,3000,5,False,[6],5.0,256,False,0.05,50000.0,1000,42,0.005,1000,,low,99,DMSD,False,256,7,0.001,,True,5,disagreement,0.2,1,5.0,disagreement,42,"[1, 5]","[0.5, 1, 2, 5]","['aleatoric', 'disagreement']",/home/ubuntu/fortzl/NeoRL2/benchmark/tune_DMSD_domain,mopo,/home/ubuntu/fortzl/NeoRL2/benchmark/tune_DMSD_domain/.aim/dynamics_model/03e78aa4196440e9a85e6dc8/dynamics_model.pt,DMSD-mopo,42,DMSD,DMSD-mopo,mopo,DMSD,/home/ubuntu/fortzl/NeoRL2/benchmark/tune_DMSD_domain,/home/ubuntu/fortzl/NeoRL2/benchmark/tune_DMSD_domain/.aim/dynamics_model/03e78aa4196440e9a85e6dc8/dynamics_model.pt,42,discrete,"[1000000.0, 2000000.0]",discrete,"[1, 2, 5]",continuous,"[0.1, 10]",discrete,"[True, False]",discrete,"[0.05, 0.1, 0.2]"
574a2_00039,574.9077451214608,47.53619818816184,100.0,0.0,-542.2711791992188,2.041748285293579,1.9613600969314575,0.1897108405828476,0.16537462174892426,/home/ubuntu/fortzl/NeoRL2/benchmark/tune_DMSD_domain/.aim/models/008bdc262cbd4544ace00a62/policy.pt,1713958792,,True,1,2024-04-24_19-39-52,28010.264810800552,28010.264810800552,553389,common-ddhjpyex,10.244.1.89,28010.264810800552,1,"39_horizon=5,penalty_coef=5,seed=42,uncertainty_mode=disagreement",,[2],0.0001,/home/ubuntu/fortzl/NeoRL2/benchmark/tune_DMSD_domain,mopo,0.0001,0.2,0.0003,cuda,0.99,"[200, 200, 200, 200]",/home/ubuntu/fortzl/NeoRL2/benchmark/tune_DMSD_domain/.aim/dynamics_model/03e78aa4196440e9a85e6dc8/dynamics_model.pt,,"[2.5e-05, 5e-05, 7.5e-05, 7.5e-05, 0.0001]",DMSD-mopo,"[256, 256]",5,True,0.01,,5,3000,5,False,[6],5.0,256,False,0.05,50000.0,1000,42,0.005,1000,,low,99,DMSD,False,256,7,0.001,,True,5,disagreement,0.2,5,5.0,disagreement,42,"[1, 5]","[0.5, 1, 2, 5]","['aleatoric', 'disagreement']",/home/ubuntu/fortzl/NeoRL2/benchmark/tune_DMSD_domain,mopo,/home/ubuntu/fortzl/NeoRL2/benchmark/tune_DMSD_domain/.aim/dynamics_model/03e78aa4196440e9a85e6dc8/dynamics_model.pt,DMSD-mopo,42,DMSD,DMSD-mopo,mopo,DMSD,/home/ubuntu/fortzl/NeoRL2/benchmark/tune_DMSD_domain,/home/ubuntu/fortzl/NeoRL2/benchmark/tune_DMSD_domain/.aim/dynamics_model/03e78aa4196440e9a85e6dc8/dynamics_model.pt,42,discrete,"[1000000.0, 2000000.0]",discrete,"[1, 2, 5]",continuous,"[0.1, 10]",discrete,"[True, False]",discrete,"[0.05, 0.1, 0.2]"
574a2_00040,585.4373365550074,46.83150703098717,100.0,0.0,-527.746337890625,1.6522852182388306,1.684500813484192,0.11379272490739822,0.19295956194400787,/home/ubuntu/fortzl/NeoRL2/benchmark/tune_DMSD_domain/.aim/models/c707980d2b604e4d92a17afc/policy.pt,1713957818,,True,1,2024-04-24_19-23-38,26892.625912427902,26892.625912427902,553954,common-ddhjpyex,10.244.1.89,26892.625912427902,1,"40_horizon=1,penalty_coef=0.5000,seed=210,uncertainty_mode=disagreement",,[2],0.0001,/home/ubuntu/fortzl/NeoRL2/benchmark/tune_DMSD_domain,mopo,0.0001,0.2,0.0003,cuda,0.99,"[200, 200, 200, 200]",/home/ubuntu/fortzl/NeoRL2/benchmark/tune_DMSD_domain/.aim/dynamics_model/03e78aa4196440e9a85e6dc8/dynamics_model.pt,,"[2.5e-05, 5e-05, 7.5e-05, 7.5e-05, 0.0001]",DMSD-mopo,"[256, 256]",1,True,0.01,,5,3000,5,False,[6],0.5,256,False,0.05,50000.0,1000,210,0.005,1000,,low,99,DMSD,False,256,7,0.001,,True,5,disagreement,0.2,1,0.5,disagreement,210,"[1, 5]","[0.5, 1, 2, 5]","['aleatoric', 'disagreement']",/home/ubuntu/fortzl/NeoRL2/benchmark/tune_DMSD_domain,mopo,/home/ubuntu/fortzl/NeoRL2/benchmark/tune_DMSD_domain/.aim/dynamics_model/03e78aa4196440e9a85e6dc8/dynamics_model.pt,DMSD-mopo,210,DMSD,DMSD-mopo,mopo,DMSD,/home/ubuntu/fortzl/NeoRL2/benchmark/tune_DMSD_domain,/home/ubuntu/fortzl/NeoRL2/benchmark/tune_DMSD_domain/.aim/dynamics_model/03e78aa4196440e9a85e6dc8/dynamics_model.pt,210,discrete,"[1000000.0, 2000000.0]",discrete,"[1, 2, 5]",continuous,"[0.1, 10]",discrete,"[True, False]",discrete,"[0.05, 0.1, 0.2]"
574a2_00041,565.8753414568333,48.64905838478566,100.0,0.0,-542.7293701171875,1.712580680847168,1.7160470485687256,0.17411671578884125,0.1548733413219452,/home/ubuntu/fortzl/NeoRL2/benchmark/tune_DMSD_domain/.aim/models/c5746110a968421c97ce64fe/policy.pt,1713961412,,True,1,2024-04-24_20-23-32,27986.38512825966,27986.38512825966,555808,common-ddhjpyex,10.244.1.89,27986.38512825966,1,"41_horizon=5,penalty_coef=0.5000,seed=210,uncertainty_mode=disagreement",,[2],0.0001,/home/ubuntu/fortzl/NeoRL2/benchmark/tune_DMSD_domain,mopo,0.0001,0.2,0.0003,cuda,0.99,"[200, 200, 200, 200]",/home/ubuntu/fortzl/NeoRL2/benchmark/tune_DMSD_domain/.aim/dynamics_model/03e78aa4196440e9a85e6dc8/dynamics_model.pt,,"[2.5e-05, 5e-05, 7.5e-05, 7.5e-05, 0.0001]",DMSD-mopo,"[256, 256]",5,True,0.01,,5,3000,5,False,[6],0.5,256,False,0.05,50000.0,1000,210,0.005,1000,,low,99,DMSD,False,256,7,0.001,,True,5,disagreement,0.2,5,0.5,disagreement,210,"[1, 5]","[0.5, 1, 2, 5]","['aleatoric', 'disagreement']",/home/ubuntu/fortzl/NeoRL2/benchmark/tune_DMSD_domain,mopo,/home/ubuntu/fortzl/NeoRL2/benchmark/tune_DMSD_domain/.aim/dynamics_model/03e78aa4196440e9a85e6dc8/dynamics_model.pt,DMSD-mopo,210,DMSD,DMSD-mopo,mopo,DMSD,/home/ubuntu/fortzl/NeoRL2/benchmark/tune_DMSD_domain,/home/ubuntu/fortzl/NeoRL2/benchmark/tune_DMSD_domain/.aim/dynamics_model/03e78aa4196440e9a85e6dc8/dynamics_model.pt,210,discrete,"[1000000.0, 2000000.0]",discrete,"[1, 2, 5]",continuous,"[0.1, 10]",discrete,"[True, False]",discrete,"[0.05, 0.1, 0.2]"
574a2_00042,586.1995094331676,47.657822295291304,100.0,0.0,-527.746337890625,1.6522852182388306,1.684500813484192,0.11379272490739822,0.19295956194400787,/home/ubuntu/fortzl/NeoRL2/benchmark/tune_DMSD_domain/.aim/models/af9c366a2de34f7da373ff04/policy.pt,1713979173,,True,1,2024-04-25_01-19-33,27658.91516828537,27658.91516828537,573917,common-ddhjpyex,10.244.1.89,27658.91516828537,1,"42_horizon=1,penalty_coef=1,seed=210,uncertainty_mode=disagreement",,[2],0.0001,/home/ubuntu/fortzl/NeoRL2/benchmark/tune_DMSD_domain,mopo,0.0001,0.2,0.0003,cuda,0.99,"[200, 200, 200, 200]",/home/ubuntu/fortzl/NeoRL2/benchmark/tune_DMSD_domain/.aim/dynamics_model/03e78aa4196440e9a85e6dc8/dynamics_model.pt,,"[2.5e-05, 5e-05, 7.5e-05, 7.5e-05, 0.0001]",DMSD-mopo,"[256, 256]",1,True,0.01,,5,3000,5,False,[6],1.0,256,False,0.05,50000.0,1000,210,0.005,1000,,low,99,DMSD,False,256,7,0.001,,True,5,disagreement,0.2,1,1.0,disagreement,210,"[1, 5]","[0.5, 1, 2, 5]","['aleatoric', 'disagreement']",/home/ubuntu/fortzl/NeoRL2/benchmark/tune_DMSD_domain,mopo,/home/ubuntu/fortzl/NeoRL2/benchmark/tune_DMSD_domain/.aim/dynamics_model/03e78aa4196440e9a85e6dc8/dynamics_model.pt,DMSD-mopo,210,DMSD,DMSD-mopo,mopo,DMSD,/home/ubuntu/fortzl/NeoRL2/benchmark/tune_DMSD_domain,/home/ubuntu/fortzl/NeoRL2/benchmark/tune_DMSD_domain/.aim/dynamics_model/03e78aa4196440e9a85e6dc8/dynamics_model.pt,210,discrete,"[1000000.0, 2000000.0]",discrete,"[1, 2, 5]",continuous,"[0.1, 10]",discrete,"[True, False]",discrete,"[0.05, 0.1, 0.2]"
574a2_00043,563.5714295956116,49.00039501203541,100.0,0.0,-542.7293701171875,1.712580680847168,1.7160470485687256,0.17411671578884125,0.1548733413219452,/home/ubuntu/fortzl/NeoRL2/benchmark/tune_DMSD_domain/.aim/models/418f3c402be540e681d564e6/policy.pt,1713982265,,True,1,2024-04-25_02-11-05,27590.958847284317,27590.958847284317,581080,common-ddhjpyex,10.244.1.89,27590.958847284317,1,"43_horizon=5,penalty_coef=1,seed=210,uncertainty_mode=disagreement",,[2],0.0001,/home/ubuntu/fortzl/NeoRL2/benchmark/tune_DMSD_domain,mopo,0.0001,0.2,0.0003,cuda,0.99,"[200, 200, 200, 200]",/home/ubuntu/fortzl/NeoRL2/benchmark/tune_DMSD_domain/.aim/dynamics_model/03e78aa4196440e9a85e6dc8/dynamics_model.pt,,"[2.5e-05, 5e-05, 7.5e-05, 7.5e-05, 0.0001]",DMSD-mopo,"[256, 256]",5,True,0.01,,5,3000,5,False,[6],1.0,256,False,0.05,50000.0,1000,210,0.005,1000,,low,99,DMSD,False,256,7,0.001,,True,5,disagreement,0.2,5,1.0,disagreement,210,"[1, 5]","[0.5, 1, 2, 5]","['aleatoric', 'disagreement']",/home/ubuntu/fortzl/NeoRL2/benchmark/tune_DMSD_domain,mopo,/home/ubuntu/fortzl/NeoRL2/benchmark/tune_DMSD_domain/.aim/dynamics_model/03e78aa4196440e9a85e6dc8/dynamics_model.pt,DMSD-mopo,210,DMSD,DMSD-mopo,mopo,DMSD,/home/ubuntu/fortzl/NeoRL2/benchmark/tune_DMSD_domain,/home/ubuntu/fortzl/NeoRL2/benchmark/tune_DMSD_domain/.aim/dynamics_model/03e78aa4196440e9a85e6dc8/dynamics_model.pt,210,discrete,"[1000000.0, 2000000.0]",discrete,"[1, 2, 5]",continuous,"[0.1, 10]",discrete,"[True, False]",discrete,"[0.05, 0.1, 0.2]"
574a2_00044,586.8069059001073,47.52829270598184,100.0,0.0,-527.746337890625,1.6522852182388306,1.684500813484192,0.11379272490739822,0.19295956194400787,/home/ubuntu/fortzl/NeoRL2/benchmark/tune_DMSD_domain/.aim/models/e796d29268ce45c58ec6af0f/policy.pt,1713982322,,True,1,2024-04-25_02-12-02,26689.879924297333,26689.879924297333,581972,common-ddhjpyex,10.244.1.89,26689.879924297333,1,"44_horizon=1,penalty_coef=2,seed=210,uncertainty_mode=disagreement",,[2],0.0001,/home/ubuntu/fortzl/NeoRL2/benchmark/tune_DMSD_domain,mopo,0.0001,0.2,0.0003,cuda,0.99,"[200, 200, 200, 200]",/home/ubuntu/fortzl/NeoRL2/benchmark/tune_DMSD_domain/.aim/dynamics_model/03e78aa4196440e9a85e6dc8/dynamics_model.pt,,"[2.5e-05, 5e-05, 7.5e-05, 7.5e-05, 0.0001]",DMSD-mopo,"[256, 256]",1,True,0.01,,5,3000,5,False,[6],2.0,256,False,0.05,50000.0,1000,210,0.005,1000,,low,99,DMSD,False,256,7,0.001,,True,5,disagreement,0.2,1,2.0,disagreement,210,"[1, 5]","[0.5, 1, 2, 5]","['aleatoric', 'disagreement']",/home/ubuntu/fortzl/NeoRL2/benchmark/tune_DMSD_domain,mopo,/home/ubuntu/fortzl/NeoRL2/benchmark/tune_DMSD_domain/.aim/dynamics_model/03e78aa4196440e9a85e6dc8/dynamics_model.pt,DMSD-mopo,210,DMSD,DMSD-mopo,mopo,DMSD,/home/ubuntu/fortzl/NeoRL2/benchmark/tune_DMSD_domain,/home/ubuntu/fortzl/NeoRL2/benchmark/tune_DMSD_domain/.aim/dynamics_model/03e78aa4196440e9a85e6dc8/dynamics_model.pt,210,discrete,"[1000000.0, 2000000.0]",discrete,"[1, 2, 5]",continuous,"[0.1, 10]",discrete,"[True, False]",discrete,"[0.05, 0.1, 0.2]"
574a2_00045,566.0703805041993,49.104866860516246,100.0,0.0,-542.7293701171875,1.712580680847168,1.7160470485687256,0.17411671578884125,0.1548733413219452,/home/ubuntu/fortzl/NeoRL2/benchmark/tune_DMSD_domain/.aim/models/0ad81481531741268f10af5b/policy.pt,1713986415,,True,1,2024-04-25_03-20-15,28593.29224205017,28593.29224205017,583721,common-ddhjpyex,10.244.1.89,28593.29224205017,1,"45_horizon=5,penalty_coef=2,seed=210,uncertainty_mode=disagreement",,[2],0.0001,/home/ubuntu/fortzl/NeoRL2/benchmark/tune_DMSD_domain,mopo,0.0001,0.2,0.0003,cuda,0.99,"[200, 200, 200, 200]",/home/ubuntu/fortzl/NeoRL2/benchmark/tune_DMSD_domain/.aim/dynamics_model/03e78aa4196440e9a85e6dc8/dynamics_model.pt,,"[2.5e-05, 5e-05, 7.5e-05, 7.5e-05, 0.0001]",DMSD-mopo,"[256, 256]",5,True,0.01,,5,3000,5,False,[6],2.0,256,False,0.05,50000.0,1000,210,0.005,1000,,low,99,DMSD,False,256,7,0.001,,True,5,disagreement,0.2,5,2.0,disagreement,210,"[1, 5]","[0.5, 1, 2, 5]","['aleatoric', 'disagreement']",/home/ubuntu/fortzl/NeoRL2/benchmark/tune_DMSD_domain,mopo,/home/ubuntu/fortzl/NeoRL2/benchmark/tune_DMSD_domain/.aim/dynamics_model/03e78aa4196440e9a85e6dc8/dynamics_model.pt,DMSD-mopo,210,DMSD,DMSD-mopo,mopo,DMSD,/home/ubuntu/fortzl/NeoRL2/benchmark/tune_DMSD_domain,/home/ubuntu/fortzl/NeoRL2/benchmark/tune_DMSD_domain/.aim/dynamics_model/03e78aa4196440e9a85e6dc8/dynamics_model.pt,210,discrete,"[1000000.0, 2000000.0]",discrete,"[1, 2, 5]",continuous,"[0.1, 10]",discrete,"[True, False]",discrete,"[0.05, 0.1, 0.2]"
574a2_00046,585.2118550824719,45.775146925156804,100.0,0.0,-527.746337890625,1.6522852182388306,1.684500813484192,0.11379272490739822,0.19295956194400787,/home/ubuntu/fortzl/NeoRL2/benchmark/tune_DMSD_domain/.aim/models/049246c5bfb24bbf89a77433/policy.pt,1713986578,,True,1,2024-04-25_03-22-58,27782.60103034973,27782.60103034973,584936,common-ddhjpyex,10.244.1.89,27782.60103034973,1,"46_horizon=1,penalty_coef=5,seed=210,uncertainty_mode=disagreement",,[2],0.0001,/home/ubuntu/fortzl/NeoRL2/benchmark/tune_DMSD_domain,mopo,0.0001,0.2,0.0003,cuda,0.99,"[200, 200, 200, 200]",/home/ubuntu/fortzl/NeoRL2/benchmark/tune_DMSD_domain/.aim/dynamics_model/03e78aa4196440e9a85e6dc8/dynamics_model.pt,,"[2.5e-05, 5e-05, 7.5e-05, 7.5e-05, 0.0001]",DMSD-mopo,"[256, 256]",1,True,0.01,,5,3000,5,False,[6],5.0,256,False,0.05,50000.0,1000,210,0.005,1000,,low,99,DMSD,False,256,7,0.001,,True,5,disagreement,0.2,1,5.0,disagreement,210,"[1, 5]","[0.5, 1, 2, 5]","['aleatoric', 'disagreement']",/home/ubuntu/fortzl/NeoRL2/benchmark/tune_DMSD_domain,mopo,/home/ubuntu/fortzl/NeoRL2/benchmark/tune_DMSD_domain/.aim/dynamics_model/03e78aa4196440e9a85e6dc8/dynamics_model.pt,DMSD-mopo,210,DMSD,DMSD-mopo,mopo,DMSD,/home/ubuntu/fortzl/NeoRL2/benchmark/tune_DMSD_domain,/home/ubuntu/fortzl/NeoRL2/benchmark/tune_DMSD_domain/.aim/dynamics_model/03e78aa4196440e9a85e6dc8/dynamics_model.pt,210,discrete,"[1000000.0, 2000000.0]",discrete,"[1, 2, 5]",continuous,"[0.1, 10]",discrete,"[True, False]",discrete,"[0.05, 0.1, 0.2]"
574a2_00047,567.3027717085574,51.18880577237895,100.0,0.0,-542.7293701171875,1.712580680847168,1.7160470485687256,0.17411671578884125,0.1548733413219452,/home/ubuntu/fortzl/NeoRL2/benchmark/tune_DMSD_domain/.aim/models/68390940ec554aaf96087df0/policy.pt,1713988865,,True,1,2024-04-25_04-01-05,27448.984035015106,27448.984035015106,586791,common-ddhjpyex,10.244.1.89,27448.984035015106,1,"47_horizon=5,penalty_coef=5,seed=210,uncertainty_mode=disagreement",,[2],0.0001,/home/ubuntu/fortzl/NeoRL2/benchmark/tune_DMSD_domain,mopo,0.0001,0.2,0.0003,cuda,0.99,"[200, 200, 200, 200]",/home/ubuntu/fortzl/NeoRL2/benchmark/tune_DMSD_domain/.aim/dynamics_model/03e78aa4196440e9a85e6dc8/dynamics_model.pt,,"[2.5e-05, 5e-05, 7.5e-05, 7.5e-05, 0.0001]",DMSD-mopo,"[256, 256]",5,True,0.01,,5,3000,5,False,[6],5.0,256,False,0.05,50000.0,1000,210,0.005,1000,,low,99,DMSD,False,256,7,0.001,,True,5,disagreement,0.2,5,5.0,disagreement,210,"[1, 5]","[0.5, 1, 2, 5]","['aleatoric', 'disagreement']",/home/ubuntu/fortzl/NeoRL2/benchmark/tune_DMSD_domain,mopo,/home/ubuntu/fortzl/NeoRL2/benchmark/tune_DMSD_domain/.aim/dynamics_model/03e78aa4196440e9a85e6dc8/dynamics_model.pt,DMSD-mopo,210,DMSD,DMSD-mopo,mopo,DMSD,/home/ubuntu/fortzl/NeoRL2/benchmark/tune_DMSD_domain,/home/ubuntu/fortzl/NeoRL2/benchmark/tune_DMSD_domain/.aim/dynamics_model/03e78aa4196440e9a85e6dc8/dynamics_model.pt,210,discrete,"[1000000.0, 2000000.0]",discrete,"[1, 2, 5]",continuous,"[0.1, 10]",discrete,"[True, False]",discrete,"[0.05, 0.1, 0.2]"
