trial_id,Reward_Mean_Env,Reward_Std_Env,Length_Mean_Env,Length_Std_Env,loss/actor,loss/critic1,loss/critic2,loss/conservative_loss1,loss/conservative_loss2,loss/q1a,loss/q2a,loss/alpha,alpha,log_probs,log_alpha,model_path,timestamp,checkpoint_dir_name,done,training_iteration,date,time_this_iter_s,time_total_s,pid,hostname,node_ip,time_since_restore,iterations_since_restore,experiment_tag,hparams/act_shape,hparams/action_shape,hparams/actor_lr,hparams/algo_name,hparams/alpha_lr,hparams/alpha,hparams/cql_alpha_lr,hparams/cql_weight,hparams/critic_lr,hparams/deterministic_backup,hparams/device,hparams/discount,hparams/dynamics_hidden_dims,hparams/dynamics_path,hparams/dynamics_save_path,hparams/dynamics_weight_decay,hparams/eval_episodes,hparams/exp_name,hparams/hidden_dims,hparams/horizon,hparams/lagrange_threshold,hparams/learnable_alpha,hparams/logvar_loss_coef,hparams/max_action,hparams/max_epochs_since_update,hparams/max_epoch,hparams/max_q_backup,hparams/model_retain_epochs,hparams/normalize_obs,hparams/num_repeat_actions,hparams/obs_shape,hparams/policy_batch_size,hparams/policy_scaler,hparams/real_data_ratio,hparams/rho_s,hparams/rollout_batch_size,hparams/rollout_freq,hparams/seed,hparams/soft_target_tau,hparams/steps_per_epoch,hparams/target_entropy,hparams/task_data_type,hparams/task_train_num,hparams/task,hparams/temperatue,hparams/trainsition_clip,hparams/transition_batch_size,hparams/transition_init_num,hparams/transition_lr,hparams/transition_max_epochs,hparams/transition_scaler,hparams/transition_select_num,hparams/uniform_rollout,hparams/val_frequency,hparams/val_ratio,hparams/with_lagrange,config/horizon,config/cql_weight,config/rho_s,config/seed,hparams/grid_tune/cql_weight,hparams/grid_tune/horizon,hparams/grid_tune/rho_s,hparams/kwargs/algo_name,hparams/kwargs/dynamics_path,hparams/kwargs/exp_name,hparams/kwargs/seed,hparams/kwargs/task,config/kwargs/exp_name,config/kwargs/algo_name,config/kwargs/task,config/kwargs/dynamics_path,config/kwargs/seed,hparams/params_tune/buffer_size/type,hparams/params_tune/buffer_size/value,hparams/params_tune/horzion/type,hparams/params_tune/horzion/value,hparams/params_tune/lam/type,hparams/params_tune/lam/value,hparams/params_tune/learnable_alpha/type,hparams/params_tune/learnable_alpha/value,hparams/params_tune/real_data_ratio/type,hparams/params_tune/real_data_ratio/value
e68f9_00000,300.9704576290846,230.58753939551715,1000.0,0.0,115.13442993164062,-2.76473331451416,-2.72772216796875,-15.301239013671875,-14.576629638671875,-113.23602294921875,-113.12002563476562,-0.06690230965614319,1.3767106533050537,0.20928214490413666,0.31969699263572693,/home/ubuntu/yi/offlinerl/OfflineRL/offlinerl_tmp/.aim/models/75b65b24fe7244e692d0abf5/policy.pt,1717398083,,True,1,2024-06-03_15-01-23,22410.35837507248,22410.35837507248,140727,common-hetb2bsr,10.244.5.14,22410.35837507248,1,"0_cql_weight=2.5000,horizon=1,rho_s=model,seed=7",,[1],0.0001,combo,0.0001,0.2,0.0003,2.5,0.0003,True,cuda,0.99,"[200, 200, 200, 200]",/home/ubuntu/yi/offlinerl/OfflineRL/offlinerl_tmp/.aim/dynamics_model/e716a18f71204bee90768b07/dynamics_model.pt,,"[2.5e-05, 5e-05, 7.5e-05, 7.5e-05, 0.0001]",10,Pipeline-combo,"[256, 256, 256]",1,10.0,True,0.01,,5,1000,False,5,False,10,[52],256,False,0.5,model,50000.0,1000,7,0.005,1000,,low,99,Pipeline,1.0,True,256,7,0.001,,True,5,False,10,0.2,False,1,2.5,model,7,"[2.5, 3.5, 5]","[1, 5]","['model', 'mix']",combo,/home/ubuntu/yi/offlinerl/OfflineRL/offlinerl_tmp/.aim/dynamics_model/e716a18f71204bee90768b07/dynamics_model.pt,Pipeline-combo,7,Pipeline,Pipeline-combo,combo,Pipeline,/home/ubuntu/yi/offlinerl/OfflineRL/offlinerl_tmp/.aim/dynamics_model/e716a18f71204bee90768b07/dynamics_model.pt,7,discrete,"[1000000.0, 2000000.0]",discrete,"[1, 2, 5]",continuous,"[0.1, 10]",discrete,"[True, False]",discrete,"[0.05, 0.1, 0.2]"
e68f9_00001,159.53794429290295,233.7085247731562,1000.0,0.0,154.28794860839844,-5.270498275756836,-2.5795669555664062,-25.10552978515625,-23.91497802734375,-150.97793579101562,-151.93008422851562,-0.09271402657032013,1.5828535556793213,0.2018948644399643,0.4592292308807373,/home/ubuntu/yi/offlinerl/OfflineRL/offlinerl_tmp/.aim/models/ab5db670d735443f99e4ffef/policy.pt,1717397869,,True,1,2024-06-03_14-57-49,22195.597504377365,22195.597504377365,140728,common-hetb2bsr,10.244.5.14,22195.597504377365,1,"1_cql_weight=3.5000,horizon=1,rho_s=model,seed=7",,[1],0.0001,combo,0.0001,0.2,0.0003,3.5,0.0003,True,cuda,0.99,"[200, 200, 200, 200]",/home/ubuntu/yi/offlinerl/OfflineRL/offlinerl_tmp/.aim/dynamics_model/e716a18f71204bee90768b07/dynamics_model.pt,,"[2.5e-05, 5e-05, 7.5e-05, 7.5e-05, 0.0001]",10,Pipeline-combo,"[256, 256, 256]",1,10.0,True,0.01,,5,1000,False,5,False,10,[52],256,False,0.5,model,50000.0,1000,7,0.005,1000,,low,99,Pipeline,1.0,True,256,7,0.001,,True,5,False,10,0.2,False,1,3.5,model,7,"[2.5, 3.5, 5]","[1, 5]","['model', 'mix']",combo,/home/ubuntu/yi/offlinerl/OfflineRL/offlinerl_tmp/.aim/dynamics_model/e716a18f71204bee90768b07/dynamics_model.pt,Pipeline-combo,7,Pipeline,Pipeline-combo,combo,Pipeline,/home/ubuntu/yi/offlinerl/OfflineRL/offlinerl_tmp/.aim/dynamics_model/e716a18f71204bee90768b07/dynamics_model.pt,7,discrete,"[1000000.0, 2000000.0]",discrete,"[1, 2, 5]",continuous,"[0.1, 10]",discrete,"[True, False]",discrete,"[0.05, 0.1, 0.2]"
e68f9_00002,177.8283949160576,224.67699219227623,1000.0,0.0,256.24969482421875,-24.843292236328125,-21.753868103027344,-59.0892333984375,-57.8907470703125,-253.24127197265625,-253.29714965820312,-0.13274526596069336,2.0125911235809326,0.18979784846305847,0.6994230151176453,/home/ubuntu/yi/offlinerl/OfflineRL/offlinerl_tmp/.aim/models/04ab9af3d01a4a308088abdf/policy.pt,1717398061,,True,1,2024-06-03_15-01-01,22388.008712291718,22388.008712291718,140729,common-hetb2bsr,10.244.5.14,22388.008712291718,1,"2_cql_weight=5,horizon=1,rho_s=model,seed=7",,[1],0.0001,combo,0.0001,0.2,0.0003,5.0,0.0003,True,cuda,0.99,"[200, 200, 200, 200]",/home/ubuntu/yi/offlinerl/OfflineRL/offlinerl_tmp/.aim/dynamics_model/e716a18f71204bee90768b07/dynamics_model.pt,,"[2.5e-05, 5e-05, 7.5e-05, 7.5e-05, 0.0001]",10,Pipeline-combo,"[256, 256, 256]",1,10.0,True,0.01,,5,1000,False,5,False,10,[52],256,False,0.5,model,50000.0,1000,7,0.005,1000,,low,99,Pipeline,1.0,True,256,7,0.001,,True,5,False,10,0.2,False,1,5.0,model,7,"[2.5, 3.5, 5]","[1, 5]","['model', 'mix']",combo,/home/ubuntu/yi/offlinerl/OfflineRL/offlinerl_tmp/.aim/dynamics_model/e716a18f71204bee90768b07/dynamics_model.pt,Pipeline-combo,7,Pipeline,Pipeline-combo,combo,Pipeline,/home/ubuntu/yi/offlinerl/OfflineRL/offlinerl_tmp/.aim/dynamics_model/e716a18f71204bee90768b07/dynamics_model.pt,7,discrete,"[1000000.0, 2000000.0]",discrete,"[1, 2, 5]",continuous,"[0.1, 10]",discrete,"[True, False]",discrete,"[0.05, 0.1, 0.2]"
e68f9_00003,219.04110977137088,308.0718571795258,1000.0,0.0,202.3623046875,-2.30419921875,2.6792335510253906,-20.139556884765625,-17.27996826171875,-199.41119384765625,-200.04495239257812,0.0083000548183918,1.8339060544967651,-0.01368696242570877,0.606448233127594,/home/ubuntu/yi/offlinerl/OfflineRL/offlinerl_tmp/.aim/models/0d93a728d6004412ba23987b/policy.pt,1717400188,,True,1,2024-06-03_15-36-28,24515.164843320847,24515.164843320847,140778,common-hetb2bsr,10.244.5.14,24515.164843320847,1,"3_cql_weight=2.5000,horizon=5,rho_s=model,seed=7",,[1],0.0001,combo,0.0001,0.2,0.0003,2.5,0.0003,True,cuda,0.99,"[200, 200, 200, 200]",/home/ubuntu/yi/offlinerl/OfflineRL/offlinerl_tmp/.aim/dynamics_model/e716a18f71204bee90768b07/dynamics_model.pt,,"[2.5e-05, 5e-05, 7.5e-05, 7.5e-05, 0.0001]",10,Pipeline-combo,"[256, 256, 256]",5,10.0,True,0.01,,5,1000,False,5,False,10,[52],256,False,0.5,model,50000.0,1000,7,0.005,1000,,low,99,Pipeline,1.0,True,256,7,0.001,,True,5,False,10,0.2,False,5,2.5,model,7,"[2.5, 3.5, 5]","[1, 5]","['model', 'mix']",combo,/home/ubuntu/yi/offlinerl/OfflineRL/offlinerl_tmp/.aim/dynamics_model/e716a18f71204bee90768b07/dynamics_model.pt,Pipeline-combo,7,Pipeline,Pipeline-combo,combo,Pipeline,/home/ubuntu/yi/offlinerl/OfflineRL/offlinerl_tmp/.aim/dynamics_model/e716a18f71204bee90768b07/dynamics_model.pt,7,discrete,"[1000000.0, 2000000.0]",discrete,"[1, 2, 5]",continuous,"[0.1, 10]",discrete,"[True, False]",discrete,"[0.05, 0.1, 0.2]"
e68f9_00004,370.7672927340269,231.1039324966151,1000.0,0.0,412.6150207519531,69.38490295410156,81.71217346191406,-69.8199462890625,-64.353271484375,-405.96728515625,-404.07574462890625,0.04135379195213318,4.873992919921875,-0.026109032332897186,1.5839135646820068,/home/ubuntu/yi/offlinerl/OfflineRL/offlinerl_tmp/.aim/models/dea40f49ec584b97af01d98b/policy.pt,1717400336,,True,1,2024-06-03_15-38-56,24662.959656000137,24662.959656000137,140779,common-hetb2bsr,10.244.5.14,24662.959656000137,1,"4_cql_weight=3.5000,horizon=5,rho_s=model,seed=7",,[1],0.0001,combo,0.0001,0.2,0.0003,3.5,0.0003,True,cuda,0.99,"[200, 200, 200, 200]",/home/ubuntu/yi/offlinerl/OfflineRL/offlinerl_tmp/.aim/dynamics_model/e716a18f71204bee90768b07/dynamics_model.pt,,"[2.5e-05, 5e-05, 7.5e-05, 7.5e-05, 0.0001]",10,Pipeline-combo,"[256, 256, 256]",5,10.0,True,0.01,,5,1000,False,5,False,10,[52],256,False,0.5,model,50000.0,1000,7,0.005,1000,,low,99,Pipeline,1.0,True,256,7,0.001,,True,5,False,10,0.2,False,5,3.5,model,7,"[2.5, 3.5, 5]","[1, 5]","['model', 'mix']",combo,/home/ubuntu/yi/offlinerl/OfflineRL/offlinerl_tmp/.aim/dynamics_model/e716a18f71204bee90768b07/dynamics_model.pt,Pipeline-combo,7,Pipeline,Pipeline-combo,combo,Pipeline,/home/ubuntu/yi/offlinerl/OfflineRL/offlinerl_tmp/.aim/dynamics_model/e716a18f71204bee90768b07/dynamics_model.pt,7,discrete,"[1000000.0, 2000000.0]",discrete,"[1, 2, 5]",continuous,"[0.1, 10]",discrete,"[True, False]",discrete,"[0.05, 0.1, 0.2]"
e68f9_00005,332.31231798148156,246.4170322242995,1000.0,0.0,505.5765380859375,10.48638916015625,11.472549438476562,-78.7763671875,-83.083251953125,-499.15966796875,-500.5203857421875,0.09216979146003723,4.292604923248291,-0.06326522678136826,1.456893801689148,/home/ubuntu/yi/offlinerl/OfflineRL/offlinerl_tmp/.aim/models/2cf66464eb5c41ca9f183209/policy.pt,1717400301,,True,1,2024-06-03_15-38-21,24628.209999084473,24628.209999084473,140780,common-hetb2bsr,10.244.5.14,24628.209999084473,1,"5_cql_weight=5,horizon=5,rho_s=model,seed=7",,[1],0.0001,combo,0.0001,0.2,0.0003,5.0,0.0003,True,cuda,0.99,"[200, 200, 200, 200]",/home/ubuntu/yi/offlinerl/OfflineRL/offlinerl_tmp/.aim/dynamics_model/e716a18f71204bee90768b07/dynamics_model.pt,,"[2.5e-05, 5e-05, 7.5e-05, 7.5e-05, 0.0001]",10,Pipeline-combo,"[256, 256, 256]",5,10.0,True,0.01,,5,1000,False,5,False,10,[52],256,False,0.5,model,50000.0,1000,7,0.005,1000,,low,99,Pipeline,1.0,True,256,7,0.001,,True,5,False,10,0.2,False,5,5.0,model,7,"[2.5, 3.5, 5]","[1, 5]","['model', 'mix']",combo,/home/ubuntu/yi/offlinerl/OfflineRL/offlinerl_tmp/.aim/dynamics_model/e716a18f71204bee90768b07/dynamics_model.pt,Pipeline-combo,7,Pipeline,Pipeline-combo,combo,Pipeline,/home/ubuntu/yi/offlinerl/OfflineRL/offlinerl_tmp/.aim/dynamics_model/e716a18f71204bee90768b07/dynamics_model.pt,7,discrete,"[1000000.0, 2000000.0]",discrete,"[1, 2, 5]",continuous,"[0.1, 10]",discrete,"[True, False]",discrete,"[0.05, 0.1, 0.2]"
e68f9_00006,12.649107021331787,312.1550173071528,1000.0,0.0,148.34317016601562,7.890382766723633,5.276201248168945,-3.31689453125,-4.96295166015625,-146.51116943359375,-147.14566040039062,0.03367617726325989,1.2310487031936646,-0.16200262308120728,0.20786640048027039,/home/ubuntu/yi/offlinerl/OfflineRL/offlinerl_tmp/.aim/models/32aeb418089b48258c215a03/policy.pt,1717420813,,True,1,2024-06-03_21-20-13,22940.4085187912,22940.4085187912,165247,common-hetb2bsr,10.244.5.14,22940.4085187912,1,"6_cql_weight=2.5000,horizon=1,rho_s=mix,seed=7",,[1],0.0001,combo,0.0001,0.2,0.0003,2.5,0.0003,True,cuda,0.99,"[200, 200, 200, 200]",/home/ubuntu/yi/offlinerl/OfflineRL/offlinerl_tmp/.aim/dynamics_model/e716a18f71204bee90768b07/dynamics_model.pt,,"[2.5e-05, 5e-05, 7.5e-05, 7.5e-05, 0.0001]",10,Pipeline-combo,"[256, 256, 256]",1,10.0,True,0.01,,5,1000,False,5,False,10,[52],256,False,0.5,mix,50000.0,1000,7,0.005,1000,,low,99,Pipeline,1.0,True,256,7,0.001,,True,5,False,10,0.2,False,1,2.5,mix,7,"[2.5, 3.5, 5]","[1, 5]","['model', 'mix']",combo,/home/ubuntu/yi/offlinerl/OfflineRL/offlinerl_tmp/.aim/dynamics_model/e716a18f71204bee90768b07/dynamics_model.pt,Pipeline-combo,7,Pipeline,Pipeline-combo,combo,Pipeline,/home/ubuntu/yi/offlinerl/OfflineRL/offlinerl_tmp/.aim/dynamics_model/e716a18f71204bee90768b07/dynamics_model.pt,7,discrete,"[1000000.0, 2000000.0]",discrete,"[1, 2, 5]",continuous,"[0.1, 10]",discrete,"[True, False]",discrete,"[0.05, 0.1, 0.2]"
e68f9_00007,192.39976286673547,290.4786471636259,1000.0,0.0,79.41937255859375,9.410991668701172,8.644142150878906,-9.615081787109375,-10.092559814453125,-78.19940185546875,-78.14688110351562,0.02902449667453766,1.161415934562683,-0.19397273659706116,0.14963985979557037,/home/ubuntu/yi/offlinerl/OfflineRL/offlinerl_tmp/.aim/models/bea2297854164e3a85674208/policy.pt,1717420697,,True,1,2024-06-03_21-18-17,22631.839598178864,22631.839598178864,165708,common-hetb2bsr,10.244.5.14,22631.839598178864,1,"7_cql_weight=3.5000,horizon=1,rho_s=mix,seed=7",,[1],0.0001,combo,0.0001,0.2,0.0003,3.5,0.0003,True,cuda,0.99,"[200, 200, 200, 200]",/home/ubuntu/yi/offlinerl/OfflineRL/offlinerl_tmp/.aim/dynamics_model/e716a18f71204bee90768b07/dynamics_model.pt,,"[2.5e-05, 5e-05, 7.5e-05, 7.5e-05, 0.0001]",10,Pipeline-combo,"[256, 256, 256]",1,10.0,True,0.01,,5,1000,False,5,False,10,[52],256,False,0.5,mix,50000.0,1000,7,0.005,1000,,low,99,Pipeline,1.0,True,256,7,0.001,,True,5,False,10,0.2,False,1,3.5,mix,7,"[2.5, 3.5, 5]","[1, 5]","['model', 'mix']",combo,/home/ubuntu/yi/offlinerl/OfflineRL/offlinerl_tmp/.aim/dynamics_model/e716a18f71204bee90768b07/dynamics_model.pt,Pipeline-combo,7,Pipeline,Pipeline-combo,combo,Pipeline,/home/ubuntu/yi/offlinerl/OfflineRL/offlinerl_tmp/.aim/dynamics_model/e716a18f71204bee90768b07/dynamics_model.pt,7,discrete,"[1000000.0, 2000000.0]",discrete,"[1, 2, 5]",continuous,"[0.1, 10]",discrete,"[True, False]",discrete,"[0.05, 0.1, 0.2]"
e68f9_00008,148.72306165385245,205.70781945844467,1000.0,0.0,238.86376953125,-10.26580810546875,-6.286853790283203,-48.6956787109375,-40.837158203125,-235.4921875,-235.740234375,-0.08423395454883575,2.001685380935669,0.1213788390159607,0.6939894556999207,/home/ubuntu/yi/offlinerl/OfflineRL/offlinerl_tmp/.aim/models/6911d0af9466485ebb49476e/policy.pt,1717420889,,True,1,2024-06-03_21-21-29,22802.02403640747,22802.02403640747,165958,common-hetb2bsr,10.244.5.14,22802.02403640747,1,"8_cql_weight=5,horizon=1,rho_s=mix,seed=7",,[1],0.0001,combo,0.0001,0.2,0.0003,5.0,0.0003,True,cuda,0.99,"[200, 200, 200, 200]",/home/ubuntu/yi/offlinerl/OfflineRL/offlinerl_tmp/.aim/dynamics_model/e716a18f71204bee90768b07/dynamics_model.pt,,"[2.5e-05, 5e-05, 7.5e-05, 7.5e-05, 0.0001]",10,Pipeline-combo,"[256, 256, 256]",1,10.0,True,0.01,,5,1000,False,5,False,10,[52],256,False,0.5,mix,50000.0,1000,7,0.005,1000,,low,99,Pipeline,1.0,True,256,7,0.001,,True,5,False,10,0.2,False,1,5.0,mix,7,"[2.5, 3.5, 5]","[1, 5]","['model', 'mix']",combo,/home/ubuntu/yi/offlinerl/OfflineRL/offlinerl_tmp/.aim/dynamics_model/e716a18f71204bee90768b07/dynamics_model.pt,Pipeline-combo,7,Pipeline,Pipeline-combo,combo,Pipeline,/home/ubuntu/yi/offlinerl/OfflineRL/offlinerl_tmp/.aim/dynamics_model/e716a18f71204bee90768b07/dynamics_model.pt,7,discrete,"[1000000.0, 2000000.0]",discrete,"[1, 2, 5]",continuous,"[0.1, 10]",discrete,"[True, False]",discrete,"[0.05, 0.1, 0.2]"
e68f9_00009,-550.3119769665003,368.50457021791084,1000.0,0.0,123.57215881347656,5.479827880859375,5.747184753417969,-4.525238037109375,-3.548675537109375,-122.02095794677734,-121.83473205566406,0.01122568640857935,1.0943149328231812,-0.1245608925819397,0.09012847393751144,/home/ubuntu/yi/offlinerl/OfflineRL/offlinerl_tmp/.aim/models/c2f970e4822548a19f15c3bb/policy.pt,1717425141,,True,1,2024-06-03_22-32-21,24948.742538928986,24948.742538928986,166669,common-hetb2bsr,10.244.5.14,24948.742538928986,1,"9_cql_weight=2.5000,horizon=5,rho_s=mix,seed=7",,[1],0.0001,combo,0.0001,0.2,0.0003,2.5,0.0003,True,cuda,0.99,"[200, 200, 200, 200]",/home/ubuntu/yi/offlinerl/OfflineRL/offlinerl_tmp/.aim/dynamics_model/e716a18f71204bee90768b07/dynamics_model.pt,,"[2.5e-05, 5e-05, 7.5e-05, 7.5e-05, 0.0001]",10,Pipeline-combo,"[256, 256, 256]",5,10.0,True,0.01,,5,1000,False,5,False,10,[52],256,False,0.5,mix,50000.0,1000,7,0.005,1000,,low,99,Pipeline,1.0,True,256,7,0.001,,True,5,False,10,0.2,False,5,2.5,mix,7,"[2.5, 3.5, 5]","[1, 5]","['model', 'mix']",combo,/home/ubuntu/yi/offlinerl/OfflineRL/offlinerl_tmp/.aim/dynamics_model/e716a18f71204bee90768b07/dynamics_model.pt,Pipeline-combo,7,Pipeline,Pipeline-combo,combo,Pipeline,/home/ubuntu/yi/offlinerl/OfflineRL/offlinerl_tmp/.aim/dynamics_model/e716a18f71204bee90768b07/dynamics_model.pt,7,discrete,"[1000000.0, 2000000.0]",discrete,"[1, 2, 5]",continuous,"[0.1, 10]",discrete,"[True, False]",discrete,"[0.05, 0.1, 0.2]"
e68f9_00010,-326.6826292266846,360.06199436845077,1000.0,0.0,189.18943786621094,28.62466049194336,11.799779891967773,-3.71185302734375,-7.12017822265625,-186.740478515625,-185.91534423828125,0.0485629141330719,1.440731167793274,-0.13299864530563354,0.36515071988105774,/home/ubuntu/yi/offlinerl/OfflineRL/offlinerl_tmp/.aim/models/3e99569c8ebb4a7c81658c9d/policy.pt,1717425350,,True,1,2024-06-03_22-35-50,25044.72291660309,25044.72291660309,167130,common-hetb2bsr,10.244.5.14,25044.72291660309,1,"10_cql_weight=3.5000,horizon=5,rho_s=mix,seed=7",,[1],0.0001,combo,0.0001,0.2,0.0003,3.5,0.0003,True,cuda,0.99,"[200, 200, 200, 200]",/home/ubuntu/yi/offlinerl/OfflineRL/offlinerl_tmp/.aim/dynamics_model/e716a18f71204bee90768b07/dynamics_model.pt,,"[2.5e-05, 5e-05, 7.5e-05, 7.5e-05, 0.0001]",10,Pipeline-combo,"[256, 256, 256]",5,10.0,True,0.01,,5,1000,False,5,False,10,[52],256,False,0.5,mix,50000.0,1000,7,0.005,1000,,low,99,Pipeline,1.0,True,256,7,0.001,,True,5,False,10,0.2,False,5,3.5,mix,7,"[2.5, 3.5, 5]","[1, 5]","['model', 'mix']",combo,/home/ubuntu/yi/offlinerl/OfflineRL/offlinerl_tmp/.aim/dynamics_model/e716a18f71204bee90768b07/dynamics_model.pt,Pipeline-combo,7,Pipeline,Pipeline-combo,combo,Pipeline,/home/ubuntu/yi/offlinerl/OfflineRL/offlinerl_tmp/.aim/dynamics_model/e716a18f71204bee90768b07/dynamics_model.pt,7,discrete,"[1000000.0, 2000000.0]",discrete,"[1, 2, 5]",continuous,"[0.1, 10]",discrete,"[True, False]",discrete,"[0.05, 0.1, 0.2]"
e68f9_00011,-380.6622821024656,414.74652235881314,1000.0,0.0,285.59552001953125,15.879219055175781,18.616668701171875,-17.4105224609375,-11.99658203125,-282.7700500488281,-282.1929016113281,0.07135668396949768,1.804734706878662,-0.12086154520511627,0.5904135704040527,/home/ubuntu/yi/offlinerl/OfflineRL/offlinerl_tmp/.aim/models/685dc9aa49c646ef825333a2/policy.pt,1717425384,,True,1,2024-06-03_22-36-24,25043.93732571602,25043.93732571602,167592,common-hetb2bsr,10.244.5.14,25043.93732571602,1,"11_cql_weight=5,horizon=5,rho_s=mix,seed=7",,[1],0.0001,combo,0.0001,0.2,0.0003,5.0,0.0003,True,cuda,0.99,"[200, 200, 200, 200]",/home/ubuntu/yi/offlinerl/OfflineRL/offlinerl_tmp/.aim/dynamics_model/e716a18f71204bee90768b07/dynamics_model.pt,,"[2.5e-05, 5e-05, 7.5e-05, 7.5e-05, 0.0001]",10,Pipeline-combo,"[256, 256, 256]",5,10.0,True,0.01,,5,1000,False,5,False,10,[52],256,False,0.5,mix,50000.0,1000,7,0.005,1000,,low,99,Pipeline,1.0,True,256,7,0.001,,True,5,False,10,0.2,False,5,5.0,mix,7,"[2.5, 3.5, 5]","[1, 5]","['model', 'mix']",combo,/home/ubuntu/yi/offlinerl/OfflineRL/offlinerl_tmp/.aim/dynamics_model/e716a18f71204bee90768b07/dynamics_model.pt,Pipeline-combo,7,Pipeline,Pipeline-combo,combo,Pipeline,/home/ubuntu/yi/offlinerl/OfflineRL/offlinerl_tmp/.aim/dynamics_model/e716a18f71204bee90768b07/dynamics_model.pt,7,discrete,"[1000000.0, 2000000.0]",discrete,"[1, 2, 5]",continuous,"[0.1, 10]",discrete,"[True, False]",discrete,"[0.05, 0.1, 0.2]"
e68f9_00012,-8.963542111396789,296.028532589765,1000.0,0.0,122.55477905273438,-5.223182678222656,-6.237936973571777,-17.966766357421875,-17.540802001953125,-121.16043090820312,-120.71178436279297,0.0318368598818779,1.26577627658844,-0.13507026433944702,0.2356855273246765,/home/ubuntu/yi/offlinerl/OfflineRL/offlinerl_tmp/.aim/models/4da93103e8b848538ff6bcd7/policy.pt,1717443135,,True,1,2024-06-04_03-32-15,22434.662504911423,22434.662504911423,173294,common-hetb2bsr,10.244.5.14,22434.662504911423,1,"12_cql_weight=2.5000,horizon=1,rho_s=model,seed=42",,[1],0.0001,combo,0.0001,0.2,0.0003,2.5,0.0003,True,cuda,0.99,"[200, 200, 200, 200]",/home/ubuntu/yi/offlinerl/OfflineRL/offlinerl_tmp/.aim/dynamics_model/e716a18f71204bee90768b07/dynamics_model.pt,,"[2.5e-05, 5e-05, 7.5e-05, 7.5e-05, 0.0001]",10,Pipeline-combo,"[256, 256, 256]",1,10.0,True,0.01,,5,1000,False,5,False,10,[52],256,False,0.5,model,50000.0,1000,42,0.005,1000,,low,99,Pipeline,1.0,True,256,7,0.001,,True,5,False,10,0.2,False,1,2.5,model,42,"[2.5, 3.5, 5]","[1, 5]","['model', 'mix']",combo,/home/ubuntu/yi/offlinerl/OfflineRL/offlinerl_tmp/.aim/dynamics_model/e716a18f71204bee90768b07/dynamics_model.pt,Pipeline-combo,42,Pipeline,Pipeline-combo,combo,Pipeline,/home/ubuntu/yi/offlinerl/OfflineRL/offlinerl_tmp/.aim/dynamics_model/e716a18f71204bee90768b07/dynamics_model.pt,42,discrete,"[1000000.0, 2000000.0]",discrete,"[1, 2, 5]",continuous,"[0.1, 10]",discrete,"[True, False]",discrete,"[0.05, 0.1, 0.2]"
e68f9_00013,311.1174010949135,234.01249695602576,1000.0,0.0,118.23419952392578,1.170572280883789,1.9022789001464844,-15.91705322265625,-15.492584228515625,-116.30055236816406,-116.84138488769531,0.03930654749274254,1.344315767288208,-0.1328495889902115,0.2958851754665375,/home/ubuntu/yi/offlinerl/OfflineRL/offlinerl_tmp/.aim/models/6b0eb3754c38413493a6e161/policy.pt,1717442999,,True,1,2024-06-04_03-29-59,22181.772669553757,22181.772669553757,173650,common-hetb2bsr,10.244.5.14,22181.772669553757,1,"13_cql_weight=3.5000,horizon=1,rho_s=model,seed=42",,[1],0.0001,combo,0.0001,0.2,0.0003,3.5,0.0003,True,cuda,0.99,"[200, 200, 200, 200]",/home/ubuntu/yi/offlinerl/OfflineRL/offlinerl_tmp/.aim/dynamics_model/e716a18f71204bee90768b07/dynamics_model.pt,,"[2.5e-05, 5e-05, 7.5e-05, 7.5e-05, 0.0001]",10,Pipeline-combo,"[256, 256, 256]",1,10.0,True,0.01,,5,1000,False,5,False,10,[52],256,False,0.5,model,50000.0,1000,42,0.005,1000,,low,99,Pipeline,1.0,True,256,7,0.001,,True,5,False,10,0.2,False,1,3.5,model,42,"[2.5, 3.5, 5]","[1, 5]","['model', 'mix']",combo,/home/ubuntu/yi/offlinerl/OfflineRL/offlinerl_tmp/.aim/dynamics_model/e716a18f71204bee90768b07/dynamics_model.pt,Pipeline-combo,42,Pipeline,Pipeline-combo,combo,Pipeline,/home/ubuntu/yi/offlinerl/OfflineRL/offlinerl_tmp/.aim/dynamics_model/e716a18f71204bee90768b07/dynamics_model.pt,42,discrete,"[1000000.0, 2000000.0]",discrete,"[1, 2, 5]",continuous,"[0.1, 10]",discrete,"[True, False]",discrete,"[0.05, 0.1, 0.2]"
e68f9_00014,339.6383424386978,188.6417510541965,1000.0,0.0,215.30648803710938,-17.18710708618164,-19.867752075195312,-63.92315673828125,-67.0233154296875,-212.47752380371094,-212.3106231689453,-0.11387424916028976,1.8143430948257446,0.1911555677652359,0.5957234501838684,/home/ubuntu/yi/offlinerl/OfflineRL/offlinerl_tmp/.aim/models/77818499e09043efa8ae3b22/policy.pt,1717442982,,True,1,2024-06-04_03-29-42,22089.602113246918,22089.602113246918,174006,common-hetb2bsr,10.244.5.14,22089.602113246918,1,"14_cql_weight=5,horizon=1,rho_s=model,seed=42",,[1],0.0001,combo,0.0001,0.2,0.0003,5.0,0.0003,True,cuda,0.99,"[200, 200, 200, 200]",/home/ubuntu/yi/offlinerl/OfflineRL/offlinerl_tmp/.aim/dynamics_model/e716a18f71204bee90768b07/dynamics_model.pt,,"[2.5e-05, 5e-05, 7.5e-05, 7.5e-05, 0.0001]",10,Pipeline-combo,"[256, 256, 256]",1,10.0,True,0.01,,5,1000,False,5,False,10,[52],256,False,0.5,model,50000.0,1000,42,0.005,1000,,low,99,Pipeline,1.0,True,256,7,0.001,,True,5,False,10,0.2,False,1,5.0,model,42,"[2.5, 3.5, 5]","[1, 5]","['model', 'mix']",combo,/home/ubuntu/yi/offlinerl/OfflineRL/offlinerl_tmp/.aim/dynamics_model/e716a18f71204bee90768b07/dynamics_model.pt,Pipeline-combo,42,Pipeline,Pipeline-combo,combo,Pipeline,/home/ubuntu/yi/offlinerl/OfflineRL/offlinerl_tmp/.aim/dynamics_model/e716a18f71204bee90768b07/dynamics_model.pt,42,discrete,"[1000000.0, 2000000.0]",discrete,"[1, 2, 5]",continuous,"[0.1, 10]",discrete,"[True, False]",discrete,"[0.05, 0.1, 0.2]"
e68f9_00015,-147.81758265185357,502.8430803852206,1000.0,0.0,242.45553588867188,7.349885940551758,11.786827087402344,-23.4007568359375,-20.61016845703125,-240.16395568847656,-239.23947143554688,0.046821825206279755,1.7678736448287964,-0.082171730697155,0.5697775483131409,/home/ubuntu/yi/offlinerl/OfflineRL/offlinerl_tmp/.aim/models/c8819877d2d249a5a296bc50/policy.pt,1717449524,,True,1,2024-06-04_05-18-44,24378.906556606293,24378.906556606293,175057,common-hetb2bsr,10.244.5.14,24378.906556606293,1,"15_cql_weight=2.5000,horizon=5,rho_s=model,seed=42",,[1],0.0001,combo,0.0001,0.2,0.0003,2.5,0.0003,True,cuda,0.99,"[200, 200, 200, 200]",/home/ubuntu/yi/offlinerl/OfflineRL/offlinerl_tmp/.aim/dynamics_model/e716a18f71204bee90768b07/dynamics_model.pt,,"[2.5e-05, 5e-05, 7.5e-05, 7.5e-05, 0.0001]",10,Pipeline-combo,"[256, 256, 256]",5,10.0,True,0.01,,5,1000,False,5,False,10,[52],256,False,0.5,model,50000.0,1000,42,0.005,1000,,low,99,Pipeline,1.0,True,256,7,0.001,,True,5,False,10,0.2,False,5,2.5,model,42,"[2.5, 3.5, 5]","[1, 5]","['model', 'mix']",combo,/home/ubuntu/yi/offlinerl/OfflineRL/offlinerl_tmp/.aim/dynamics_model/e716a18f71204bee90768b07/dynamics_model.pt,Pipeline-combo,42,Pipeline,Pipeline-combo,combo,Pipeline,/home/ubuntu/yi/offlinerl/OfflineRL/offlinerl_tmp/.aim/dynamics_model/e716a18f71204bee90768b07/dynamics_model.pt,42,discrete,"[1000000.0, 2000000.0]",discrete,"[1, 2, 5]",continuous,"[0.1, 10]",discrete,"[True, False]",discrete,"[0.05, 0.1, 0.2]"
e68f9_00016,88.31077213454246,245.99874303068208,1000.0,0.0,393.71893310546875,29.15435028076172,39.515098571777344,-53.313720703125,-49.4998779296875,-387.8402404785156,-388.409423828125,0.09918877482414246,3.663182258605957,-0.07639617472887039,1.2983322143554688,/home/ubuntu/yi/offlinerl/OfflineRL/offlinerl_tmp/.aim/models/2837bec08e5f44d3b11409cb/policy.pt,1717449686,,True,1,2024-06-04_05-21-26,24331.266445159912,24331.266445159912,175741,common-hetb2bsr,10.244.5.14,24331.266445159912,1,"16_cql_weight=3.5000,horizon=5,rho_s=model,seed=42",,[1],0.0001,combo,0.0001,0.2,0.0003,3.5,0.0003,True,cuda,0.99,"[200, 200, 200, 200]",/home/ubuntu/yi/offlinerl/OfflineRL/offlinerl_tmp/.aim/dynamics_model/e716a18f71204bee90768b07/dynamics_model.pt,,"[2.5e-05, 5e-05, 7.5e-05, 7.5e-05, 0.0001]",10,Pipeline-combo,"[256, 256, 256]",5,10.0,True,0.01,,5,1000,False,5,False,10,[52],256,False,0.5,model,50000.0,1000,42,0.005,1000,,low,99,Pipeline,1.0,True,256,7,0.001,,True,5,False,10,0.2,False,5,3.5,model,42,"[2.5, 3.5, 5]","[1, 5]","['model', 'mix']",combo,/home/ubuntu/yi/offlinerl/OfflineRL/offlinerl_tmp/.aim/dynamics_model/e716a18f71204bee90768b07/dynamics_model.pt,Pipeline-combo,42,Pipeline,Pipeline-combo,combo,Pipeline,/home/ubuntu/yi/offlinerl/OfflineRL/offlinerl_tmp/.aim/dynamics_model/e716a18f71204bee90768b07/dynamics_model.pt,42,discrete,"[1000000.0, 2000000.0]",discrete,"[1, 2, 5]",continuous,"[0.1, 10]",discrete,"[True, False]",discrete,"[0.05, 0.1, 0.2]"
e68f9_00017,279.8561408299208,264.5365445288164,1000.0,0.0,563.7681884765625,94.53884887695312,99.14558410644531,-85.124267578125,-84.5634765625,-556.4638061523438,-557.8809814453125,-0.041038647294044495,3.577116012573242,0.032199062407016754,1.2745568752288818,/home/ubuntu/yi/offlinerl/OfflineRL/offlinerl_tmp/.aim/models/55f7a4d9c07a4ac9aae53413/policy.pt,1717450003,,True,1,2024-06-04_05-26-43,24615.185826539993,24615.185826539993,176081,common-hetb2bsr,10.244.5.14,24615.185826539993,1,"17_cql_weight=5,horizon=5,rho_s=model,seed=42",,[1],0.0001,combo,0.0001,0.2,0.0003,5.0,0.0003,True,cuda,0.99,"[200, 200, 200, 200]",/home/ubuntu/yi/offlinerl/OfflineRL/offlinerl_tmp/.aim/dynamics_model/e716a18f71204bee90768b07/dynamics_model.pt,,"[2.5e-05, 5e-05, 7.5e-05, 7.5e-05, 0.0001]",10,Pipeline-combo,"[256, 256, 256]",5,10.0,True,0.01,,5,1000,False,5,False,10,[52],256,False,0.5,model,50000.0,1000,42,0.005,1000,,low,99,Pipeline,1.0,True,256,7,0.001,,True,5,False,10,0.2,False,5,5.0,model,42,"[2.5, 3.5, 5]","[1, 5]","['model', 'mix']",combo,/home/ubuntu/yi/offlinerl/OfflineRL/offlinerl_tmp/.aim/dynamics_model/e716a18f71204bee90768b07/dynamics_model.pt,Pipeline-combo,42,Pipeline,Pipeline-combo,combo,Pipeline,/home/ubuntu/yi/offlinerl/OfflineRL/offlinerl_tmp/.aim/dynamics_model/e716a18f71204bee90768b07/dynamics_model.pt,42,discrete,"[1000000.0, 2000000.0]",discrete,"[1, 2, 5]",continuous,"[0.1, 10]",discrete,"[True, False]",discrete,"[0.05, 0.1, 0.2]"
e68f9_00018,-128.69578718924524,272.4398399942434,1000.0,0.0,136.1934051513672,0.8605270385742188,0.9523029327392578,-11.493194580078125,-12.12347412109375,-133.96456909179688,-134.89218139648438,0.005117345601320267,1.1953903436660767,-0.028669673949480057,0.1784728616476059,/home/ubuntu/yi/offlinerl/OfflineRL/offlinerl_tmp/.aim/models/2d24b86456254dee9521607e/policy.pt,1717465807,,True,1,2024-06-04_09-50-07,22821.57852602005,22821.57852602005,181204,common-hetb2bsr,10.244.5.14,22821.57852602005,1,"18_cql_weight=2.5000,horizon=1,rho_s=mix,seed=42",,[1],0.0001,combo,0.0001,0.2,0.0003,2.5,0.0003,True,cuda,0.99,"[200, 200, 200, 200]",/home/ubuntu/yi/offlinerl/OfflineRL/offlinerl_tmp/.aim/dynamics_model/e716a18f71204bee90768b07/dynamics_model.pt,,"[2.5e-05, 5e-05, 7.5e-05, 7.5e-05, 0.0001]",10,Pipeline-combo,"[256, 256, 256]",1,10.0,True,0.01,,5,1000,False,5,False,10,[52],256,False,0.5,mix,50000.0,1000,42,0.005,1000,,low,99,Pipeline,1.0,True,256,7,0.001,,True,5,False,10,0.2,False,1,2.5,mix,42,"[2.5, 3.5, 5]","[1, 5]","['model', 'mix']",combo,/home/ubuntu/yi/offlinerl/OfflineRL/offlinerl_tmp/.aim/dynamics_model/e716a18f71204bee90768b07/dynamics_model.pt,Pipeline-combo,42,Pipeline,Pipeline-combo,combo,Pipeline,/home/ubuntu/yi/offlinerl/OfflineRL/offlinerl_tmp/.aim/dynamics_model/e716a18f71204bee90768b07/dynamics_model.pt,42,discrete,"[1000000.0, 2000000.0]",discrete,"[1, 2, 5]",continuous,"[0.1, 10]",discrete,"[True, False]",discrete,"[0.05, 0.1, 0.2]"
e68f9_00019,327.1342301889658,190.13157538545414,1000.0,0.0,143.06045532226562,5.057075500488281,5.237617492675781,-20.08404541015625,-21.89764404296875,-141.0092315673828,-140.6067352294922,-0.08160854876041412,1.4683154821395874,0.21247142553329468,0.3841157555580139,/home/ubuntu/yi/offlinerl/OfflineRL/offlinerl_tmp/.aim/models/6eb3ae39eb7241be84259bf3/policy.pt,1717465701,,True,1,2024-06-04_09-48-21,22696.741731882095,22696.741731882095,181456,common-hetb2bsr,10.244.5.14,22696.741731882095,1,"19_cql_weight=3.5000,horizon=1,rho_s=mix,seed=42",,[1],0.0001,combo,0.0001,0.2,0.0003,3.5,0.0003,True,cuda,0.99,"[200, 200, 200, 200]",/home/ubuntu/yi/offlinerl/OfflineRL/offlinerl_tmp/.aim/dynamics_model/e716a18f71204bee90768b07/dynamics_model.pt,,"[2.5e-05, 5e-05, 7.5e-05, 7.5e-05, 0.0001]",10,Pipeline-combo,"[256, 256, 256]",1,10.0,True,0.01,,5,1000,False,5,False,10,[52],256,False,0.5,mix,50000.0,1000,42,0.005,1000,,low,99,Pipeline,1.0,True,256,7,0.001,,True,5,False,10,0.2,False,1,3.5,mix,42,"[2.5, 3.5, 5]","[1, 5]","['model', 'mix']",combo,/home/ubuntu/yi/offlinerl/OfflineRL/offlinerl_tmp/.aim/dynamics_model/e716a18f71204bee90768b07/dynamics_model.pt,Pipeline-combo,42,Pipeline,Pipeline-combo,combo,Pipeline,/home/ubuntu/yi/offlinerl/OfflineRL/offlinerl_tmp/.aim/dynamics_model/e716a18f71204bee90768b07/dynamics_model.pt,42,discrete,"[1000000.0, 2000000.0]",discrete,"[1, 2, 5]",continuous,"[0.1, 10]",discrete,"[True, False]",discrete,"[0.05, 0.1, 0.2]"
e68f9_00020,168.51914856898784,221.47584842349474,1000.0,0.0,228.024658203125,18.62314224243164,19.32406234741211,-17.0887451171875,-14.254150390625,-226.10845947265625,-226.10928344726562,0.010209625586867332,1.2558276653289795,-0.04482651874423027,0.2277948260307312,/home/ubuntu/yi/offlinerl/OfflineRL/offlinerl_tmp/.aim/models/a349378743434d3bbc1f92b3/policy.pt,1717465827,,True,1,2024-06-04_09-50-27,22688.771894693375,22688.771894693375,181813,common-hetb2bsr,10.244.5.14,22688.771894693375,1,"20_cql_weight=5,horizon=1,rho_s=mix,seed=42",,[1],0.0001,combo,0.0001,0.2,0.0003,5.0,0.0003,True,cuda,0.99,"[200, 200, 200, 200]",/home/ubuntu/yi/offlinerl/OfflineRL/offlinerl_tmp/.aim/dynamics_model/e716a18f71204bee90768b07/dynamics_model.pt,,"[2.5e-05, 5e-05, 7.5e-05, 7.5e-05, 0.0001]",10,Pipeline-combo,"[256, 256, 256]",1,10.0,True,0.01,,5,1000,False,5,False,10,[52],256,False,0.5,mix,50000.0,1000,42,0.005,1000,,low,99,Pipeline,1.0,True,256,7,0.001,,True,5,False,10,0.2,False,1,5.0,mix,42,"[2.5, 3.5, 5]","[1, 5]","['model', 'mix']",combo,/home/ubuntu/yi/offlinerl/OfflineRL/offlinerl_tmp/.aim/dynamics_model/e716a18f71204bee90768b07/dynamics_model.pt,Pipeline-combo,42,Pipeline,Pipeline-combo,combo,Pipeline,/home/ubuntu/yi/offlinerl/OfflineRL/offlinerl_tmp/.aim/dynamics_model/e716a18f71204bee90768b07/dynamics_model.pt,42,discrete,"[1000000.0, 2000000.0]",discrete,"[1, 2, 5]",continuous,"[0.1, 10]",discrete,"[True, False]",discrete,"[0.05, 0.1, 0.2]"
e68f9_00021,-233.58939976656436,417.5558092005945,1000.0,0.0,133.28797912597656,60.901878356933594,59.910484313964844,-10.9639892578125,-10.48828125,-131.437255859375,-131.72425842285156,-0.0009733992628753185,1.1764850616455078,0.005988650023937225,0.16253119707107544,/home/ubuntu/yi/offlinerl/OfflineRL/offlinerl_tmp/.aim/models/69ece6b106414e5ca8bb1c63/policy.pt,1717474340,,True,1,2024-06-04_12-12-20,24812.705320596695,24812.705320596695,183528,common-hetb2bsr,10.244.5.14,24812.705320596695,1,"21_cql_weight=2.5000,horizon=5,rho_s=mix,seed=42",,[1],0.0001,combo,0.0001,0.2,0.0003,2.5,0.0003,True,cuda,0.99,"[200, 200, 200, 200]",/home/ubuntu/yi/offlinerl/OfflineRL/offlinerl_tmp/.aim/dynamics_model/e716a18f71204bee90768b07/dynamics_model.pt,,"[2.5e-05, 5e-05, 7.5e-05, 7.5e-05, 0.0001]",10,Pipeline-combo,"[256, 256, 256]",5,10.0,True,0.01,,5,1000,False,5,False,10,[52],256,False,0.5,mix,50000.0,1000,42,0.005,1000,,low,99,Pipeline,1.0,True,256,7,0.001,,True,5,False,10,0.2,False,5,2.5,mix,42,"[2.5, 3.5, 5]","[1, 5]","['model', 'mix']",combo,/home/ubuntu/yi/offlinerl/OfflineRL/offlinerl_tmp/.aim/dynamics_model/e716a18f71204bee90768b07/dynamics_model.pt,Pipeline-combo,42,Pipeline,Pipeline-combo,combo,Pipeline,/home/ubuntu/yi/offlinerl/OfflineRL/offlinerl_tmp/.aim/dynamics_model/e716a18f71204bee90768b07/dynamics_model.pt,42,discrete,"[1000000.0, 2000000.0]",discrete,"[1, 2, 5]",continuous,"[0.1, 10]",discrete,"[True, False]",discrete,"[0.05, 0.1, 0.2]"
e68f9_00022,-777.2353143193722,619.2891091515402,1000.0,0.0,184.59913635253906,67.62750244140625,62.32860565185547,-10.5828857421875,-16.627685546875,-181.989013671875,-182.56285095214844,0.009452033787965775,1.3639862537384033,-0.030449379235506058,0.3104114830493927,/home/ubuntu/yi/offlinerl/OfflineRL/offlinerl_tmp/.aim/models/f87689d677fc4d19aef2eb35/policy.pt,1717474723,,True,1,2024-06-04_12-18-43,25032.772441864014,25032.772441864014,183884,common-hetb2bsr,10.244.5.14,25032.772441864014,1,"22_cql_weight=3.5000,horizon=5,rho_s=mix,seed=42",,[1],0.0001,combo,0.0001,0.2,0.0003,3.5,0.0003,True,cuda,0.99,"[200, 200, 200, 200]",/home/ubuntu/yi/offlinerl/OfflineRL/offlinerl_tmp/.aim/dynamics_model/e716a18f71204bee90768b07/dynamics_model.pt,,"[2.5e-05, 5e-05, 7.5e-05, 7.5e-05, 0.0001]",10,Pipeline-combo,"[256, 256, 256]",5,10.0,True,0.01,,5,1000,False,5,False,10,[52],256,False,0.5,mix,50000.0,1000,42,0.005,1000,,low,99,Pipeline,1.0,True,256,7,0.001,,True,5,False,10,0.2,False,5,3.5,mix,42,"[2.5, 3.5, 5]","[1, 5]","['model', 'mix']",combo,/home/ubuntu/yi/offlinerl/OfflineRL/offlinerl_tmp/.aim/dynamics_model/e716a18f71204bee90768b07/dynamics_model.pt,Pipeline-combo,42,Pipeline,Pipeline-combo,combo,Pipeline,/home/ubuntu/yi/offlinerl/OfflineRL/offlinerl_tmp/.aim/dynamics_model/e716a18f71204bee90768b07/dynamics_model.pt,42,discrete,"[1000000.0, 2000000.0]",discrete,"[1, 2, 5]",continuous,"[0.1, 10]",discrete,"[True, False]",discrete,"[0.05, 0.1, 0.2]"
e68f9_00023,-330.70540060567856,366.6667124148053,1000.0,0.0,278.0285339355469,67.41914367675781,76.02832794189453,-30.7896728515625,-19.12548828125,-275.81005859375,-273.8525695800781,0.03133295476436615,1.7203354835510254,-0.057753175497055054,0.5425193309783936,/home/ubuntu/yi/offlinerl/OfflineRL/offlinerl_tmp/.aim/models/1e31df2880cc4a7f9fe75b90/policy.pt,1717474893,,True,1,2024-06-04_12-21-33,24885.639943122864,24885.639943122864,184558,common-hetb2bsr,10.244.5.14,24885.639943122864,1,"23_cql_weight=5,horizon=5,rho_s=mix,seed=42",,[1],0.0001,combo,0.0001,0.2,0.0003,5.0,0.0003,True,cuda,0.99,"[200, 200, 200, 200]",/home/ubuntu/yi/offlinerl/OfflineRL/offlinerl_tmp/.aim/dynamics_model/e716a18f71204bee90768b07/dynamics_model.pt,,"[2.5e-05, 5e-05, 7.5e-05, 7.5e-05, 0.0001]",10,Pipeline-combo,"[256, 256, 256]",5,10.0,True,0.01,,5,1000,False,5,False,10,[52],256,False,0.5,mix,50000.0,1000,42,0.005,1000,,low,99,Pipeline,1.0,True,256,7,0.001,,True,5,False,10,0.2,False,5,5.0,mix,42,"[2.5, 3.5, 5]","[1, 5]","['model', 'mix']",combo,/home/ubuntu/yi/offlinerl/OfflineRL/offlinerl_tmp/.aim/dynamics_model/e716a18f71204bee90768b07/dynamics_model.pt,Pipeline-combo,42,Pipeline,Pipeline-combo,combo,Pipeline,/home/ubuntu/yi/offlinerl/OfflineRL/offlinerl_tmp/.aim/dynamics_model/e716a18f71204bee90768b07/dynamics_model.pt,42,discrete,"[1000000.0, 2000000.0]",discrete,"[1, 2, 5]",continuous,"[0.1, 10]",discrete,"[True, False]",discrete,"[0.05, 0.1, 0.2]"
e68f9_00024,112.52921910703182,292.74890156635627,1000.0,0.0,110.34540557861328,12.75413703918457,10.790056228637695,1.809722900390625,1.71575927734375,-108.21820831298828,-108.45350646972656,-0.03153975307941437,1.3503470420837402,0.10499785095453262,0.30036160349845886,/home/ubuntu/yi/offlinerl/OfflineRL/offlinerl_tmp/.aim/models/99a5e5b8178045edad749192/policy.pt,1717487908,,True,1,2024-06-04_15-58-28,22203.451006174088,22203.451006174088,188921,common-hetb2bsr,10.244.5.14,22203.451006174088,1,"24_cql_weight=2.5000,horizon=1,rho_s=model,seed=210",,[1],0.0001,combo,0.0001,0.2,0.0003,2.5,0.0003,True,cuda,0.99,"[200, 200, 200, 200]",/home/ubuntu/yi/offlinerl/OfflineRL/offlinerl_tmp/.aim/dynamics_model/e716a18f71204bee90768b07/dynamics_model.pt,,"[2.5e-05, 5e-05, 7.5e-05, 7.5e-05, 0.0001]",10,Pipeline-combo,"[256, 256, 256]",1,10.0,True,0.01,,5,1000,False,5,False,10,[52],256,False,0.5,model,50000.0,1000,210,0.005,1000,,low,99,Pipeline,1.0,True,256,7,0.001,,True,5,False,10,0.2,False,1,2.5,model,210,"[2.5, 3.5, 5]","[1, 5]","['model', 'mix']",combo,/home/ubuntu/yi/offlinerl/OfflineRL/offlinerl_tmp/.aim/dynamics_model/e716a18f71204bee90768b07/dynamics_model.pt,Pipeline-combo,210,Pipeline,Pipeline-combo,combo,Pipeline,/home/ubuntu/yi/offlinerl/OfflineRL/offlinerl_tmp/.aim/dynamics_model/e716a18f71204bee90768b07/dynamics_model.pt,210,discrete,"[1000000.0, 2000000.0]",discrete,"[1, 2, 5]",continuous,"[0.1, 10]",discrete,"[True, False]",discrete,"[0.05, 0.1, 0.2]"
e68f9_00025,347.28167677652834,218.37411863278717,1000.0,0.0,158.72975158691406,22.709697723388672,21.885557174682617,8.69610595703125,7.62615966796875,-156.4474639892578,-156.7501678466797,-0.02671472541987896,1.5169661045074463,0.06410424411296844,0.41671237349510193,/home/ubuntu/yi/offlinerl/OfflineRL/offlinerl_tmp/.aim/models/5e48bcd3179c403eb6c37d8f/policy.pt,1717488194,,True,1,2024-06-04_16-03-14,22382.268311023712,22382.268311023712,189383,common-hetb2bsr,10.244.5.14,22382.268311023712,1,"25_cql_weight=3.5000,horizon=1,rho_s=model,seed=210",,[1],0.0001,combo,0.0001,0.2,0.0003,3.5,0.0003,True,cuda,0.99,"[200, 200, 200, 200]",/home/ubuntu/yi/offlinerl/OfflineRL/offlinerl_tmp/.aim/dynamics_model/e716a18f71204bee90768b07/dynamics_model.pt,,"[2.5e-05, 5e-05, 7.5e-05, 7.5e-05, 0.0001]",10,Pipeline-combo,"[256, 256, 256]",1,10.0,True,0.01,,5,1000,False,5,False,10,[52],256,False,0.5,model,50000.0,1000,210,0.005,1000,,low,99,Pipeline,1.0,True,256,7,0.001,,True,5,False,10,0.2,False,1,3.5,model,210,"[2.5, 3.5, 5]","[1, 5]","['model', 'mix']",combo,/home/ubuntu/yi/offlinerl/OfflineRL/offlinerl_tmp/.aim/dynamics_model/e716a18f71204bee90768b07/dynamics_model.pt,Pipeline-combo,210,Pipeline,Pipeline-combo,combo,Pipeline,/home/ubuntu/yi/offlinerl/OfflineRL/offlinerl_tmp/.aim/dynamics_model/e716a18f71204bee90768b07/dynamics_model.pt,210,discrete,"[1000000.0, 2000000.0]",discrete,"[1, 2, 5]",continuous,"[0.1, 10]",discrete,"[True, False]",discrete,"[0.05, 0.1, 0.2]"
e68f9_00026,-59.73671180510521,264.91065565398554,1000.0,0.0,344.8148193359375,73.53140258789062,81.64025115966797,29.4808349609375,32.3858642578125,-341.8558044433594,-342.4491882324219,-0.028030598536133766,1.8457214832305908,0.045736294239759445,0.6128702759742737,/home/ubuntu/yi/offlinerl/OfflineRL/offlinerl_tmp/.aim/models/49ecc666dad441a28d56281e/policy.pt,1717488396,,True,1,2024-06-04_16-06-36,22564.842054367065,22564.842054367065,189634,common-hetb2bsr,10.244.5.14,22564.842054367065,1,"26_cql_weight=5,horizon=1,rho_s=model,seed=210",,[1],0.0001,combo,0.0001,0.2,0.0003,5.0,0.0003,True,cuda,0.99,"[200, 200, 200, 200]",/home/ubuntu/yi/offlinerl/OfflineRL/offlinerl_tmp/.aim/dynamics_model/e716a18f71204bee90768b07/dynamics_model.pt,,"[2.5e-05, 5e-05, 7.5e-05, 7.5e-05, 0.0001]",10,Pipeline-combo,"[256, 256, 256]",1,10.0,True,0.01,,5,1000,False,5,False,10,[52],256,False,0.5,model,50000.0,1000,210,0.005,1000,,low,99,Pipeline,1.0,True,256,7,0.001,,True,5,False,10,0.2,False,1,5.0,model,210,"[2.5, 3.5, 5]","[1, 5]","['model', 'mix']",combo,/home/ubuntu/yi/offlinerl/OfflineRL/offlinerl_tmp/.aim/dynamics_model/e716a18f71204bee90768b07/dynamics_model.pt,Pipeline-combo,210,Pipeline,Pipeline-combo,combo,Pipeline,/home/ubuntu/yi/offlinerl/OfflineRL/offlinerl_tmp/.aim/dynamics_model/e716a18f71204bee90768b07/dynamics_model.pt,210,discrete,"[1000000.0, 2000000.0]",discrete,"[1, 2, 5]",continuous,"[0.1, 10]",discrete,"[True, False]",discrete,"[0.05, 0.1, 0.2]"
e68f9_00027,165.73484582686424,198.07201643702584,1000.0,0.0,244.30116271972656,27.606552124023438,23.456512451171875,-13.87548828125,-17.31011962890625,-241.17367553710938,-241.95358276367188,-0.02354702726006508,1.683367133140564,0.04521011561155319,0.5207960605621338,/home/ubuntu/yi/offlinerl/OfflineRL/offlinerl_tmp/.aim/models/025d2398d51a4d91814ff7b2/policy.pt,1717498878,,True,1,2024-06-04_19-01-18,24534.380606889725,24534.380606889725,192005,common-hetb2bsr,10.244.5.14,24534.380606889725,1,"27_cql_weight=2.5000,horizon=5,rho_s=model,seed=210",,[1],0.0001,combo,0.0001,0.2,0.0003,2.5,0.0003,True,cuda,0.99,"[200, 200, 200, 200]",/home/ubuntu/yi/offlinerl/OfflineRL/offlinerl_tmp/.aim/dynamics_model/e716a18f71204bee90768b07/dynamics_model.pt,,"[2.5e-05, 5e-05, 7.5e-05, 7.5e-05, 0.0001]",10,Pipeline-combo,"[256, 256, 256]",5,10.0,True,0.01,,5,1000,False,5,False,10,[52],256,False,0.5,model,50000.0,1000,210,0.005,1000,,low,99,Pipeline,1.0,True,256,7,0.001,,True,5,False,10,0.2,False,5,2.5,model,210,"[2.5, 3.5, 5]","[1, 5]","['model', 'mix']",combo,/home/ubuntu/yi/offlinerl/OfflineRL/offlinerl_tmp/.aim/dynamics_model/e716a18f71204bee90768b07/dynamics_model.pt,Pipeline-combo,210,Pipeline,Pipeline-combo,combo,Pipeline,/home/ubuntu/yi/offlinerl/OfflineRL/offlinerl_tmp/.aim/dynamics_model/e716a18f71204bee90768b07/dynamics_model.pt,210,discrete,"[1000000.0, 2000000.0]",discrete,"[1, 2, 5]",continuous,"[0.1, 10]",discrete,"[True, False]",discrete,"[0.05, 0.1, 0.2]"
e68f9_00028,27.61507557487488,390.5131778284985,1000.0,0.0,322.80328369140625,42.14635467529297,47.228546142578125,-32.4053955078125,-26.0208740234375,-319.86065673828125,-318.34954833984375,0.002731364220380783,2.3124921321868896,-0.0032580718398094177,0.8383257389068604,/home/ubuntu/yi/offlinerl/OfflineRL/offlinerl_tmp/.aim/models/99c9880bc69f4b25aee2d0d9/policy.pt,1717499199,,True,1,2024-06-04_19-06-39,24473.14378261566,24473.14378261566,192470,common-hetb2bsr,10.244.5.14,24473.14378261566,1,"28_cql_weight=3.5000,horizon=5,rho_s=model,seed=210",,[1],0.0001,combo,0.0001,0.2,0.0003,3.5,0.0003,True,cuda,0.99,"[200, 200, 200, 200]",/home/ubuntu/yi/offlinerl/OfflineRL/offlinerl_tmp/.aim/dynamics_model/e716a18f71204bee90768b07/dynamics_model.pt,,"[2.5e-05, 5e-05, 7.5e-05, 7.5e-05, 0.0001]",10,Pipeline-combo,"[256, 256, 256]",5,10.0,True,0.01,,5,1000,False,5,False,10,[52],256,False,0.5,model,50000.0,1000,210,0.005,1000,,low,99,Pipeline,1.0,True,256,7,0.001,,True,5,False,10,0.2,False,5,3.5,model,210,"[2.5, 3.5, 5]","[1, 5]","['model', 'mix']",combo,/home/ubuntu/yi/offlinerl/OfflineRL/offlinerl_tmp/.aim/dynamics_model/e716a18f71204bee90768b07/dynamics_model.pt,Pipeline-combo,210,Pipeline,Pipeline-combo,combo,Pipeline,/home/ubuntu/yi/offlinerl/OfflineRL/offlinerl_tmp/.aim/dynamics_model/e716a18f71204bee90768b07/dynamics_model.pt,210,discrete,"[1000000.0, 2000000.0]",discrete,"[1, 2, 5]",continuous,"[0.1, 10]",discrete,"[True, False]",discrete,"[0.05, 0.1, 0.2]"
e68f9_00029,243.15034154725075,266.8951625722555,1000.0,0.0,573.8036499023438,199.859130859375,273.0948486328125,-87.27978515625,-79.62158203125,-565.646240234375,-566.7804565429688,-0.10370642691850662,4.44946813583374,0.06947140395641327,1.4927846193313599,/home/ubuntu/yi/offlinerl/OfflineRL/offlinerl_tmp/.aim/models/f439ce38244d48fd90459fdd/policy.pt,1717499462,,True,1,2024-06-04_19-11-02,24564.65758395195,24564.65758395195,192930,common-hetb2bsr,10.244.5.14,24564.65758395195,1,"29_cql_weight=5,horizon=5,rho_s=model,seed=210",,[1],0.0001,combo,0.0001,0.2,0.0003,5.0,0.0003,True,cuda,0.99,"[200, 200, 200, 200]",/home/ubuntu/yi/offlinerl/OfflineRL/offlinerl_tmp/.aim/dynamics_model/e716a18f71204bee90768b07/dynamics_model.pt,,"[2.5e-05, 5e-05, 7.5e-05, 7.5e-05, 0.0001]",10,Pipeline-combo,"[256, 256, 256]",5,10.0,True,0.01,,5,1000,False,5,False,10,[52],256,False,0.5,model,50000.0,1000,210,0.005,1000,,low,99,Pipeline,1.0,True,256,7,0.001,,True,5,False,10,0.2,False,5,5.0,model,210,"[2.5, 3.5, 5]","[1, 5]","['model', 'mix']",combo,/home/ubuntu/yi/offlinerl/OfflineRL/offlinerl_tmp/.aim/dynamics_model/e716a18f71204bee90768b07/dynamics_model.pt,Pipeline-combo,210,Pipeline,Pipeline-combo,combo,Pipeline,/home/ubuntu/yi/offlinerl/OfflineRL/offlinerl_tmp/.aim/dynamics_model/e716a18f71204bee90768b07/dynamics_model.pt,210,discrete,"[1000000.0, 2000000.0]",discrete,"[1, 2, 5]",continuous,"[0.1, 10]",discrete,"[True, False]",discrete,"[0.05, 0.1, 0.2]"
e68f9_00030,-216.99881976985932,265.3886517904555,1000.0,0.0,154.36178588867188,15.926977157592773,15.111692428588867,0.627899169921875,-0.24017333984375,-152.6880340576172,-152.4672088623047,-0.004326662514358759,1.3232702016830444,0.015446547418832779,0.2801060974597931,/home/ubuntu/yi/offlinerl/OfflineRL/offlinerl_tmp/.aim/models/1e5e7f75a176427480ea51c0/policy.pt,1717510535,,True,1,2024-06-04_22-15-35,22622.826961517334,22622.826961517334,196728,common-hetb2bsr,10.244.5.14,22622.826961517334,1,"30_cql_weight=2.5000,horizon=1,rho_s=mix,seed=210",,[1],0.0001,combo,0.0001,0.2,0.0003,2.5,0.0003,True,cuda,0.99,"[200, 200, 200, 200]",/home/ubuntu/yi/offlinerl/OfflineRL/offlinerl_tmp/.aim/dynamics_model/e716a18f71204bee90768b07/dynamics_model.pt,,"[2.5e-05, 5e-05, 7.5e-05, 7.5e-05, 0.0001]",10,Pipeline-combo,"[256, 256, 256]",1,10.0,True,0.01,,5,1000,False,5,False,10,[52],256,False,0.5,mix,50000.0,1000,210,0.005,1000,,low,99,Pipeline,1.0,True,256,7,0.001,,True,5,False,10,0.2,False,1,2.5,mix,210,"[2.5, 3.5, 5]","[1, 5]","['model', 'mix']",combo,/home/ubuntu/yi/offlinerl/OfflineRL/offlinerl_tmp/.aim/dynamics_model/e716a18f71204bee90768b07/dynamics_model.pt,Pipeline-combo,210,Pipeline,Pipeline-combo,combo,Pipeline,/home/ubuntu/yi/offlinerl/OfflineRL/offlinerl_tmp/.aim/dynamics_model/e716a18f71204bee90768b07/dynamics_model.pt,210,discrete,"[1000000.0, 2000000.0]",discrete,"[1, 2, 5]",continuous,"[0.1, 10]",discrete,"[True, False]",discrete,"[0.05, 0.1, 0.2]"
e68f9_00031,103.50209694349766,319.14736162782975,1000.0,0.0,213.81825256347656,22.796669006347656,31.626291275024414,-0.26519775390625,4.1051025390625,-210.79800415039062,-211.34185791015625,-0.043770868331193924,1.7419281005859375,0.07886883616447449,0.5549926161766052,/home/ubuntu/yi/offlinerl/OfflineRL/offlinerl_tmp/.aim/models/39cf1cd9f74b4127a6242035/policy.pt,1717510689,,True,1,2024-06-04_22-18-09,22491.307017326355,22491.307017326355,197087,common-hetb2bsr,10.244.5.14,22491.307017326355,1,"31_cql_weight=3.5000,horizon=1,rho_s=mix,seed=210",,[1],0.0001,combo,0.0001,0.2,0.0003,3.5,0.0003,True,cuda,0.99,"[200, 200, 200, 200]",/home/ubuntu/yi/offlinerl/OfflineRL/offlinerl_tmp/.aim/dynamics_model/e716a18f71204bee90768b07/dynamics_model.pt,,"[2.5e-05, 5e-05, 7.5e-05, 7.5e-05, 0.0001]",10,Pipeline-combo,"[256, 256, 256]",1,10.0,True,0.01,,5,1000,False,5,False,10,[52],256,False,0.5,mix,50000.0,1000,210,0.005,1000,,low,99,Pipeline,1.0,True,256,7,0.001,,True,5,False,10,0.2,False,1,3.5,mix,210,"[2.5, 3.5, 5]","[1, 5]","['model', 'mix']",combo,/home/ubuntu/yi/offlinerl/OfflineRL/offlinerl_tmp/.aim/dynamics_model/e716a18f71204bee90768b07/dynamics_model.pt,Pipeline-combo,210,Pipeline,Pipeline-combo,combo,Pipeline,/home/ubuntu/yi/offlinerl/OfflineRL/offlinerl_tmp/.aim/dynamics_model/e716a18f71204bee90768b07/dynamics_model.pt,210,discrete,"[1000000.0, 2000000.0]",discrete,"[1, 2, 5]",continuous,"[0.1, 10]",discrete,"[True, False]",discrete,"[0.05, 0.1, 0.2]"
e68f9_00032,175.5985182785988,229.2566914263067,1000.0,0.0,137.0133056640625,12.367115020751953,15.557111740112305,-13.774169921875,-11.1181640625,-134.75820922851562,-135.02487182617188,-0.02333388850092888,1.4266129732131958,0.06567512452602386,0.355303019285202,/home/ubuntu/yi/offlinerl/OfflineRL/offlinerl_tmp/.aim/models/af12a8528a6a40b986af0b63/policy.pt,1717510757,,True,1,2024-06-04_22-19-17,22356.351690769196,22356.351690769196,197445,common-hetb2bsr,10.244.5.14,22356.351690769196,1,"32_cql_weight=5,horizon=1,rho_s=mix,seed=210",,[1],0.0001,combo,0.0001,0.2,0.0003,5.0,0.0003,True,cuda,0.99,"[200, 200, 200, 200]",/home/ubuntu/yi/offlinerl/OfflineRL/offlinerl_tmp/.aim/dynamics_model/e716a18f71204bee90768b07/dynamics_model.pt,,"[2.5e-05, 5e-05, 7.5e-05, 7.5e-05, 0.0001]",10,Pipeline-combo,"[256, 256, 256]",1,10.0,True,0.01,,5,1000,False,5,False,10,[52],256,False,0.5,mix,50000.0,1000,210,0.005,1000,,low,99,Pipeline,1.0,True,256,7,0.001,,True,5,False,10,0.2,False,1,5.0,mix,210,"[2.5, 3.5, 5]","[1, 5]","['model', 'mix']",combo,/home/ubuntu/yi/offlinerl/OfflineRL/offlinerl_tmp/.aim/dynamics_model/e716a18f71204bee90768b07/dynamics_model.pt,Pipeline-combo,210,Pipeline,Pipeline-combo,combo,Pipeline,/home/ubuntu/yi/offlinerl/OfflineRL/offlinerl_tmp/.aim/dynamics_model/e716a18f71204bee90768b07/dynamics_model.pt,210,discrete,"[1000000.0, 2000000.0]",discrete,"[1, 2, 5]",continuous,"[0.1, 10]",discrete,"[True, False]",discrete,"[0.05, 0.1, 0.2]"
e68f9_00033,-426.2316351505518,484.9028453430569,1000.0,0.0,124.79127502441406,53.99467468261719,56.097633361816406,-12.401947021484375,-9.081878662109375,-123.28604888916016,-122.56285095214844,0.010849764570593834,1.1382293701171875,-0.08379893004894257,0.12947387993335724,/home/ubuntu/yi/offlinerl/OfflineRL/offlinerl_tmp/.aim/models/dc431d16698b44d9bdc33a01/policy.pt,1717522372,,True,1,2024-06-05_01-32-52,23489.612275838852,23489.612275838852,200472,common-hetb2bsr,10.244.5.14,23489.612275838852,1,"33_cql_weight=2.5000,horizon=5,rho_s=mix,seed=210",,[1],0.0001,combo,0.0001,0.2,0.0003,2.5,0.0003,True,cuda,0.99,"[200, 200, 200, 200]",/home/ubuntu/yi/offlinerl/OfflineRL/offlinerl_tmp/.aim/dynamics_model/e716a18f71204bee90768b07/dynamics_model.pt,,"[2.5e-05, 5e-05, 7.5e-05, 7.5e-05, 0.0001]",10,Pipeline-combo,"[256, 256, 256]",5,10.0,True,0.01,,5,1000,False,5,False,10,[52],256,False,0.5,mix,50000.0,1000,210,0.005,1000,,low,99,Pipeline,1.0,True,256,7,0.001,,True,5,False,10,0.2,False,5,2.5,mix,210,"[2.5, 3.5, 5]","[1, 5]","['model', 'mix']",combo,/home/ubuntu/yi/offlinerl/OfflineRL/offlinerl_tmp/.aim/dynamics_model/e716a18f71204bee90768b07/dynamics_model.pt,Pipeline-combo,210,Pipeline,Pipeline-combo,combo,Pipeline,/home/ubuntu/yi/offlinerl/OfflineRL/offlinerl_tmp/.aim/dynamics_model/e716a18f71204bee90768b07/dynamics_model.pt,210,discrete,"[1000000.0, 2000000.0]",discrete,"[1, 2, 5]",continuous,"[0.1, 10]",discrete,"[True, False]",discrete,"[0.05, 0.1, 0.2]"
e68f9_00034,-508.79678716635703,414.6595114425137,1000.0,0.0,196.88323974609375,106.20023345947266,106.67332458496094,-15.07012939453125,-12.3765869140625,-195.27337646484375,-194.48268127441406,0.028024548664689064,1.3881510496139526,-0.08544869720935822,0.32797273993492126,/home/ubuntu/yi/offlinerl/OfflineRL/offlinerl_tmp/.aim/models/980f8baa3f17439fb320b4c9/policy.pt,1717522550,,True,1,2024-06-05_01-35-50,23346.628027439117,23346.628027439117,200936,common-hetb2bsr,10.244.5.14,23346.628027439117,1,"34_cql_weight=3.5000,horizon=5,rho_s=mix,seed=210",,[1],0.0001,combo,0.0001,0.2,0.0003,3.5,0.0003,True,cuda,0.99,"[200, 200, 200, 200]",/home/ubuntu/yi/offlinerl/OfflineRL/offlinerl_tmp/.aim/dynamics_model/e716a18f71204bee90768b07/dynamics_model.pt,,"[2.5e-05, 5e-05, 7.5e-05, 7.5e-05, 0.0001]",10,Pipeline-combo,"[256, 256, 256]",5,10.0,True,0.01,,5,1000,False,5,False,10,[52],256,False,0.5,mix,50000.0,1000,210,0.005,1000,,low,99,Pipeline,1.0,True,256,7,0.001,,True,5,False,10,0.2,False,5,3.5,mix,210,"[2.5, 3.5, 5]","[1, 5]","['model', 'mix']",combo,/home/ubuntu/yi/offlinerl/OfflineRL/offlinerl_tmp/.aim/dynamics_model/e716a18f71204bee90768b07/dynamics_model.pt,Pipeline-combo,210,Pipeline,Pipeline-combo,combo,Pipeline,/home/ubuntu/yi/offlinerl/OfflineRL/offlinerl_tmp/.aim/dynamics_model/e716a18f71204bee90768b07/dynamics_model.pt,210,discrete,"[1000000.0, 2000000.0]",discrete,"[1, 2, 5]",continuous,"[0.1, 10]",discrete,"[True, False]",discrete,"[0.05, 0.1, 0.2]"
e68f9_00035,-207.9013194886446,559.8890995067077,1000.0,0.0,287.3045654296875,116.06648254394531,116.23979187011719,-22.876220703125,-30.374267578125,-284.3897705078125,-284.99444580078125,0.040892355144023895,1.6323977708816528,-0.08344569057226181,0.49004995822906494,/home/ubuntu/yi/offlinerl/OfflineRL/offlinerl_tmp/.aim/models/22e6c648e9fb4e809b13a932/policy.pt,1717520281,,True,1,2024-06-05_00-58-01,20815.767803907394,20815.767803907394,201502,common-hetb2bsr,10.244.5.14,20815.767803907394,1,"35_cql_weight=5,horizon=5,rho_s=mix,seed=210",,[1],0.0001,combo,0.0001,0.2,0.0003,5.0,0.0003,True,cuda,0.99,"[200, 200, 200, 200]",/home/ubuntu/yi/offlinerl/OfflineRL/offlinerl_tmp/.aim/dynamics_model/e716a18f71204bee90768b07/dynamics_model.pt,,"[2.5e-05, 5e-05, 7.5e-05, 7.5e-05, 0.0001]",10,Pipeline-combo,"[256, 256, 256]",5,10.0,True,0.01,,5,1000,False,5,False,10,[52],256,False,0.5,mix,50000.0,1000,210,0.005,1000,,low,99,Pipeline,1.0,True,256,7,0.001,,True,5,False,10,0.2,False,5,5.0,mix,210,"[2.5, 3.5, 5]","[1, 5]","['model', 'mix']",combo,/home/ubuntu/yi/offlinerl/OfflineRL/offlinerl_tmp/.aim/dynamics_model/e716a18f71204bee90768b07/dynamics_model.pt,Pipeline-combo,210,Pipeline,Pipeline-combo,combo,Pipeline,/home/ubuntu/yi/offlinerl/OfflineRL/offlinerl_tmp/.aim/dynamics_model/e716a18f71204bee90768b07/dynamics_model.pt,210,discrete,"[1000000.0, 2000000.0]",discrete,"[1, 2, 5]",continuous,"[0.1, 10]",discrete,"[True, False]",discrete,"[0.05, 0.1, 0.2]"
